customer_id,first_name,last_name,email,age,state,balance,signup_date
1,Danielle,Johnson,john21@example.net,32,NJ,37077.52,2025-05-03
2,Amy,Garza,johnsonjeffery@example.net,49,MA,6976.9,2024-08-22
3,Anna,Baldwin,lrobinson@example.com,31,IL,4346.94,2025-09-05
4,Adam,Shaffer,jpeterson@example.org,72,NJ,1489.86,2026-06-02
5,Matthew,Davis,howardmaurice@example.com,45,MA,25267.76,2025-09-01
6,Jessica,Herrera,smiller@example.net,21,IL,9941.88,2024-09-22
7,Michelle,Ray,williamsjeremy@example.com,71,MA,22460.45,2026-07-23
8,Melissa,Delacruz,oramirez@example.com,53,NJ,37940.37,2022-06-12
9,Michael,Santiago,lynchgeorge@example.net,38,TX,17012.53,2022-11-09
10,Steven,Nelson,,37,MA,47860.65,2022-10-11
11,Antonio,Stewart,carl95@example.org,61,NY,4637.29,2024-11-28
12,Randall,Rocha,ithomas@example.org,30,CA,42374.72,2025-05-11
13,Amber,Burgess,zhurst@example.com,51,NJ,36486.59,2022-09-23
14,Whitney,Hicks,camposmichelle@example.org,33,TX,3940.01,2024-10-08
15,Laura,Henderson,cruzcaitlin@example.com,55,WA,44272.59,2024-04-11
16,Tasha,Valencia,frazierdanny@example.net,64,WA,9614.43,2025-05-21
17,Kayla,Peterson,ryan70@example.net,26,NJ,33063.17,2026-01-05
18,Jose,Mason,williamrodriguez@example.net,55,NY,42765.89,2023-02-15
19,Danielle,Lynch,nathanielmartin@example.net,30,TX,13898.68,2026-03-24
20,Carol,Burns,hickmannatasha@example.com,64,PA,18509.05,2022-10-30
21,John,Bradley,millertodd@example.org,44,CT,35091.02,2026-07-10
22,Amanda,Martinez,karroyo@example.com,250,WA,31748.91,2024-04-09
23,Catherine,Brandt,jenniferross@example.net,49,PA,23113.01,2024-11-18
24,Samuel,Holmes,,52,IL,10980.76,2024-07-28
25,Jerry,Robinson,zimmermanbrian@example.org,59,NJ,11452.4,2026-02-28
26,Michele,Jones,joshuawashington@example.net,22,CA,20058.24,2022-04-17
27,Selena,Duncan,esanchez@example.com,26,MA,45656.81,2022-08-01
28,Collin,Jordan,ujenkins@example.org,58,MA,32771.93,2024-12-31
29,Tracey,Garcia,zchandler@example.org,68,FL,7143.58,2022-11-16
30,James,West,dwhite@example.org,35,MA,37249.45,2026-01-02
31,Charles,Morton,williamsyvette@example.org,51,WA,21421.69,2026-06-24
32,Sara,Allison,richardolson@example.com,69,CA,10966.04,2026-02-22
33,Franklin,Smith,ybaker@example.com,35,IL,24675.79,2023-01-22
34,Heather,Cross,smoore@example.org,24,NY,7642.07,2026-06-23
35,Beth,Daniels,brian97@example.net,38,TX,29820.45,2026-03-25
36,Amanda,Brown,yorkcasey@example.org,67,TX,29794.42,2025-01-03
37,Joe,Wilson,bethwilliams@example.org,77,IL,12570.71,2023-09-23
38,Brandy,Mills,james53@example.com,19,NY,34085.52,2023-08-12
39,Emily,Evans,sarah10@example.com,52,CA,5577.61,2024-09-26
40,Anna,Garcia,williamanderson@example.com,73,PA,22686.19,2026-01-14
41,Natasha,Wood,samueldaniels@example.com,250,IL,38098.11,2024-09-09
42,Vanessa,Valdez,contrerasangela@example.net,82,NY,43525.93,2022-02-24
43,Natalie,Baker,invalid-email,56,IL,30448.51,2024-08-28
44,Jennifer,Harris,,37,CA,38125.54,2024-10-20
45,Maria,Williams,kellie42@example.net,85,NJ,29947.23,2023-11-04
46,Janice,Hoffman,jonesnicole@example.org,80,NJ,5593.39,2024-05-11
47,Mary,Aguilar,,64,CT,11972.62,2026-02-16
48,Laura,Valencia,jason31@example.com,48,WA,47347.47,2025-07-14
49,Nicole,Russell,sarayoung@example.org,28,FL,40801.16,2026-07-07
50,Lisa,Keith,whitesandra@example.com,34,PA,32987.54,2025-08-23
51,Michelle,Cochran,erik16@example.org,39,CT,26383.69,2025-12-04
52,Jeffrey,Velasquez,ybailey@example.org,72,MA,46445.67,2022-09-30
53,Donna,Ross,michelle45@example.net,43,CT,19949.61,2024-03-06
54,Erin,Anthony,sheila14@example.org,65,XX,44980.7,2024-07-14
55,Tonya,Johnson,yreed@example.com,75,NY,12395.28,2023-10-25
56,Tracey,Wilson,jonathanfletcher@example.org,26,CA,1051.71,2024-03-25
57,Lindsay,Mcdaniel,michaeljones@example.net,47,WA,11010.87,2026-03-28
58,Cindy,Alvarado,cortezkevin@example.com,27,NJ,11447.09,2024-12-19
59,Mark,Terry,,22,CA,3542.87,2025-01-07
60,Raven,Gilbert,richard04@example.com,-1,CT,33448.89,2022-09-07
61,Kristi,Lawson,steven73@example.net,45,IL,6615.59,2023-12-31
62,Rachel,Flynn,donnacampbell@example.net,78,MA,39230.97,2024-10-18
63,Matthew,Cardenas,emilywalker@example.org,70,MA,4716.29,2022-05-15
64,Brandon,Riggs,gibsonolivia@example.net,73,CA,21178.93,2022-08-09
65,Heather,Snyder,dylanwatts@example.org,77,NJ,33668.23,2025-07-11
66,Jeffery,Brock,pwilliams@example.org,30,NJ,20131.06,2023-11-30
67,Laurie,Contreras,,61,NY,12432.82,2026-02-03
68,Ronald,Meadows,vmerritt@example.com,42,IL,22430.68,2023-11-19
69,Karen,Larsen,katie87@example.net,72,PA,13927.26,2022-10-30
70,Scott,Reeves,josephflores@example.net,49,XX,22156.54,2022-01-13
71,Edward,Reyes,,30,NJ,32607.24,2023-04-15
72,Steven,Brown,invalid-email,19,NY,46318.35,2026-05-13
73,Andrew,Gilmore,wwoods@example.com,48,PA,20320.7,2025-05-26
74,Melissa,Ashley,vmedina@example.net,79,MA,43232.52,2025-08-19
75,Rachael,Freeman,ryan06@example.com,25,PA,18948.66,2024-12-23
76,Lauren,Ramsey,ncalhoun@example.net,67,CT,46325.9,2021-10-07
77,Phillip,Elliott,millerroy@example.com,76,CT,21150.37,2022-07-17
78,Jorge,Murphy,wmurphy@example.com,80,PA,9494.89,2023-01-09
79,Stephanie,Fisher,ruizkaitlyn@example.org,45,NJ,28959.01,2026-08-19
80,Michael,Santos,websterstefanie@example.org,25,CA,2858.26,2025-10-30
81,Christine,Allen,kcaldwell@example.org,79,IL,45969.36,2023-12-16
82,Jonathan,Wood,stricklandfrank@example.com,85,PA,2843.98,2022-03-04
83,Anthony,Collins,tsanders@example.org,83,NY,42567.13,2022-01-04
84,Hannah,Burton,terrykevin@example.net,26,WA,3398.04,2024-08-19
85,David,Riggs,reedross@example.com,48,TX,5994.33,2021-12-22
86,Deborah,Smith,gshort@example.com,49,WA,29725.96,2026-06-09
87,Cynthia,Poole,ryangross@example.net,28,TX,32868.66,2022-12-25
88,Lindsey,Medina,umarshall@example.net,84,CA,46735.31,2022-12-22
89,Melissa,Rivas,ramirezshannon@example.com,44,CA,11934.3,2024-06-25
90,Elizabeth,Rogers,lrosales@example.com,68,PA,33584.51,2022-09-10
91,Lauren,Peterson,angela83@example.org,56,FL,15808.86,2022-11-02
92,Richard,Peters,hannahbrewer@example.com,27,NJ,22914.28,2023-11-15
93,Andre,Phillips,tholt@example.net,30,NY,26881.72,2024-07-16
94,Thomas,Schmidt,jbarajas@example.com,82,CT,6622.83,2023-05-23
95,Shawn,Parker,davidlee@example.org,62,NY,43963.51,2025-05-07
96,Stephanie,Vaughn,javierwashington@example.net,65,CT,7887.34,2024-07-31
97,Kathleen,Carlson,wallkenneth@example.com,56,WA,49192.67,2022-07-12
98,Alexis,Ferguson,brandon08@example.com,85,NJ,33393.16,2025-02-13
99,David,Oneill,agarcia@example.net,56,NY,46946.5,2023-01-20
100,Timothy,Peterson,,35,CT,5771.43,2025-09-29
101,Richard,Jones,hernandezlisa@example.com,31,IL,7772.4,2022-01-21
102,John,Grant,yobrien@example.net,54,WA,10531.48,2022-10-05
103,Alexandra,Hayes,levans@example.com,61,MA,34374.86,2023-02-27
104,Christine,Lynch,mezajared@example.org,51,IL,24426.59,2022-12-15
105,Christopher,Allen,moorericky@example.net,24,NY,31714.22,2024-08-07
106,Kelly,Hall,jacqueline71@example.net,53,NJ,177.28,2022-10-19
107,Joseph,Moody,ronaldstephens@example.net,34,CT,8079.1,2022-05-18
108,Joseph,Thomas,,74,IL,35283.37,2025-10-02
109,Samantha,Gonzales,invalid-email,19,NY,3762.19,2026-05-07
110,Vincent,Snyder,,37,IL,1801.41,2023-03-30
111,John,Davis,keyemily@example.com,65,WA,27626.25,2024-07-06
112,Kathryn,Thompson,lmoon@example.net,73,PA,2091.44,2023-10-24
113,Lisa,Costa,vbailey@example.com,64,NJ,44946.23,2024-12-25
114,Mia,Rivera,zroberts@example.net,44,MA,33346.67,2021-10-25
115,Christopher,King,,63,IL,44206.74,2025-10-04
116,Aaron,Booth,,70,WA,37473.88,2023-06-10
117,Katherine,Garrett,harrisandrea@example.com,48,PA,48810.3,2023-10-28
118,Helen,Martinez,jennifercollins@example.org,40,TX,1239.32,2024-05-23
119,Christopher,Gay,murraydavid@example.org,60,TX,40111.76,2024-02-15
120,Jennifer,Hicks,robert77@example.org,49,CT,7959.89,2023-12-01
121,Duane,Lee,michellehill@example.com,31,TX,43608.34,2023-05-01
122,Kristin,Adams,campbellkenneth@example.net,78,MA,9978.64,2024-07-13
123,Donna,Grimes,wryan@example.com,76,CA,15259.54,2024-05-23
124,Amy,Gibson,molly39@example.com,47,MA,1183.22,2022-10-19
125,Kimberly,Williams,zthornton@example.com,42,TX,16413.1,2023-07-25
126,Elizabeth,Hoover,tylerjohnson@example.net,26,CT,17557.31,2026-06-17
127,Martin,Garcia,dgarcia@example.org,83,TX,33975.91,2025-03-30
128,Robert,Pena,,60,NJ,5767.09,2023-04-29
129,Heather,Santos,melissa86@example.com,51,PA,29029.49,2024-10-07
130,Paige,Freeman,williamsonjimmy@example.net,51,NJ,5420.13,2026-03-28
131,Wendy,Francis,wgood@example.net,73,CA,36427.25,2025-02-25
132,Craig,Jackson,rebecca05@example.org,58,TX,30310.44,2023-02-05
133,Nicholas,Thomas,yknight@example.org,83,NY,19259.77,2022-06-25
134,Christian,Pitts,tyleraguilar@example.org,42,CT,2219.33,2023-12-09
135,Jonathan,Scott,nolansteven@example.com,73,NJ,25996.02,2025-01-07
136,Eric,Alexander,vanessa46@example.net,43,CA,21564.87,2022-11-18
137,Megan,Gonzalez,gcastaneda@example.org,60,WA,15695.78,2023-07-16
138,Michael,Phillips,andrew64@example.org,33,CT,25356.13,2024-06-17
139,Gina,Garner,lozanojulie@example.com,70,CA,20120.02,2025-07-06
140,Jerry,Pham,danaoliver@example.net,55,IL,6364.39,2025-05-30
141,Katrina,Becker,,71,TX,33865.9,2021-10-30
142,Kristina,Johnson,jessica14@example.com,40,WA,28455.26,2025-05-15
143,Gregory,Anderson,alyssa42@example.com,69,IL,41686.26,2026-03-15
144,Sherry,Coffey,julie51@example.com,56,CT,10509.13,2026-06-13
145,Donald,Levy,zcoffey@example.net,59,FL,22089.3,2023-06-18
146,Krystal,Smith,gibsonemily@example.net,45,IL,23659.31,not-a-date
147,Parker,Little,daniel37@example.org,39,NY,14189.32,2024-09-23
148,Sherry,Murphy,deborahreid@example.com,60,NY,40921.17,2026-03-07
149,Kevin,Ortiz,brandonjohnson@example.com,48,CT,11232.03,2022-03-19
150,Jimmy,Medina,qchavez@example.net,43,PA,1221.27,2025-02-11
151,Amber,Matthews,nicolepena@example.com,49,FL,30563.7,2024-09-16
152,Sheila,Ramirez,,27,FL,20722.05,2022-02-16
153,Gina,Stephens,bruce43@example.org,42,TX,24718.86,2026-05-18
154,Madison,Davis,darleneharper@example.org,49,PA,32802.9,2021-11-19
155,Matthew,Zhang,caseyhubbard@example.org,18,NY,38921.02,2024-07-25
156,Lisa,Hall,kristinacarlson@example.com,46,PA,40205.49,2025-12-04
157,Duane,Anderson,lauren10@example.org,84,FL,2510.92,2021-09-15
158,Kristy,Young,alfred40@example.org,49,NY,22823.09,2025-05-05
159,Alicia,Reese,xwest@example.net,77,IL,49394.62,2024-08-07
160,Shannon,Walker,acostaregina@example.net,58,FL,30632.62,2024-03-28
161,Stephen,Maynard,lutzmelanie@example.com,82,TX,41528.46,2025-01-23
162,Tracy,Browning,lammarc@example.org,75,PA,37182.77,2021-12-17
163,Joshua,Schultz,oscar98@example.com,78,FL,12959.58,2023-11-25
164,Catherine,Garcia,farrelldebra@example.net,49,CT,38290.68,2025-03-27
165,Jason,Hayes,robertwilcox@example.com,84,FL,31337.42,2023-09-18
166,Cody,Simmons,nicholas27@example.org,53,FL,3874.17,2022-02-01
167,Christopher,Reynolds,lisa80@example.net,54,MA,13585.76,2026-06-01
168,Anna,Santiago,qgomez@example.com,58,IL,4028.88,2025-12-22
169,Jennifer,Schmitt,michael98@example.org,37,MA,19151.76,2022-05-28
170,Timothy,Boone,megan51@example.com,37,MA,3211.44,2024-07-02
171,Lindsay,Bruce,lynchdiane@example.net,70,CA,27130.56,2022-12-20
172,Henry,Park,sandra50@example.org,71,NJ,10341.72,2025-12-25
173,Ashley,Morales,joycebonilla@example.org,71,TX,45241.92,2025-05-13
174,Jason,Barnes,eric45@example.net,-1,WA,19019.05,2024-08-12
175,Nicole,Moore,craigjoseph@example.net,18,CA,14930.63,2023-10-02
176,Catherine,Perry,,67,TX,26911.03,2022-03-09
177,Erika,Watkins,brandon69@example.org,46,FL,10971.08,2021-09-02
178,Kevin,Clark,kathrynroberts@example.org,73,FL,1451.24,2021-09-02
179,Julie,Thompson,opatel@example.net,61,TX,36209.07,2024-06-04
180,Elizabeth,Gomez,chensley@example.com,77,PA,49036.1,2021-09-22
181,Samantha,Atkins,tberry@example.net,21,TX,29594.64,2023-09-21
182,Darius,Smith,george97@example.net,21,NY,32137.48,2026-03-26
183,Christopher,Richard,ryanmorales@example.org,35,FL,9086.45,2023-08-12
184,Kyle,Morgan,kimberly18@example.net,51,TX,16367.63,2022-03-15
185,William,Bullock,michael23@example.org,76,CA,16875.03,2022-05-13
186,James,Morrison,thompsonkendra@example.com,66,CT,37600.49,not-a-date
187,Anne,Riley,michelle52@example.com,71,CT,41745.55,2021-12-21
188,Scott,Turner,brittany58@example.org,78,NJ,37451.21,2023-03-09
189,Shannon,Brown,chase19@example.net,24,CA,11211.11,2024-03-02
190,Steven,Spencer,colelisa@example.net,26,NJ,37711.66,2022-07-28
191,Cassidy,Mason,hayeslisa@example.com,49,MA,41961.44,2026-07-18
192,Christopher,Lucas,wrightsamuel@example.com,37,MA,6311.05,2024-04-02
193,Chelsea,Cox,paul59@example.org,32,WA,47387.85,2025-07-30
194,Deborah,Jones,grantpaul@example.com,77,CT,38344.9,2025-04-02
195,Diane,Escobar,,39,WA,30362.37,2026-03-20
196,Kyle,Douglas,tanderson@example.org,32,PA,48236.04,2023-03-07
197,Nicholas,Conner,elizabethcalderon@example.net,31,WA,1283.92,2026-08-14
198,Rita,Davis,bromero@example.com,57,WA,33867.36,2023-03-06
199,Stephanie,Peterson,ilee@example.org,66,TX,47073.53,2022-01-06
200,Megan,Garcia,stanleynancy@example.net,43,NY,29604.89,2022-04-15
201,Nicholas,Martin,jenniferwilliams@example.com,49,NY,34859.65,2025-01-05
202,John,Wallace,karen73@example.net,56,WA,40276.4,2022-10-29
203,Tammy,Mueller,michealvalentine@example.com,23,CA,26637.26,2023-12-10
204,Juan,Reyes,mburch@example.net,65,NY,25298.04,2022-04-28
205,John,Davidson,angela18@example.org,61,NJ,42478.78,2023-01-21
206,Kathryn,Nelson,mariahdavis@example.org,80,NY,21676.17,2025-09-19
207,Nicole,Arias,gbrown@example.com,64,FL,35365.43,2022-10-23
208,Virginia,Brooks,florescory@example.net,73,PA,36689.77,2024-11-18
209,Lacey,Taylor,samantha72@example.net,52,WA,40409.96,2023-12-24
210,Christina,Bullock,scottmary@example.net,79,FL,21778.72,2026-05-02
211,Chelsea,Henderson,,52,CA,42585.66,2023-09-25
212,Laura,Bryant,copelandvincent@example.net,29,CT,44081.56,2021-09-18
213,Zachary,Allen,kellysmith@example.com,49,FL,28492.48,2022-11-01
214,Robert,Beck,millsmichael@example.net,66,CA,1435.0,2024-05-09
215,Kristin,Romero,myerstheodore@example.net,59,PA,24377.5,2023-07-26
216,Nathaniel,Burgess,kristina53@example.net,250,CT,17016.94,2024-12-01
217,Dale,Perkins,dennis58@example.com,53,IL,507.56,2025-09-13
218,Gregory,Maxwell,epollard@example.net,42,NY,12067.8,2022-07-18
219,Dennis,Baldwin,mjohnson@example.org,70,FL,27758.81,2025-08-03
220,Nina,Stewart,zachary87@example.com,48,FL,32295.14,2021-10-24
221,Deborah,Mitchell,glennmartin@example.org,80,FL,39646.64,2025-08-18
222,Samuel,Ross,ykline@example.com,29,CT,11079.82,2026-07-02
223,Tyler,Jimenez,laurie61@example.com,49,CT,33198.0,2024-08-23
224,Lynn,Gardner,invalid-email,65,FL,27673.65,not-a-date
225,Jennifer,Jackson,cbell@example.net,62,TX,49831.57,2025-12-25
226,Michael,Bolton,danielle01@example.net,60,CA,35142.75,2024-10-26
227,Michael,Owen,stephaniethomas@example.net,52,CT,12570.18,2025-01-08
228,Samuel,Martinez,kimberlydiaz@example.com,33,MA,15777.4,2026-05-19
229,Antonio,Hernandez,xrush@example.com,41,MA,10819.23,2025-06-13
230,Audrey,Moreno,redwards@example.org,79,CT,36229.25,2026-06-08
231,Anthony,Lopez,hmcintyre@example.com,130,WA,14149.94,2025-07-04
232,Jane,Lewis,heather73@example.org,30,MA,14812.32,2022-04-23
233,Charles,Thompson,zosborn@example.net,64,PA,15113.38,2026-06-21
234,Valerie,Contreras,invalid-email,34,CT,2275.79,2025-11-21
235,Jennifer,Ho,laurahicks@example.org,24,XX,14606.83,2026-07-23
236,Laura,Young,jjohnson@example.net,34,FL,5129.38,2023-06-24
237,Linda,Arnold,,19,WA,14216.97,2025-03-24
238,Alicia,Hammond,martinezlogan@example.org,79,FL,17035.3,2023-11-19
239,Erin,Cooper,katrinaanderson@example.net,24,CT,47053.18,2026-03-09
240,Brian,Martinez,kevinmartin@example.net,79,NY,41105.78,2022-10-04
241,Stacey,Stone,meghan43@example.net,69,FL,3704.11,2026-06-01
242,Joshua,Weber,shawgary@example.net,24,PA,7459.88,2022-05-27
243,Donna,Le,megan90@example.org,56,NY,49695.91,2022-01-14
244,Stacy,Wise,debra96@example.net,33,IL,38222.17,2024-10-29
245,Tyler,Burton,dawn47@example.org,46,IL,19018.9,2025-08-28
246,Gail,Evans,barkereric@example.com,74,CT,43008.33,2024-01-20
247,James,Lawson,michelle55@example.com,72,CT,28431.47,2022-04-14
248,Mitchell,Hoffman,john14@example.com,25,WA,48005.44,2022-11-14
249,Colin,Roberts,alin@example.org,30,MA,31275.75,2026-06-12
250,Rachel,Li,james27@example.net,51,NY,7852.85,2023-12-19
251,Natasha,Jimenez,landrywilliam@example.org,40,IL,3753.24,2022-09-16
252,Michael,Williams,pharper@example.net,18,TX,22525.19,2023-12-26
253,Amanda,Boone,qanderson@example.net,78,CT,1631.99,2023-06-18
254,Richard,Williams,hudsonjames@example.net,54,CT,35149.38,2023-01-28
255,Paul,Cole,marcia99@example.org,76,NY,34369.25,2022-04-11
256,Colin,Brooks,angela52@example.org,51,WA,33059.15,2024-08-23
257,Richard,Williams,taylormason@example.com,43,TX,5738.82,2024-03-24
258,Eduardo,Barry,markaustin@example.org,46,PA,45420.57,2023-08-06
259,Christina,Kirby,william88@example.com,36,NY,2981.9,2025-03-05
260,Kevin,Cabrera,,57,WA,37447.89,2023-03-04
261,Rachel,Wiggins,carlsonjoseph@example.net,54,FL,6217.68,2025-07-19
262,Kimberly,Lane,silvageorge@example.net,56,TX,47133.81,2025-03-28
263,Kim,James,anthonyvaughan@example.org,82,IL,24689.76,2022-08-02
264,Scott,Barnes,avaughn@example.net,28,WA,1993.04,2025-07-04
265,Samantha,Salas,thorntonapril@example.net,73,CA,30185.68,2023-04-04
266,Eileen,Fox,sue78@example.com,21,NY,11446.22,2024-05-13
267,Erica,Dillon,chelsea33@example.com,20,CT,28812.35,2024-06-03
268,Jeffrey,Dudley,kellie37@example.com,40,FL,25948.19,2024-01-12
269,Ann,Michael,keith98@example.com,74,CT,9074.46,2026-02-10
270,Ralph,Reed,kellyroberts@example.net,73,FL,48452.76,2022-01-10
271,Sandra,Douglas,ilewis@example.com,78,CA,20417.4,2026-04-19
272,Heather,Taylor,johnsantiago@example.net,59,NY,42886.65,2022-10-05
273,Jesse,Garcia,jennifer12@example.org,60,TX,34683.68,2026-06-16
274,Tiffany,Moore,mwoods@example.com,54,TX,40678.3,2023-03-28
275,Debbie,Velez,pearsonjesse@example.net,22,INVALID,4402.99,2025-04-01
276,Sharon,Gentry,robertmonroe@example.org,50,CA,5796.08,2026-08-14
277,Randy,Simpson,nancy04@example.net,69,IL,41246.36,2024-08-24
278,Sarah,Rogers,ihays@example.net,18,IL,-610.61,2024-02-07
279,Sheena,Rosales,znelson@example.org,24,MA,25921.97,2023-04-15
280,Jessica,Wong,alexisrogers@example.com,81,FL,37999.53,2024-06-21
281,Katherine,Thompson,gwilcox@example.com,44,CT,27460.98,2022-01-24
282,Elizabeth,Lopez,thomasboyle@example.org,54,FL,44042.33,2022-12-08
283,Joe,Molina,kevin90@example.com,80,NY,1443.47,2024-11-25
284,Heather,Brown,marshallerik@example.net,48,PA,15537.51,2024-02-23
285,Paula,Padilla,invalid-email,19,IL,20399.53,2022-09-26
286,Susan,Mendoza,madkins@example.com,46,NY,23072.39,2023-09-17
287,Andrea,Ruiz,kathleenbecker@example.net,33,PA,24918.78,2025-12-31
288,Christopher,Griffin,christian91@example.org,55,IL,35270.58,2025-10-11
289,Rebecca,Harris,franklinbond@example.com,71,FL,49012.23,2022-03-19
290,Jamie,Aguilar,nolansean@example.org,49,FL,27563.25,2023-11-25
291,William,Bryant,hansenemily@example.com,67,MA,46093.41,2025-04-01
292,Randy,Velasquez,bethwilliams@example.com,83,PA,43201.35,2025-02-18
293,Amber,Brown,andersenthomas@example.com,53,TX,16993.76,2023-09-04
294,Kayla,Cannon,ybrooks@example.com,82,CT,41027.47,2025-12-24
295,Rebecca,Bennett,desireebailey@example.org,54,CT,41873.8,2026-08-06
296,Phillip,Anderson,maryavila@example.com,-10,PA,22327.37,2023-12-12
297,Jennifer,Coleman,pmorrow@example.com,79,CA,16622.0,2023-05-13
298,Joshua,Pineda,,66,FL,46642.61,2025-06-18
299,Nicole,Smith,carloswheeler@example.com,42,MA,28589.88,2024-08-15
300,Jacqueline,Williams,moralesjimmy@example.org,47,TX,2182.36,2025-05-28
301,Kimberly,Taylor,,78,TX,19303.94,2024-08-15
302,Emily,Flores,nancy83@example.com,37,FL,48241.22,2023-02-19
303,Bruce,Fry,conniesimmons@example.com,34,IL,48267.68,2021-11-12
304,Maxwell,Schneider,ufloyd@example.net,60,NY,43709.52,2023-09-18
305,Edward,Bennett,oallen@example.com,74,NY,26297.55,2025-12-02
306,Drew,Ford,harttammy@example.net,76,NJ,36122.19,2024-04-13
307,Paul,Scott,,70,PA,3741.41,2024-04-23
308,Maria,Williams,mnunez@example.org,51,CA,31162.97,2026-01-01
309,Jacob,Gill,timothybooth@example.com,68,NY,42588.26,2023-02-23
310,Regina,Lewis,,66,CA,31339.96,2026-03-16
311,Heather,Padilla,jherman@example.com,80,IL,1794.95,2025-07-05
312,Oscar,Ferguson,kyle58@example.com,26,MA,31558.05,2023-12-18
313,Leah,Bowen,robin55@example.com,54,MA,37338.32,2021-11-10
314,Michelle,Figueroa,greensarah@example.net,73,NY,38018.48,2025-03-26
315,Kenneth,Gonzalez,noahwhitaker@example.com,30,FL,8318.24,2024-05-21
316,Sherry,Morgan,plevy@example.net,56,NJ,2299.55,2024-02-01
317,Gary,Norton,donaldpayne@example.org,25,CT,17923.17,2026-03-21
318,Amber,May,warrenmary@example.org,73,PA,12209.87,2026-05-11
319,Elizabeth,Duran,otaylor@example.org,250,WA,34090.02,2021-12-21
320,Edward,Robinson,,41,PA,8753.47,2024-12-19
321,Christina,Webb,ismith@example.net,66,WA,34156.73,2023-09-09
322,Alvin,Bowen,andre62@example.org,81,WA,7155.89,2026-03-23
323,Alice,Allen,lisa46@example.org,77,CT,22978.52,2023-07-01
324,Richard,Cunningham,kevinclayton@example.org,-10,FL,45060.47,2024-11-25
325,Michele,Malone,sullivannicholas@example.com,38,NY,22086.49,2021-11-29
326,Albert,Jackson,,62,WA,14957.71,2024-06-17
327,Michaela,Davis,hallrachel@example.net,72,CT,22841.79,2026-01-26
328,Thomas,Williams,cohenjuan@example.net,56,MA,49968.68,2024-06-13
329,Antonio,Mcfarland,alexis39@example.org,79,NY,11860.29,2025-05-24
330,Jennifer,Sanders,evansanne@example.net,63,WA,14793.62,2025-10-21
331,Paul,Mosley,patrick21@example.net,55,NJ,48897.22,2025-05-11
332,Michael,Davis,marypeterson@example.net,68,CT,404.9,2026-05-29
333,Randy,Ayala,walterskristen@example.com,24,WA,37258.61,2024-02-01
334,Michael,Pugh,llopez@example.net,54,MA,30353.25,2023-07-14
335,Kelsey,Phillips,jennifermiller@example.org,63,MA,31830.89,2023-07-14
336,Kristen,Moore,gstewart@example.org,50,PA,31412.41,2021-08-28
337,Kyle,Ward,curtis12@example.com,23,CT,39430.52,2023-11-17
338,Angela,Russell,davisangela@example.net,22,WA,18243.06,2024-08-15
339,Mark,Cruz,robert18@example.org,34,NY,45481.39,2024-06-28
340,Gavin,James,josephadams@example.org,59,TX,8782.0,2021-12-12
341,Ryan,Fisher,xpatton@example.com,34,IL,43823.03,2026-05-10
342,Jennifer,Simpson,stephentaylor@example.org,64,IL,25089.74,2026-05-18
343,Martin,Oliver,scott69@example.org,52,PA,12848.5,2023-02-18
344,Carrie,Dominguez,zedwards@example.com,79,CT,37327.97,2023-02-02
345,Heather,Henry,markramirez@example.com,61,NY,23416.57,2023-06-16
346,Sarah,Gonzalez,erinpierce@example.net,27,PA,37707.57,2023-12-10
347,Jeanette,Gonzales,marie16@example.net,46,TX,-4120.04,2024-02-17
348,Cynthia,Allen,jennifermccormick@example.org,64,NY,39534.1,2023-11-17
349,Carla,Aguilar,ystephens@example.com,19,CT,26828.62,2025-02-20
350,Lisa,Wheeler,rodriguezjohn@example.net,76,CA,33641.42,2023-05-29
351,Deborah,Williams,vrasmussen@example.com,51,WA,19051.27,2022-02-28
352,Corey,Walker,seanmyers@example.net,65,NY,33741.83,2024-07-29
353,Vincent,Cooper,webbkenneth@example.org,78,NJ,30977.34,2022-03-19
354,Shelia,Thomas,matthew38@example.com,59,WA,11068.36,2023-05-17
355,Connor,Bowen,tflores@example.org,26,FL,45469.38,2025-09-07
356,Darin,Sweeney,byrdfrank@example.net,56,TX,5833.8,2022-11-07
357,Greg,Moore,omullen@example.com,23,NJ,15218.23,2024-10-12
358,Jacob,Sandoval,njohnson@example.org,81,NY,4859.6,2023-11-18
359,Russell,Smith,jamiegoodwin@example.org,35,TX,22682.19,2024-07-08
360,Lauren,Herrera,mark71@example.com,71,WA,37113.45,2024-12-26
361,Tracy,Church,candice96@example.net,37,TX,32746.09,2022-03-15
362,Michael,Ellis,lisamccarthy@example.com,80,WA,20405.79,2026-03-24
363,Brittany,Powers,david41@example.org,53,NJ,34514.03,2023-07-02
364,Donald,Price,baileyhenderson@example.com,45,FL,22234.79,2024-10-23
365,Heather,Brewer,angelaburns@example.org,48,CA,4967.73,2022-07-26
366,Megan,Harvey,stephanie72@example.org,65,IL,45084.81,2025-09-16
367,Tamara,Wagner,fortiz@example.com,63,NJ,19906.98,2025-03-08
368,Scott,Jackson,flynnjeffrey@example.org,42,NY,47450.54,2023-01-03
369,Amanda,Jackson,,76,NY,33138.44,2024-05-19
370,Daniel,Wilson,amber07@example.net,20,NJ,39339.73,2022-09-22
371,Ronald,Fitzgerald,kennethkidd@example.com,49,PA,39348.9,2022-12-12
372,Michelle,Miller,rowejoel@example.net,44,NY,41490.89,2024-07-28
373,Michael,Page,imartin@example.org,44,WA,10797.57,not-a-date
374,Linda,Hudson,candice25@example.net,47,CA,38718.43,2023-02-04
375,Ashley,Farley,taylorkaren@example.com,18,CT,42920.31,2026-03-24
376,Victoria,Camacho,jacquelineanderson@example.org,36,PA,27010.77,not-a-date
377,Maria,Juarez,kburns@example.net,40,NY,33052.88,2022-12-22
378,Robert,Hayes,powellkara@example.net,21,PA,743.02,2026-04-25
379,Miguel,Clements,brandi17@example.net,48,WA,16188.57,2024-12-14
380,Michael,Brown,brobinson@example.org,40,CT,2619.95,2024-02-08
381,Marcus,Campbell,ashleewashington@example.com,71,IL,5682.47,2026-02-07
382,Kathryn,Williams,ksmith@example.com,26,FL,22413.76,2023-12-01
383,Victoria,Patterson,invalid-email,64,IL,29683.3,2022-02-05
384,Michael,Miller,brettgarrett@example.net,75,IL,11077.49,2025-02-16
385,Jim,Rios,smiththomas@example.org,23,IL,15081.52,2024-08-07
386,April,Wallace,dominguezlisa@example.com,21,NJ,49929.34,2025-02-06
387,Tim,Perez,crosscurtis@example.com,69,TX,34304.87,2023-06-21
388,Kevin,Reyes,darlenebyrd@example.org,80,FL,3674.54,2024-04-14
389,Alan,Santos,nbell@example.net,28,CA,30414.87,2025-05-17
390,Samantha,Jensen,fheath@example.org,-10,PA,13750.8,2022-05-01
391,David,Blair,sylvia52@example.org,59,TX,49731.39,2023-01-07
392,Christopher,Tran,kimberly04@example.org,85,CT,22685.77,2024-03-21
393,William,Adkins,debbie37@example.com,73,NY,39654.8,2022-03-12
394,Victor,Wheeler,hatfieldsarah@example.org,32,IL,36042.0,2023-07-26
395,Mary,Fisher,kathrynbest@example.org,45,TX,22577.75,2021-09-18
396,Carlos,Baker,livingstonstacy@example.com,47,TX,16946.58,2024-03-01
397,Courtney,Mason,zhenderson@example.org,76,TX,20799.48,2024-11-01
398,Amanda,Hernandez,collinswilliam@example.org,30,CA,21338.2,2026-07-04
399,Eric,Murphy,,50,CA,47679.63,2021-12-02
400,Christopher,Hamilton,dsalazar@example.com,78,NY,4561.24,2024-12-17
401,Diane,Thompson,zimmermanjacqueline@example.org,28,NY,21593.83,2024-02-11
402,Michael,Holmes,,65,PA,27818.54,2026-01-24
403,Kelsey,Johnson,enelson@example.com,60,NY,20540.43,2025-03-12
404,Barbara,Jones,ddixon@example.com,72,NJ,48419.93,2025-12-06
405,Garrett,Moore,shannonemily@example.org,57,CA,5180.03,2022-10-10
406,William,Williams,sanchezthomas@example.com,82,MA,7736.51,2026-03-27
407,Harold,Horne,tranrobin@example.net,79,MA,42363.74,2024-11-28
408,Jeffrey,Wright,joseph19@example.com,250,IL,18378.05,2022-03-25
409,Emily,Williams,lindajarvis@example.com,53,WA,11307.95,2021-12-22
410,Steven,Campbell,mark87@example.org,72,IL,48727.33,2023-06-24
411,Kelly,Mueller,stevenvargas@example.com,21,WA,46454.21,2026-08-15
412,Kimberly,Oconnor,edwardrandolph@example.org,52,NJ,9020.8,2022-10-18
413,Michael,Franco,tapiaaaron@example.net,57,CA,17551.17,2023-07-07
414,Joann,Parker,alyssaallen@example.com,41,PA,28316.05,2026-06-10
415,Teresa,Thomas,christopher38@example.com,69,NY,7093.73,2025-02-19
416,Nathan,Villegas,carpenterwilliam@example.net,21,NY,37305.59,2025-09-25
417,Charles,Bradley,ibates@example.org,45,TX,-3980.47,2023-02-02
418,Melissa,Howe,vhaynes@example.com,61,PA,18502.65,2023-03-23
419,Joseph,Jones,invalid-email,59,WA,29811.19,2022-05-29
420,Frank,Owens,wmartinez@example.org,24,PA,7870.49,2023-11-22
421,Steven,Phelps,mooregina@example.net,24,NY,13605.14,2025-02-12
422,Billy,Huff,eddie35@example.com,72,FL,-917.61,2024-03-14
423,Erica,Green,anthonysullivan@example.com,-1,CT,10778.45,2024-05-30
424,Andrea,Davis,laradonald@example.org,83,NY,17258.64,2021-12-09
425,Kimberly,Walker,madisonwatson@example.net,32,CT,33910.89,2026-04-27
426,Christopher,Willis,johnsoncaleb@example.net,80,IL,33356.63,2023-11-07
427,David,Stein,david70@example.org,23,MA,19763.17,2026-04-03
428,Ryan,Ramsey,rjohnson@example.com,25,NJ,10221.16,not-a-date
429,Jason,Lopez,sean20@example.net,45,PA,38208.04,2024-09-23
430,John,Phillips,eandrade@example.org,55,CA,5999.22,2022-01-26
431,Patrick,Barnes,crystalpham@example.org,81,TX,8784.74,2026-07-31
432,Kimberly,Howard,kcooper@example.net,66,IL,35183.56,2023-03-29
433,Joseph,Johnson,invalid-email,82,IL,41667.71,not-a-date
434,Victoria,Moreno,terrigarcia@example.net,63,NY,19853.56,2022-11-02
435,Amanda,Moody,gallagherstacie@example.net,23,TX,937.08,2025-11-12
436,Laura,Kelly,gregorywatkins@example.net,27,CA,28787.96,2025-02-13
437,Robin,Johnson,stacey92@example.net,69,TX,14475.76,2026-05-17
438,Mary,Cochran,lweaver@example.com,69,NJ,48309.98,2021-10-27
439,Brian,Guzman,foxaaron@example.net,39,WA,23004.85,2022-08-22
440,David,Love,brian29@example.net,130,NY,21835.59,2026-03-21
441,Kim,Mathis,susan56@example.net,31,MA,21783.83,2022-02-19
442,Kevin,Taylor,jessicakim@example.net,69,IL,3932.35,2026-06-09
443,Debra,Thompson,jeffrey92@example.com,57,CA,11078.6,2023-03-02
444,Haley,Anderson,rushstacy@example.com,39,NY,25524.16,2025-11-20
445,Kelli,Bradley,carriemccall@example.net,32,IL,25497.6,2022-09-26
446,Ariana,Zuniga,markmiller@example.com,62,ZZ,36368.96,2026-07-18
447,Gary,Mcclure,underwoodelizabeth@example.net,36,MA,5140.23,2026-01-24
448,Sean,Baker,heatherbell@example.org,50,MA,8674.95,2025-03-27
449,Brandon,Kim,acosta@example.com,37,NY,8857.31,2026-01-15
450,Michael,Bennett,kkramer@example.net,81,FL,37722.29,2025-06-04
451,Jeremiah,Hayes,,75,WA,32149.59,2022-01-01
452,George,Bennett,paynerachael@example.org,59,CA,7547.87,2023-04-28
453,Tricia,Barry,reynoldsdesiree@example.net,26,FL,22110.4,2026-01-30
454,Eric,Garcia,terriortiz@example.net,56,CT,29570.99,2025-03-30
455,Jessica,Baker,kenneth10@example.com,63,IL,3709.53,2024-06-28
456,Mary,Hernandez,adam14@example.net,77,FL,1880.36,not-a-date
457,Timothy,Davis,georgecarter@example.org,65,CT,3836.55,2024-01-01
458,Darrell,Glover,qburns@example.com,29,WA,29703.99,2022-02-01
459,Amy,Lopez,cwood@example.org,67,FL,29016.47,2022-12-13
460,Steven,Perez,anne21@example.org,23,FL,45452.5,2024-12-21
461,Lindsey,Gutierrez,angelarandall@example.net,42,CA,30250.29,2023-09-22
462,Amanda,Camacho,parmstrong@example.com,82,PA,47886.12,2023-02-16
463,Ralph,Nash,shawrachel@example.net,75,ZZ,40548.34,2025-01-07
464,Christine,Martinez,kthompson@example.org,61,NY,25227.45,2025-09-04
465,David,Henderson,oharris@example.org,40,NJ,12387.19,2025-10-20
466,Jonathan,Bartlett,millerangela@example.net,74,FL,26203.43,2023-04-06
467,Joshua,Ellis,buchanancindy@example.net,38,CA,18642.6,2025-07-17
468,Daniel,Hernandez,buckleyanna@example.org,54,TX,20438.47,2025-07-24
469,Mikayla,Beard,pbaker@example.com,61,WA,2618.28,2024-06-29
470,Thomas,Jackson,mthomas@example.net,60,NY,16484.54,2025-02-06
471,Benjamin,Preston,hannah07@example.com,67,ZZ,12599.79,2026-02-12
472,Andrew,Roth,larry71@example.org,37,CA,4075.1,2022-04-21
473,Terri,Ramos,joseph69@example.net,36,CA,15511.59,2022-01-29
474,Scott,Mcintyre,wfigueroa@example.net,68,PA,29752.06,2025-12-20
475,Lori,Robertson,cameronmckinney@example.com,28,CT,27946.1,2022-04-23
476,Melissa,Suarez,thompsonnancy@example.org,60,PA,33505.82,2025-10-26
477,John,Bryant,janet45@example.com,85,NY,32301.24,2024-02-27
478,Cynthia,Martinez,allentracy@example.com,72,IL,18091.4,2022-07-09
479,Monica,Matthews,invalid-email,64,CT,9013.15,2021-10-08
480,Brandon,Nash,mercedesholland@example.net,45,CA,47383.41,not-a-date
481,Denise,Palmer,wellsdavid@example.org,80,MA,11327.15,2024-08-21
482,Alan,King,jennifer46@example.com,35,PA,3858.25,2025-11-21
483,Stephen,Robinson,erica96@example.net,30,IL,38543.74,2022-02-21
484,William,Bates,anna99@example.com,85,NJ,33096.46,2023-02-15
485,Daniel,Brown,danielle44@example.net,34,WA,18835.99,2025-03-10
486,Patricia,Evans,zacharyallen@example.org,38,PA,41567.25,2025-08-29
487,Leah,Greene,invalid-email,39,FL,2184.62,2022-12-05
488,Robert,Price,aguilarwanda@example.org,64,MA,48479.43,2023-05-07
489,Jennifer,Parks,qknox@example.com,54,FL,11700.15,2024-03-02
490,Megan,Pittman,kellyruiz@example.net,48,CT,48279.83,2022-12-04
491,Lindsey,Hines,staceylam@example.net,78,MA,18392.05,2022-01-29
492,Michael,Garner,robert55@example.com,74,FL,38471.93,2024-07-23
493,Steven,Wilson,delacruzbrandy@example.net,66,IL,26372.99,2021-12-27
494,Pamela,Mason,,38,MA,40062.96,2025-12-27
495,Edward,Gay,robert97@example.org,35,CT,2608.99,not-a-date
496,Jennifer,Maxwell,lcook@example.com,79,INVALID,27727.04,2024-10-21
497,Adam,Hill,barbaramoore@example.org,31,IL,42558.3,2022-04-12
498,Ryan,Jordan,ysanford@example.org,54,NY,38155.84,2021-10-26
499,James,Watson,mcclainkatherine@example.net,52,FL,45265.31,2022-08-02
500,Erica,Sims,jeremywiley@example.com,36,TX,4585.68,2022-04-11
501,Patrick,Chapman,cameronwilliams@example.com,46,FL,44231.49,2023-11-29
502,Abigail,Warren,,21,TX,2662.84,2026-08-12
503,Tracy,Christensen,stacyhull@example.com,82,CA,11788.9,2021-09-22
504,Jeffrey,Mercer,jessicalawrence@example.org,28,CA,11226.94,2022-04-01
505,Jennifer,Conner,qmcdowell@example.net,58,NY,41958.81,2024-09-30
506,Brittney,Williams,valdezandrew@example.net,60,PA,6879.98,2022-03-18
507,Sean,Martinez,thomas23@example.net,54,FL,34803.6,2025-01-22
508,Albert,Fisher,,35,FL,22430.07,not-a-date
509,Robert,Roach,campbellkristen@example.com,18,NY,950.19,2022-08-16
510,James,Baker,michaelortiz@example.org,45,PA,27440.21,2021-10-29
511,Tyler,Clark,arivera@example.org,85,TX,5559.34,2024-12-28
512,Rebecca,Conley,fhernandez@example.net,54,MA,15057.56,2022-01-03
513,Jennifer,Conway,stephenmadden@example.com,24,MA,20991.28,2023-12-15
514,Cory,Thompson,phelpsmichael@example.net,76,NY,5542.89,2023-03-13
515,Joanna,Davis,smithdevon@example.net,81,WA,26802.69,2022-06-26
516,Michael,Kim,natalie15@example.com,83,WA,12096.91,2022-07-19
517,Richard,Rivers,mary76@example.net,36,CT,21461.94,2026-01-23
518,Garrett,Anderson,jarvismegan@example.org,63,MA,28533.19,2023-09-18
519,Brittany,Pham,ywhite@example.com,41,NY,26174.23,2024-09-08
520,Michelle,Hobbs,timothyfreeman@example.com,64,NY,47670.18,2023-11-02
521,Bryan,Pena,busherica@example.net,82,IL,27707.6,2024-07-07
522,Annette,Levine,april91@example.com,67,FL,2176.72,2024-12-09
523,John,Reed,jhernandez@example.net,67,CA,12682.51,2021-11-26
524,Dawn,Moore,kchristian@example.org,20,CA,39426.0,2025-05-22
525,Malik,Rivera,brent38@example.net,62,MA,36647.05,2023-07-11
526,Lisa,Miller,,31,WA,36759.35,2025-11-30
527,Sergio,Wilson,bmcgee@example.org,60,PA,2216.78,2023-08-26
528,Barry,Dunn,connersylvia@example.net,61,PA,41519.18,2023-02-26
529,William,Clark,xclements@example.org,77,FL,31586.79,2025-09-18
530,Megan,Rivera,xmoran@example.net,35,NY,35802.25,2023-11-23
531,Connor,Hopkins,,76,NJ,14672.13,2024-05-15
532,Nathaniel,Rodriguez,travisunderwood@example.net,23,MA,44289.52,2025-03-29
533,Daniel,Carr,davidphelps@example.org,58,CT,25769.18,2023-12-02
534,Kimberly,Love,shermanbrandon@example.net,78,CT,1831.04,2025-10-27
535,Brianna,Barton,lellis@example.net,42,CT,17848.71,2022-04-21
536,Victor,Moreno,tranryan@example.net,24,CA,13660.83,2024-01-18
537,William,Morse,heatherthompson@example.org,65,TX,44474.33,2022-02-24
538,Diane,Obrien,william66@example.net,74,TX,16951.83,2026-03-19
539,Kathryn,Hill,tara72@example.org,41,FL,34603.42,2023-09-12
540,Holly,Goodman,megan85@example.net,65,IL,13336.03,2025-04-26
541,Angela,Robinson,claudiaroberts@example.com,28,TX,3946.35,2026-03-29
542,David,Page,williambenson@example.com,41,IL,14688.32,2025-03-08
543,Kathleen,Hart,icraig@example.com,31,NY,16396.0,2026-01-08
544,Robert,Smith,johnsondustin@example.net,-10,CT,22295.79,2021-11-30
545,Joseph,Floyd,frances20@example.net,72,PA,34488.24,2025-07-22
546,James,Weaver,lisa19@example.net,-10,FL,2117.76,2025-05-01
547,Michelle,Newton,invalid-email,63,WA,49907.53,2023-01-26
548,Elizabeth,House,ybutler@example.net,53,NJ,3752.06,2023-03-13
549,Andrea,Smith,james73@example.net,69,CA,25654.3,2025-02-26
550,Deborah,Fischer,kimberlybrandt@example.com,38,NJ,7138.97,2023-11-16
551,Tonya,Jones,jillwilson@example.org,74,NJ,6311.5,2023-10-10
552,Angela,Anderson,adam72@example.org,48,CA,18107.53,2022-05-26
553,Marcus,Williams,tracy98@example.com,22,WA,7671.91,2021-12-30
554,Jasmine,Fox,abigailhartman@example.org,75,CA,18600.67,2023-09-17
555,Amanda,Davis,nicolealvarado@example.com,27,WA,6884.76,2023-06-09
556,Jeffery,Goodwin,wbarajas@example.net,64,TX,15719.27,2021-09-04
557,Elizabeth,Griffin,susanfleming@example.com,53,MA,48026.0,2023-07-16
558,Laura,Wilson,amber40@example.net,21,PA,24952.2,2025-09-28
559,Nicholas,Lang,stucker@example.net,67,IL,5888.05,2022-08-05
560,Willie,Vaughan,teresaayala@example.net,51,FL,10728.52,2021-09-01
561,Cameron,Santiago,michellecoleman@example.org,54,FL,10008.92,2022-08-29
562,Maria,Johns,elucas@example.net,35,NY,22602.13,2025-01-23
563,Andrew,Love,millerbrian@example.com,74,NY,40525.66,2024-06-03
564,Bailey,Perez,rickey76@example.com,58,CA,35477.02,2023-03-20
565,Perry,Wilson,maychristine@example.net,55,CT,42568.1,2024-07-23
566,Jaclyn,Jones,robertsgina@example.net,40,CA,25437.79,2022-01-24
567,Kathy,Kim,bshort@example.com,33,MA,39603.28,2022-05-31
568,Jeffrey,Francis,susan24@example.net,48,FL,1314.2,2026-01-25
569,Tammy,Camacho,susan08@example.net,65,FL,40183.09,2022-05-04
570,Bobby,Armstrong,fmedina@example.com,34,WA,44212.32,2022-09-06
571,Judith,Swanson,robertbrewer@example.net,26,CT,19908.0,2022-05-06
572,Jack,Jensen,james29@example.org,79,IL,20539.76,2025-11-21
573,Sarah,Gamble,enewman@example.com,70,WA,3687.54,2024-12-28
574,John,Gonzalez,wlynn@example.org,58,NY,22498.72,2024-12-27
575,Jimmy,Mitchell,mcculloughlouis@example.com,84,CA,6416.73,2023-04-10
576,Donna,Steele,arianadiaz@example.com,41,XX,21630.91,2026-06-05
577,Gary,Edwards,jenniferdavidson@example.com,25,NY,25905.11,2025-10-31
578,Dennis,Quinn,wford@example.com,56,PA,8098.35,2024-01-25
579,Daniel,Brewer,wilkinsonmichele@example.org,46,CA,47374.16,2026-02-02
580,James,Gross,invalid-email,84,CT,42296.69,2024-10-15
581,Lisa,Riley,rebeccaarnold@example.net,50,MA,31752.85,2026-02-07
582,Amber,Valdez,michaelwalker@example.net,53,PA,31251.12,2025-04-19
583,Kelly,Marshall,sanderswayne@example.net,29,IL,32049.37,2022-10-29
584,Tamara,Holden,katherinetaylor@example.org,37,PA,32936.64,2022-07-12
585,Stacy,Hopkins,jillwebb@example.com,61,WA,2059.72,2021-10-31
586,Kathleen,Hall,mike03@example.net,21,NY,2273.09,not-a-date
587,Michael,Harrison,ckeith@example.net,51,MA,38347.95,2023-04-03
588,Jane,Boyd,mary49@example.net,71,WA,31949.56,2024-06-25
589,Nicholas,Gray,blacknicholas@example.org,81,IL,14483.58,2024-03-19
590,Michael,Parrish,msparks@example.org,56,XX,12243.9,2024-02-21
591,Don,Martin,robertsonjuan@example.org,69,CT,22677.21,2022-07-26
592,Michael,Love,guerrerorobert@example.com,25,PA,21980.27,2025-03-26
593,Timothy,Mendoza,brittanyholland@example.com,79,FL,10201.15,2021-09-29
594,Bradley,Berry,dennishunt@example.net,36,CA,43074.25,2022-05-14
595,Gabriel,Nielsen,kgreene@example.net,58,CA,48768.71,2021-09-22
596,Jennifer,Stanley,stacey37@example.net,34,CA,25749.01,2026-08-06
597,Michelle,Jackson,yburke@example.net,31,CA,12086.89,2025-09-25
598,Hunter,Keller,gary57@example.net,33,CT,22479.8,2024-08-02
599,Jerry,Cruz,smithalexandra@example.net,36,NY,2530.26,2025-01-20
600,Margaret,Jacobs,thomasmendez@example.org,67,WA,20906.74,2026-01-08
601,Amanda,Goodwin,olsondavid@example.net,38,CA,46687.58,2024-04-30
602,Aaron,Pace,xboyd@example.org,58,MA,38156.07,2025-02-13
603,Roy,Mays,invalid-email,81,IL,23340.76,2024-07-30
604,Judith,Juarez,colemanjonathan@example.org,57,FL,1158.81,2026-03-08
605,Christopher,George,ascott@example.net,68,IL,22861.53,2025-05-08
606,Adrian,Mills,brooksjamie@example.com,48,MA,29167.21,2023-09-04
607,Daniel,Simmons,jose86@example.net,24,NJ,14067.82,2023-06-18
608,Joshua,Becker,robertbowers@example.com,78,CT,26834.54,2022-07-11
609,Angie,Webb,invalid-email,31,TX,6696.75,2022-03-24
610,Jerry,Logan,craigromero@example.com,51,CA,38192.84,2025-08-21
611,Christina,Cohen,martintamara@example.org,64,NJ,20029.08,2025-08-27
612,Madeline,Ruiz,qdavis@example.org,42,CA,27661.15,2023-06-27
613,Chelsea,Ramsey,hmendez@example.com,27,TX,25212.78,2025-03-11
614,Carla,Bautista,daniellegonzales@example.org,53,WA,34019.93,2025-11-19
615,Sarah,Holmes,arthurgreene@example.net,33,PA,48754.14,2025-02-15
616,Christina,Craig,john02@example.org,68,CA,39744.86,2026-08-14
617,Kimberly,Gomez,msullivan@example.net,61,IL,46947.43,2021-09-16
618,Jane,Calhoun,jessica89@example.com,36,MA,30123.15,2023-05-15
619,Lisa,Perez,shawnpowell@example.org,69,IL,2012.75,2022-12-09
620,Richard,Rodriguez,gordonmatthew@example.org,22,PA,35679.59,2025-08-24
621,Sue,Walter,heather69@example.com,78,IL,22849.43,2025-06-25
622,Katherine,Ali,lmaldonado@example.org,83,PA,16398.29,2024-01-16
623,Jonathan,Reyes,ericahall@example.com,58,PA,19647.73,2023-09-11
624,Michael,Nichols,john16@example.net,56,WA,16818.67,2025-05-18
625,Matthew,Spencer,thomasgomez@example.net,83,IL,24492.33,2022-12-23
626,Stacey,Vega,victorgonzalez@example.net,56,FL,40787.44,2022-11-04
627,Joseph,Perez,marykelly@example.org,65,CA,33690.32,2022-03-26
628,Christian,Sosa,,71,WA,15383.89,2026-06-04
629,Melanie,Watson,travis94@example.com,21,WA,23729.51,2022-07-19
630,Kathryn,Dixon,kwalker@example.org,47,NJ,29176.16,2021-11-25
631,Lauren,Mendoza,shawphillip@example.net,39,IL,31451.26,2025-07-06
632,Stephen,Martinez,astewart@example.org,66,PA,41083.06,2025-01-01
633,Nicolas,Garcia,chloe42@example.net,49,NJ,28628.51,2022-12-12
634,Joseph,Mullen,michael76@example.org,-10,MA,946.87,2023-09-23
635,Karen,Diaz,lramirez@example.net,58,TX,7571.56,2022-04-15
636,Barbara,Perez,lelinda@example.net,44,TX,25090.98,2023-10-17
637,Oscar,Thomas,thomassmith@example.com,78,NJ,35288.76,2024-02-17
638,Wendy,Atkinson,kristen44@example.net,84,MA,28044.34,2025-12-04
639,Brandon,Garcia,invalid-email,79,IL,18841.24,2025-10-29
640,Cole,Garner,michael88@example.com,40,FL,45606.21,2023-05-09
641,Robert,Bell,barbarasantos@example.net,61,IL,17714.35,2022-07-03
642,Kimberly,Kelly,champton@example.org,51,WA,24209.01,2023-07-16
643,Justin,Welch,mirandadavidson@example.com,49,CT,27904.33,2023-09-28
644,Cheryl,Sullivan,millermatthew@example.com,46,CT,38558.71,2023-03-20
645,Kelly,Adams,,44,FL,15852.04,2025-05-16
646,Abigail,Cole,ivanjohnson@example.net,62,IL,46685.02,2022-10-21
647,Johnathan,Manning,clarkrandy@example.org,53,CT,6093.71,2021-12-13
648,Natasha,Kelley,wisealexandria@example.org,66,TX,40918.87,2022-02-24
649,Christine,Miller,pparker@example.net,36,CT,2103.32,2023-01-20
650,Courtney,Anderson,anthonyalvarado@example.com,28,CA,46200.48,2025-12-14
651,Tanner,Pitts,amy28@example.org,50,FL,10699.34,2024-08-02
652,Stephen,Curry,omills@example.net,52,IL,34808.57,2023-03-07
653,Michael,Fernandez,ramosmichael@example.com,35,NY,30783.85,2022-05-30
654,Alex,Mills,mauriceharrison@example.org,48,MA,2538.27,2025-01-26
655,Travis,Campos,albert64@example.net,85,MA,31897.23,2022-10-15
656,Adrian,Brooks,bkhan@example.com,24,NY,20665.07,2022-11-18
657,Jennifer,Brewer,fwalker@example.com,78,NY,34059.6,2024-10-04
658,Zachary,Marsh,justin84@example.com,35,NJ,48225.94,2022-07-28
659,Casey,Taylor,walshchristine@example.com,38,TX,32644.64,2025-02-18
660,Travis,Flores,brandonnichols@example.org,78,FL,32526.93,2026-06-30
661,Julian,Martinez,oacosta@example.org,54,CA,14270.77,2022-05-21
662,Tristan,Peterson,,25,NY,-656.57,2025-02-12
663,Anthony,Miller,brianrowe@example.org,47,IL,36934.33,2024-05-07
664,Hunter,Huang,lisa01@example.net,22,PA,20894.25,2022-11-16
665,Kelsey,Ramos,gonzalezjill@example.org,40,NJ,49858.59,2024-03-28
666,Tina,Kennedy,sharon20@example.net,68,FL,9315.58,2026-04-27
667,Abigail,King,james03@example.org,55,NJ,463.36,2022-10-24
668,Ryan,Smith,brenda63@example.org,31,CA,14228.08,2026-06-24
669,Bianca,Vazquez,nathandavis@example.org,85,FL,44463.0,2024-02-18
670,Gina,Morgan,browndeanna@example.net,35,IL,23401.04,2024-04-24
671,Daniel,Freeman,invalid-email,42,NY,16534.2,2022-08-06
672,Hannah,Howard,johnwilliams@example.net,76,CT,35929.91,2023-10-27
673,Kenneth,Terry,ashleystephens@example.com,19,CA,39538.38,2025-04-18
674,Joshua,Guerra,caseymoore@example.com,42,PA,30547.72,2025-09-24
675,Amber,Gibson,bgross@example.net,69,TX,25764.03,2025-12-01
676,Kimberly,Allen,barrettamber@example.com,29,TX,33462.79,2022-07-31
677,Felicia,Cannon,chloemorris@example.net,41,PA,23872.7,2023-03-30
678,Cole,Hopkins,conleydavid@example.org,49,NJ,13039.26,2022-08-23
679,Todd,Garcia,hbarrett@example.net,48,FL,37687.83,2025-02-20
680,Jonathan,Diaz,smithsamantha@example.net,60,INVALID,29123.04,2024-02-02
681,Pamela,Miller,wardjulia@example.com,19,CT,32684.17,2025-09-28
682,Laura,Brown,allison14@example.org,48,NJ,33389.31,2026-05-10
683,Susan,Davis,amandalopez@example.net,77,CT,7985.84,2024-12-01
684,Ashley,Meza,xreese@example.net,82,CT,34514.52,2024-07-07
685,Emily,Park,kandrade@example.org,55,CA,30731.27,2024-05-19
686,William,Sandoval,umahoney@example.net,46,PA,23909.09,2026-08-04
687,Mark,Watson,invalid-email,76,WA,18681.24,2022-11-01
688,Amy,Brooks,michael77@example.com,78,IL,40099.75,2021-08-19
689,Austin,Mitchell,holmesvictoria@example.com,45,MA,34017.1,2021-08-31
690,Tracey,Lewis,andrew48@example.net,28,IL,22337.4,2024-05-31
691,Sara,Moore,stevenseric@example.com,-10,NY,45862.24,2023-06-20
692,Brandi,Hall,christopher69@example.org,32,NJ,41438.7,2025-04-21
693,Jennifer,Mcguire,tracynolan@example.net,82,MA,28635.08,2024-07-06
694,Rebecca,Larson,benjamin96@example.org,37,PA,16405.88,2025-07-14
695,Sandra,Cook,hbutler@example.org,84,FL,5812.0,2025-05-16
696,Melissa,Mcfarland,hbrown@example.org,44,WA,24441.4,2023-03-25
697,Annette,Murphy,ericnunez@example.com,83,FL,40434.6,2026-06-28
698,Karen,Johnston,walkerkeith@example.com,76,PA,25662.39,2022-05-16
699,Matthew,Alvarez,kelleyjose@example.com,76,WA,2886.84,2024-02-21
700,Kim,Anderson,timothygonzalez@example.com,77,CT,36164.0,2024-11-22
701,James,Gilbert,johnadams@example.com,68,CT,40822.66,2023-04-01
702,Sandra,Davis,whenderson@example.org,45,WA,3651.48,2023-03-27
703,Brittney,Johnson,gary59@example.com,72,CA,35019.24,2024-09-30
704,Scott,Glass,,25,NY,49306.86,2025-11-24
705,Daniel,Brown,mistywilkins@example.org,78,NJ,14354.54,2023-05-08
706,Linda,Torres,njohnson@example.net,41,PA,38291.38,2024-04-27
707,James,Mills,ana92@example.net,71,CA,49642.83,2025-02-15
708,Andrew,Aguilar,scottbrian@example.org,66,FL,43481.01,2025-07-30
709,Christine,Brown,invalid-email,66,TX,4012.5,2025-11-22
710,Donna,Lin,carternicole@example.com,35,CA,5931.66,2022-10-15
711,Oscar,Bray,mckeetodd@example.net,68,IL,6367.35,2024-04-16
712,Jacob,Mason,tcastro@example.org,46,NJ,37808.97,2021-10-30
713,Sandra,Torres,klong@example.org,56,FL,33674.99,2023-05-14
714,Michael,Garrett,wendyirwin@example.com,72,IL,18963.82,2025-09-10
715,Connie,Johns,raymondstacy@example.org,47,MA,23031.26,2022-05-23
716,Penny,Sandoval,blairabigail@example.net,37,CT,9424.02,2024-09-10
717,Connie,Perez,ashleysimmons@example.com,32,NJ,40473.91,2026-03-08
718,Mark,Daniels,denisecarpenter@example.net,71,WA,38302.67,2025-08-19
719,Michelle,Parker,russellstout@example.org,20,MA,10304.08,2024-11-29
720,Annette,Moore,grantstacy@example.org,30,WA,1678.81,2022-07-21
721,Mary,Thomas,cannonnicole@example.com,24,MA,37027.05,2026-06-10
722,Kevin,Reese,edwin31@example.org,69,FL,11716.96,2022-07-22
723,Kathryn,Salazar,catherine93@example.net,45,NJ,7006.78,2022-10-17
724,Grace,Howard,manderson@example.com,55,MA,40789.31,2025-03-11
725,Nathaniel,Christian,kwells@example.org,58,WA,29895.88,2022-10-06
726,Ricky,Novak,stephanie33@example.org,59,MA,15088.22,2021-12-17
727,Sara,Duke,dwatts@example.org,36,IL,11052.14,2023-10-09
728,Kimberly,Franklin,zcortez@example.net,56,CT,3047.88,2026-04-30
729,Ashley,Herrera,meyershannon@example.org,40,XX,27792.53,2026-01-08
730,John,Medina,grantzachary@example.net,24,CA,47079.32,2026-06-12
731,James,Gonzales,kim47@example.org,66,IL,15936.72,2023-09-29
732,Christie,Brown,stevenlucas@example.org,71,TX,7460.88,2025-03-31
733,Daniel,Osborne,phillipmorris@example.org,66,PA,37720.8,2022-07-11
734,Brittany,Marquez,nicoledavis@example.com,78,MA,42467.05,2025-02-02
735,Rebecca,Hogan,davisjasmin@example.net,56,PA,40288.81,2023-06-13
736,Alexandria,Cruz,nicholasjames@example.org,25,IL,20633.87,2026-03-12
737,Ariana,Keller,fernandothomas@example.net,71,IL,26499.59,2021-11-20
738,Kyle,Cross,lroberts@example.org,67,MA,12749.78,2026-02-15
739,Susan,Smith,alexander77@example.net,60,NY,46111.31,2025-09-02
740,Cathy,Snyder,briannaalvarez@example.com,65,NY,26781.78,2023-11-04
741,Carolyn,Smith,,42,NJ,13423.08,2022-07-22
742,Brian,Bailey,melissaestrada@example.net,23,NY,9408.16,2023-02-15
743,Samantha,Williams,kchaney@example.net,45,FL,10444.45,2023-01-20
744,Donna,Graves,tammycurry@example.com,60,CT,47850.99,2026-04-16
745,Christopher,Evans,priscilla16@example.net,19,MA,46857.99,2021-12-15
746,Thomas,Martinez,mark68@example.org,33,FL,45722.06,2025-02-10
747,Cheryl,Rodriguez,webbhaley@example.net,44,TX,45756.32,2023-01-25
748,Chelsea,Stewart,sara99@example.com,59,CT,19033.09,2024-03-25
749,Crystal,Vasquez,nicolehall@example.com,63,CT,13078.08,2026-07-13
750,Aaron,Johnson,mclaughlinjared@example.net,83,FL,23300.2,2026-08-18
751,Robert,Cook,alexharris@example.com,78,CA,45716.52,2022-11-26
752,Carlos,Evans,katie15@example.com,65,CA,20696.51,2023-08-12
753,Ashley,Choi,jamesbass@example.net,46,PA,811.0,2024-01-11
754,Thomas,Johnson,timothyburton@example.net,71,CT,7620.57,2026-02-10
755,Steven,Olsen,conleykevin@example.net,60,MA,18991.99,2025-01-09
756,Angela,Smith,lauren51@example.org,49,FL,27532.13,2023-01-13
757,Anthony,Terrell,ashleyprice@example.net,61,CT,38168.03,2022-03-20
758,Kimberly,Parker,jennifer46@example.org,80,FL,23041.45,2024-02-13
759,John,Hayes,javier42@example.org,63,PA,6997.93,2023-07-03
760,Benjamin,Harris,,80,PA,45844.97,2026-02-27
761,Eric,Peterson,hoconnor@example.com,25,IL,1691.19,2025-07-05
762,Douglas,Wiggins,jamiejohnson@example.com,27,NJ,38216.94,2025-03-14
763,Alexandra,Smith,mcdanielbrooke@example.org,70,PA,42127.24,2023-04-19
764,Pamela,Garcia,andrew43@example.com,47,NY,35358.48,2022-08-20
765,Justin,Patel,rlambert@example.org,19,MA,25286.65,2022-06-02
766,Danny,Mullen,,65,NJ,30891.76,2022-12-27
767,Sherry,Brock,georgecollins@example.com,79,FL,786.59,2024-05-02
768,Brent,Johnson,rodriguezbrian@example.com,70,NJ,836.31,2023-08-05
769,Janet,Vance,tjensen@example.com,53,IL,48873.97,2025-09-20
770,Jennifer,Lambert,beltrankatelyn@example.com,20,IL,40657.86,2024-06-21
771,Christopher,Lang,tdavis@example.net,73,PA,5350.82,2024-11-08
772,Katie,Ruiz,douglashuang@example.com,30,IL,7444.87,2026-03-13
773,Philip,Lyons,kristina57@example.com,42,WA,26322.8,2021-10-13
774,Thomas,Bell,ssingleton@example.com,63,CT,39746.82,2024-08-27
775,David,Garcia,nguyendebra@example.com,28,CA,47964.89,2024-04-18
776,Richard,Gutierrez,amydickson@example.com,76,WA,12160.39,2021-12-17
777,Jared,Benson,bmueller@example.net,46,XX,34202.08,2025-07-27
778,Amy,Young,stevensonjennifer@example.com,28,NJ,4675.03,2022-03-15
779,Caitlin,Nguyen,shortgregory@example.com,66,INVALID,27635.07,2021-12-24
780,Daniel,Cervantes,pmurphy@example.net,25,NJ,35142.26,2021-12-09
781,Jeff,Taylor,,28,FL,42266.49,2024-04-15
782,Peter,Lane,jamierich@example.com,60,WA,48866.46,2024-06-25
783,Robin,Torres,wrobbins@example.org,30,IL,45957.61,2024-07-18
784,Cheryl,Dixon,melissabrown@example.net,47,MA,45063.65,2026-06-22
785,Aaron,Castro,daniel40@example.org,78,CT,2328.1,2023-10-16
786,Brittany,Garrett,bsullivan@example.net,27,CT,44965.58,2022-09-08
787,Glenn,Taylor,,22,PA,46438.32,2022-05-27
788,Whitney,Santiago,alexanderwong@example.org,58,NJ,48073.46,2025-03-28
789,Tommy,Kim,christophermay@example.com,36,TX,46443.75,2025-12-07
790,Patricia,Dominguez,dhanson@example.net,56,PA,28197.91,2023-10-02
791,Lori,Cruz,jacobjacobs@example.net,67,IL,16586.49,2024-02-15
792,Jessica,Joseph,robert89@example.com,35,NY,25039.64,2021-10-19
793,Benjamin,Webb,daniel71@example.org,62,NJ,4884.29,2025-04-14
794,Alicia,Villarreal,steven18@example.net,47,NY,17029.64,2022-01-27
795,Thomas,Harmon,suttonamber@example.net,68,CA,1481.28,2023-03-12
796,Brian,Cooper,harrisonwilliam@example.com,52,FL,24530.17,not-a-date
797,Martin,Gomez,,63,IL,47057.14,2023-02-25
798,Kristen,Green,klane@example.org,73,PA,33984.74,2024-11-30
799,Kelly,Mclaughlin,mitchellchristopher@example.net,66,NY,38608.37,2022-01-06
800,Kristen,King,joshua40@example.net,55,MA,35655.43,2022-03-10
801,Greg,Vargas,donnawood@example.org,28,CT,7711.05,2022-12-09
802,Jaclyn,Washington,cooperchristopher@example.org,37,TX,15833.91,2024-08-11
803,Lydia,Monroe,ptownsend@example.net,31,NY,259.76,2023-11-01
804,Dana,Clark,brian41@example.org,57,FL,17995.87,2022-06-21
805,Raymond,Turner,noahthornton@example.com,52,NY,6625.35,2022-12-11
806,Alyssa,Graham,sara76@example.net,41,TX,22442.18,2023-03-18
807,Alyssa,Blanchard,hardindana@example.com,83,TX,5164.65,2024-09-07
808,Denise,Nelson,joseph14@example.net,29,CA,27710.99,2024-07-21
809,Steven,Leonard,jessicachapman@example.org,59,TX,617.03,2024-03-25
810,Erica,Kaiser,amy01@example.org,70,TX,38958.46,2023-09-09
811,Alicia,Jennings,jeffrey44@example.org,49,WA,26055.23,2021-10-20
812,Christine,Brown,stephanielittle@example.net,66,PA,6942.0,2026-06-03
813,Christopher,Jacobs,pdouglas@example.net,56,CT,24656.2,2025-08-25
814,Jack,Rodriguez,jonowens@example.org,26,PA,21733.81,2024-10-29
815,Sandra,Hill,qschwartz@example.com,71,CT,24211.57,2022-12-02
816,Kimberly,Ramirez,reyesmarvin@example.org,27,CA,12584.99,2022-12-03
817,Lisa,Thompson,vasquezsarah@example.net,49,FL,29690.32,2023-08-06
818,Debbie,Rodriguez,probinson@example.org,43,FL,5348.62,2026-03-13
819,Jennifer,Garcia,jonesjessica@example.com,56,NJ,47441.17,2021-09-22
820,Tyler,Delgado,fitzpatrickelizabeth@example.com,60,WA,18994.5,2022-05-22
821,Mark,Myers,robertsonshelby@example.com,60,FL,16736.81,2024-01-09
822,Richard,Luna,fernandezaaron@example.net,35,CT,16033.26,2025-09-21
823,Timothy,Bradley,mathew46@example.org,43,FL,15709.16,2024-10-17
824,Susan,Davis,christopher74@example.net,68,CA,14572.41,2022-08-25
825,Angela,Ponce,kentprice@example.org,80,WA,39098.72,2024-10-14
826,Michael,Miller,imoss@example.org,59,TX,14015.01,2022-08-06
827,Jennifer,Watkins,yprice@example.net,68,CA,5694.39,2024-11-06
828,Victor,Hanna,blevy@example.org,43,WA,49863.25,2023-04-30
829,Matthew,Le,zwilson@example.net,41,IL,1345.81,2024-12-20
830,Stephen,Gregory,joycehall@example.org,77,MA,21922.75,2021-10-25
831,Donald,Valdez,nmeadows@example.org,55,NY,40948.28,2022-11-05
832,Deborah,Smith,conwaylori@example.org,70,FL,6958.96,2023-11-30
833,George,Garza,wilsonbrooke@example.net,56,MA,12634.08,2022-09-25
834,Linda,Simmons,rnguyen@example.net,37,TX,39453.84,2024-05-12
835,Marc,Oconnell,kathrynwatkins@example.com,27,FL,49535.03,2021-12-12
836,Joshua,Todd,heathertran@example.com,79,WA,20040.25,2022-11-07
837,Brandi,Anderson,invalid-email,82,TX,27182.26,2022-01-13
838,Adrian,Howe,robert72@example.org,64,IL,29691.0,2022-05-07
839,Joseph,Cole,,28,NY,38447.7,2024-08-12
840,Jennifer,Salazar,burtonkimberly@example.com,63,PA,32349.99,2023-09-23
841,Angela,Lee,montgomerymichelle@example.net,23,WA,49180.41,2024-03-03
842,Steven,Sims,joshualee@example.org,69,CA,48285.84,2025-01-21
843,Tanya,Wells,ernestlivingston@example.org,73,NY,527.39,2024-11-09
844,Justin,Hamilton,christina70@example.org,51,MA,25533.81,2025-05-02
845,Sara,Thompson,washingtondarren@example.org,84,IL,29025.91,2025-03-29
846,Brittany,Nguyen,julievillanueva@example.org,46,FL,18705.98,2025-07-12
847,Mark,Garcia,ykane@example.org,77,WA,34521.87,2021-12-31
848,Brenda,Brown,nthomas@example.com,37,CA,49885.14,2022-07-10
849,Nathaniel,Ellis,crystalcantrell@example.org,79,NY,14771.61,2023-04-24
850,Antonio,Carroll,derek77@example.com,28,NY,41565.89,2022-06-27
851,Matthew,Tanner,kristinelittle@example.net,36,CA,15594.52,2026-02-28
852,Belinda,Tran,christophervincent@example.com,76,MA,26055.74,2025-12-11
853,Javier,Wells,uramirez@example.com,62,FL,4881.15,2025-04-24
854,John,Murphy,patriciavargas@example.org,75,CA,3358.72,2026-03-15
855,Rachel,Butler,,23,NY,1129.26,2021-10-19
856,Amanda,Mendoza,chavezjohn@example.net,61,NY,33856.97,2025-05-25
857,Heather,Russell,davidphillips@example.net,39,MA,25799.7,2026-08-18
858,Allen,Caldwell,jacquelinehodge@example.net,38,CA,27992.45,2024-07-20
859,Tiffany,Ford,morgansullivan@example.com,77,MA,39887.79,2024-10-07
860,Jane,Smith,cruzhannah@example.net,41,PA,32023.94,2021-10-17
861,Ronald,Nelson,kristinmiller@example.com,73,TX,1459.61,2025-04-24
862,Brian,Dougherty,pamela16@example.com,43,FL,29610.16,2023-12-17
863,Blake,Richardson,castrokim@example.org,67,NJ,35236.78,2026-07-16
864,John,Wilson,wmclaughlin@example.net,44,CT,37616.27,2025-12-27
865,Jacqueline,Mullins,lukehurst@example.net,26,WA,5087.6,2025-01-12
866,Joshua,Brown,shaun88@example.org,41,CA,16299.25,2023-12-25
867,Amanda,Bryan,shannon51@example.org,-10,XX,13117.67,2026-02-03
868,Stephen,Miller,keithfrye@example.org,80,IL,48295.82,2022-06-16
869,Daniel,Hernandez,nancymeyer@example.net,-10,WA,19431.96,2021-09-29
870,Robert,Fleming,thomasfisher@example.net,68,WA,5711.6,2024-11-08
871,Kelly,Brown,marystone@example.com,63,FL,30868.13,2023-09-10
872,Matthew,Lucas,todd88@example.com,56,WA,29508.42,2023-12-03
873,Ashley,Villanueva,george43@example.com,35,CA,5893.08,2023-06-29
874,Keith,Bruce,michaelbryant@example.org,57,NY,9152.23,2024-09-22
875,Eugene,Nichols,teresafranco@example.net,36,IL,19423.16,2026-02-26
876,Laura,Martin,williamsleslie@example.org,35,WA,19185.5,2023-11-02
877,Mike,Harris,wadetiffany@example.org,41,FL,31775.08,2023-07-01
878,Amber,Martin,david06@example.com,40,IL,8343.28,2025-06-23
879,Stacie,Reilly,invalid-email,54,PA,9354.93,2023-04-16
880,Janice,Wells,tara92@example.net,75,WA,2680.56,2025-04-11
881,Sandra,Morgan,dennisrachel@example.org,63,NJ,24230.45,2025-01-08
882,Darryl,Johnson,seandavis@example.org,42,TX,48191.45,2024-09-03
883,James,Fox,james18@example.com,82,FL,20456.72,2025-01-06
884,Susan,Daugherty,ulee@example.net,80,TX,35507.12,2024-08-28
885,Sherry,Kerr,raymond65@example.com,74,FL,8362.67,2023-07-01
886,Justin,Bell,fsawyer@example.org,21,MA,14604.5,2025-04-09
887,Sean,Riddle,zroberts@example.net,53,MA,26880.43,2026-06-26
888,Rodney,Mosley,,250,FL,28282.52,2022-09-02
889,Thomas,Dillon,carl96@example.org,81,IL,25540.3,2021-08-31
890,Danielle,Nelson,angelapage@example.org,32,CT,38755.65,2022-08-18
891,Marisa,Roberts,twilliams@example.net,64,IL,41130.55,2023-02-25
892,Anita,Ford,moodyeric@example.com,23,FL,27317.66,2026-05-31
893,Mary,Kennedy,robert73@example.org,72,NY,36799.43,2022-03-25
894,Joshua,Gamble,georgemichael@example.com,49,CT,43740.49,2024-06-17
895,Miranda,Burton,hmccann@example.com,22,FL,13140.76,2024-03-12
896,Barbara,Bruce,bonniethomas@example.com,29,FL,43264.52,2026-01-09
897,Derek,Martin,michael50@example.com,33,MA,10493.91,2023-02-02
898,Danielle,Jones,katiewhite@example.org,62,WA,31638.53,2024-08-16
899,Gary,Morris,margaret44@example.net,39,WA,6961.75,not-a-date
900,Michael,Ferguson,madeline02@example.net,44,MA,40272.02,2023-01-15
901,Kimberly,Jenkins,curtismoore@example.org,62,IL,14054.25,2025-10-16
902,Laura,Hansen,butlersabrina@example.org,39,CA,48950.01,2025-09-23
903,Sandra,Mendoza,hannah27@example.net,55,CT,28636.78,2024-03-31
904,Tara,Jackson,anthony13@example.org,83,NY,6779.45,2025-12-01
905,Douglas,Perez,jasonzavala@example.com,70,NJ,49624.31,2025-02-01
906,Kristen,Jones,ctodd@example.org,34,PA,12483.86,2022-03-03
907,Laura,Palmer,harrisonrebekah@example.org,59,MA,38073.68,2021-12-18
908,Elizabeth,Webster,morajamie@example.org,68,FL,7108.58,2022-07-22
909,Michael,Davis,stacy55@example.org,52,TX,18758.62,2025-11-28
910,Kimberly,Austin,garciabelinda@example.org,27,NY,20142.54,2024-04-11
911,Jennifer,Brandt,rachelmedina@example.net,53,CA,22734.78,2022-02-15
912,Jason,Gordon,lrichardson@example.org,-1,CA,29097.78,2023-10-31
913,Susan,White,tina63@example.net,29,FL,31742.03,2022-10-08
914,Daniel,Rollins,owensapril@example.com,63,NY,39783.9,2025-06-11
915,Janet,Hawkins,,130,MA,48406.43,2023-01-19
916,Caroline,Collins,aperez@example.com,45,FL,13426.84,2026-07-23
917,Ronnie,Gates,xcrosby@example.org,54,CA,27365.53,2021-09-11
918,Emily,Powers,qkim@example.net,34,WA,42621.13,2022-01-21
919,Douglas,Morales,figueroapatricia@example.org,61,NJ,2297.15,2021-12-15
920,Theresa,Morgan,bmartinez@example.net,76,NJ,6211.86,2024-02-16
921,Kathy,Miranda,katelyn65@example.com,38,FL,22825.91,2024-12-19
922,Stephanie,Archer,dylan71@example.org,72,MA,49784.7,2022-11-20
923,Tyler,Fuller,anthonyrojas@example.org,34,CT,7948.87,2024-02-15
924,Anthony,White,eric99@example.org,53,NY,32729.4,2025-06-07
925,Donna,Meyer,msparks@example.com,50,NY,18592.19,2024-12-10
926,Tracy,Green,lisa88@example.org,39,NJ,19817.08,2026-05-25
927,Anthony,Jordan,reyesleonard@example.com,57,MA,21461.55,2023-11-05
928,Barry,Thompson,nicole27@example.com,29,NY,54.32,2022-04-21
929,Jennifer,Freeman,carrolltracy@example.net,79,NY,-595.87,2025-01-22
930,Ashley,Alvarez,williammyers@example.com,46,IL,33999.14,2024-08-02
931,Nicholas,Rhodes,invalid-email,19,NJ,34779.86,2022-04-10
932,Michael,Pacheco,hubbardcolleen@example.com,33,TX,34701.55,2022-02-12
933,Michael,Howard,brian33@example.org,79,NY,11447.34,2024-11-15
934,Brittany,Lozano,meltondanny@example.org,29,NY,5160.08,2021-09-24
935,Mark,Murray,abradley@example.com,65,CT,6856.46,2021-09-25
936,Terry,Johnson,nicholas65@example.net,35,PA,3420.58,2022-02-13
937,Tracy,Vazquez,matthewshaw@example.net,19,WA,32501.01,2023-05-01
938,Christina,Cox,oharris@example.org,74,CA,36121.6,2025-11-01
939,Amanda,Mitchell,,37,TX,30803.8,2024-10-03
940,Susan,Robbins,vargasjoshua@example.net,74,MA,4334.4,2025-08-21
941,Thomas,Clark,pearsonkevin@example.com,30,PA,37622.28,2023-10-18
942,Amber,Gonzalez,gking@example.com,67,CA,48162.44,2024-12-27
943,Amy,Ibarra,barbaralewis@example.net,58,PA,12389.32,2026-04-28
944,Joseph,Little,umichael@example.net,28,MA,27669.83,2021-12-06
945,James,Ford,edwardjennings@example.com,54,NJ,42394.61,2025-11-08
946,Robert,Dalton,waltersmeghan@example.com,56,MA,25887.46,2025-10-01
947,Debbie,Scott,richardwilson@example.org,83,MA,37392.18,2021-10-08
948,Laura,Collins,bcastro@example.com,55,NJ,39190.08,2024-11-12
949,Benjamin,Moore,anthonyclarke@example.com,48,FL,19294.28,2024-12-04
950,Gregory,Phelps,dcasey@example.org,48,FL,31904.12,2023-03-15
951,Kenneth,Brown,qmosley@example.net,27,IL,44436.23,not-a-date
952,Randy,Larsen,joelduncan@example.net,19,CA,46696.22,2026-04-19
953,Alejandra,Calderon,tyler13@example.net,34,TX,43040.7,2022-03-30
954,Lindsay,Murphy,vshaffer@example.org,71,CA,27317.81,2026-04-24
955,Jeffery,Rodriguez,taragonzales@example.com,40,FL,47722.65,2025-12-12
956,Brian,Ferguson,stewartrodney@example.net,27,NJ,29368.17,2022-11-12
957,Joshua,Mueller,michaelbaldwin@example.com,19,CT,10787.15,2021-09-26
958,Tammy,Obrien,vazquezkristina@example.org,25,TX,25330.53,2022-11-24
959,Paul,Fowler,rebecca18@example.org,82,TX,21178.76,2025-12-02
960,Paul,Browning,qpennington@example.com,69,NY,32026.86,2022-01-30
961,Mackenzie,Young,michelemartin@example.com,37,CT,4179.85,2024-10-15
962,Natasha,Wang,rmccormick@example.org,28,IL,46046.24,2025-09-30
963,Shelby,Ruiz,vhouse@example.net,37,IL,16337.51,2023-09-29
964,Samantha,Garcia,hollyhunter@example.com,26,CT,34933.79,2023-09-26
965,Jessica,Kelley,shawn00@example.net,48,NJ,12223.99,2024-11-03
966,Crystal,Gibbs,aarongonzalez@example.com,73,NY,22668.59,2023-03-15
967,Christopher,Moore,melaniejennings@example.com,25,CT,33303.98,2023-11-21
968,Morgan,Anderson,graceserrano@example.com,40,NY,633.25,2022-08-16
969,Robert,White,kduffy@example.org,35,NJ,8191.63,2021-09-25
970,Andrew,Hansen,rebeccamccann@example.org,62,IL,25861.14,2022-12-10
971,Melissa,Williams,jburke@example.org,51,PA,18593.47,2026-06-04
972,George,Bradley,higginsryan@example.com,52,NY,38571.51,not-a-date
973,Troy,Walker,jamesatkins@example.com,21,CA,40355.39,2023-01-27
974,Troy,Anderson,carolcarney@example.com,52,IL,3193.6,2025-04-07
975,Jaime,White,anthonycherry@example.org,27,FL,22759.89,2024-09-20
976,Rebecca,Wood,emiller@example.org,64,NJ,24980.5,2025-12-28
977,Terri,Sanders,jennifererickson@example.net,39,CA,7865.5,2024-08-14
978,Charles,Hawkins,cookjimmy@example.com,31,WA,33706.02,2026-08-14
979,Sheila,Coffey,smithwilliam@example.com,32,MA,37039.0,2023-02-22
980,Ralph,Wood,carpenterjorge@example.net,18,NJ,42934.45,2024-02-05
981,Matthew,Mcdonald,stewartalyssa@example.org,19,MA,2299.08,2022-12-07
982,Lawrence,Good,rsavage@example.net,64,TX,46011.33,2023-06-08
983,Russell,Orr,chloe48@example.com,40,NJ,27643.24,2023-10-24
984,Frederick,Doyle,jgallagher@example.net,71,MA,-2139.18,2025-11-24
985,Diane,Yates,lopezbrian@example.org,71,CA,13562.9,2021-10-23
986,Jorge,Mccarthy,fwilson@example.org,27,WA,18640.41,2023-11-03
987,Vanessa,Hoffman,uvasquez@example.org,82,NJ,8967.22,2022-04-01
988,Clayton,Oneill,marybrady@example.com,84,NJ,47703.97,2024-06-13
989,Elizabeth,Lewis,foxashley@example.com,26,FL,43301.61,2026-03-27
990,John,Jimenez,clayanthony@example.net,57,CA,4319.28,2026-07-16
991,David,Brooks,hooderic@example.org,76,NJ,18445.97,not-a-date
992,Jasmine,Castillo,brooke05@example.org,55,WA,39225.36,2024-11-29
993,Stephanie,Nguyen,jasonwilliams@example.net,49,FL,18413.68,2023-01-17
994,Lauren,Manning,qdavis@example.org,81,MA,36623.17,2022-10-31
995,Kelli,Ross,phelpsfrank@example.com,49,PA,318.89,2023-01-21
996,Karen,Valdez,,70,NJ,11649.89,2025-08-31
997,Kyle,Cohen,michaeldavis@example.com,62,NJ,47549.51,2024-03-12
998,Tracy,Mcclure,madams@example.com,18,TX,42450.3,2022-01-30
999,Roberto,Richardson,ryansimmons@example.org,57,NY,10259.72,2024-03-13
1000,Teresa,Rhodes,sarahrose@example.net,48,TX,24601.44,2024-04-03
1001,Kelly,Kim,ievans@example.net,25,PA,35582.62,2026-02-23
1002,Mckenzie,Mills,ashley81@example.org,29,NJ,46063.72,2024-03-14
1003,William,Gutierrez,kguerrero@example.com,84,TX,35042.35,2023-05-30
1004,Brenda,Mack,wilsondorothy@example.org,65,FL,48727.74,2025-07-25
1005,Megan,Williams,tmcdowell@example.com,-10,WA,4778.85,2024-07-26
1006,Spencer,Santiago,matthew23@example.org,35,TX,3741.52,2022-01-08
1007,Tina,Green,hamiltonandrew@example.com,25,TX,33122.2,2022-03-20
1008,George,Woods,vmelton@example.net,34,MA,14583.8,2025-04-06
1009,Kevin,Li,hannah64@example.org,58,TX,35036.28,2022-04-04
1010,Alexander,Rodriguez,hortonjacob@example.org,59,CA,22637.89,2022-09-05
1011,Deborah,Santos,ywilkinson@example.net,47,NY,-1521.67,2022-08-02
1012,Kevin,Ford,invalid-email,35,WA,5448.64,2026-02-22
1013,Joanne,Wallace,cruiz@example.net,31,PA,22478.34,2022-11-05
1014,Kenneth,Gallegos,awilliams@example.org,58,TX,6036.84,2024-10-13
1015,Jennifer,Petty,mmclaughlin@example.net,63,MA,22595.85,2024-05-27
1016,Kelly,Freeman,upalmer@example.net,77,CT,42624.11,2026-04-23
1017,Rebecca,Dillon,invalid-email,29,PA,40379.85,2024-07-07
1018,Angela,Adams,hsmall@example.com,56,XX,2016.49,2024-09-29
1019,Debbie,West,ssmith@example.net,130,PA,4560.65,2022-08-05
1020,Maurice,Hall,brianacohen@example.net,49,CA,19812.22,2025-11-25
1021,Jennifer,Mcdonald,jennifer66@example.net,24,CT,13008.34,2024-11-23
1022,Michael,Kennedy,christycampbell@example.net,40,NJ,47604.83,2022-01-23
1023,Timothy,Thompson,catherinegarcia@example.com,75,IL,37403.92,2026-05-07
1024,Tristan,Young,kiddmichael@example.com,49,NY,23102.16,2023-06-02
1025,Eric,Clayton,romanmatthew@example.org,35,NY,597.85,2024-09-20
1026,David,Walker,victoria50@example.net,46,PA,9906.65,2022-12-20
1027,Edward,Vaughn,mccarthysara@example.com,69,XX,34314.26,2025-08-17
1028,Sydney,Campos,harringtonchelsea@example.org,28,WA,29305.94,2025-10-01
1029,Bobby,Garcia,pittsrhonda@example.org,27,NJ,49858.07,2025-04-10
1030,Jean,Gill,goconnor@example.org,43,FL,40464.93,2024-11-13
1031,Matthew,Taylor,scottperry@example.org,29,CA,6126.38,2022-11-10
1032,Lisa,Peterson,christopherwatson@example.com,77,NJ,8399.46,2023-06-08
1033,Elizabeth,Hernandez,icobb@example.com,73,TX,24806.32,2023-09-13
1034,Robert,Ellis,sherry72@example.org,66,TX,8640.36,2025-03-22
1035,Zachary,Jones,leroy26@example.org,45,PA,13749.09,2023-08-07
1036,Benjamin,Nielsen,rachelbrown@example.net,75,PA,1732.47,2026-07-14
1037,Lauren,Liu,robert84@example.net,49,CT,24944.58,2025-05-06
1038,Regina,Smith,rachel92@example.net,79,NJ,4386.08,2023-08-26
1039,Dawn,Clay,zterry@example.net,67,PA,20961.74,2023-08-28
1040,James,Turner,medinapeter@example.net,85,MA,31537.72,2025-05-02
1041,David,Braun,jason88@example.com,20,TX,39095.79,2024-03-28
1042,Katherine,Moore,zamoraamber@example.com,63,FL,27225.89,2022-11-02
1043,Kim,Barber,dennismckenzie@example.com,80,CA,45633.85,2024-10-07
1044,Michael,Williams,westashley@example.org,82,CA,19419.06,2023-11-24
1045,Tonya,Trujillo,michaelmitchell@example.net,41,NJ,15943.88,2024-06-30
1046,Donald,Gray,danielblack@example.org,46,NJ,44788.24,2025-09-30
1047,Michael,Garcia,fpoole@example.org,53,NJ,40432.69,2021-12-10
1048,Pamela,Alvarez,rmiller@example.net,78,IL,17871.64,2023-08-24
1049,Angelica,Maxwell,breanna67@example.net,47,ZZ,5006.72,2026-04-16
1050,Tracy,Mcpherson,,48,CT,26684.48,2023-12-03
1051,Tammy,Palmer,bensonstanley@example.org,250,MA,28784.61,2025-05-13
1052,Sherry,Wood,guzmanricky@example.org,67,CA,46760.3,2023-06-25
1053,Keith,Mills,watsonvickie@example.com,40,PA,11827.56,2023-02-07
1054,Anthony,Thomas,,58,CA,45699.0,2022-09-16
1055,Lori,Burns,,21,CA,47377.94,2023-09-20
1056,Ashley,Knight,kimberly79@example.org,36,WA,47418.43,2025-06-11
1057,William,Murray,jcontreras@example.net,81,IL,15452.65,2023-04-05
1058,Lauren,Beck,zhughes@example.com,80,NJ,4512.87,2024-05-03
1059,Susan,Wu,debbie20@example.net,47,WA,10940.45,2024-10-13
1060,Kelsey,Parker,schneiderchristopher@example.net,85,FL,34.17,2024-05-04
1061,Katherine,Bernard,karenshaw@example.org,43,PA,17037.95,2022-03-26
1062,Sharon,White,hilljamie@example.net,40,CA,2977.8,2025-10-29
1063,Bethany,Miller,richard07@example.org,36,WA,35234.82,2023-05-02
1064,Henry,Johnson,patrick11@example.org,36,NY,42324.04,2024-05-04
1065,Justin,White,moorestephanie@example.net,64,NY,18679.54,2022-06-24
1066,Christina,Nguyen,reeveskenneth@example.org,68,WA,5051.61,2023-03-26
1067,Robert,Nguyen,hdavid@example.org,56,CA,6822.58,2022-08-24
1068,Karen,Willis,gromero@example.com,38,TX,39592.13,2026-05-19
1069,Joseph,Flores,bjones@example.com,80,CA,8710.13,2024-10-19
1070,Robin,Smith,sanchezangela@example.org,63,MA,33276.58,2023-02-26
1071,Richard,Miller,kristathomas@example.net,40,TX,15341.16,2026-07-24
1072,Kimberly,Medina,jali@example.com,55,PA,8885.41,2021-11-03
1073,Lisa,Woodward,denise20@example.org,18,WA,19580.07,2026-04-20
1074,Timothy,Harper,okidd@example.org,22,PA,30119.43,2024-07-23
1075,William,Williams,turnerrandall@example.org,46,WA,5205.51,2025-10-14
1076,Jessica,Lutz,gclark@example.com,81,PA,16558.42,2026-01-19
1077,Sonia,Reid,qnelson@example.com,27,MA,17340.51,not-a-date
1078,Steve,Greene,sloandennis@example.org,58,PA,31809.34,2024-09-04
1079,Adam,Smith,robertwoodard@example.net,29,CA,22331.5,2024-01-29
1080,Philip,Miller,ryanpatricia@example.net,51,MA,12477.04,2023-11-10
1081,David,Stanton,wcarey@example.com,26,CA,12832.9,2022-07-08
1082,Katrina,Terry,martinezmitchell@example.org,31,NJ,2407.37,2023-11-09
1083,Jeffrey,Smith,erin53@example.org,74,TX,48455.09,2025-09-18
1084,Colleen,Stokes,jimsnyder@example.com,70,FL,44088.53,2021-10-25
1085,Trevor,Padilla,,62,IL,18767.38,2023-08-12
1086,Molly,Carroll,mjackson@example.net,79,WA,32548.48,2025-04-29
1087,Emily,Morrison,cameronanderson@example.org,46,PA,22564.37,2022-04-08
1088,Sarah,Foley,james08@example.net,22,CT,1003.9,2022-11-24
1089,Ann,Gibson,pdavidson@example.org,51,NY,3710.02,2025-11-26
1090,Marcus,Richard,rhill@example.net,39,TX,8045.22,2023-12-19
1091,Michael,Blake,brandonhull@example.net,27,IL,47091.71,2023-11-17
1092,Adam,Lee,beardlindsey@example.net,29,CA,29701.53,2022-10-05
1093,Hannah,Rosario,jamesmurphy@example.org,79,NJ,21566.17,2024-10-05
1094,Colin,Castillo,watkinsconnie@example.com,39,WA,44487.66,2025-11-01
1095,John,Wells,marissa58@example.org,38,NJ,5062.89,2026-05-08
1096,Kimberly,Harvey,garrettbeth@example.org,44,MA,20463.99,2026-07-04
1097,Sabrina,Bennett,pattonbryan@example.com,51,CT,14870.03,2021-11-27
1098,Cheryl,Reynolds,byrdanita@example.com,30,NJ,19645.11,2025-11-18
1099,Richard,Williamson,mhall@example.net,80,PA,2725.24,2024-10-02
1100,Shawn,Marshall,nhobbs@example.org,250,TX,-1910.27,2023-05-01
1101,Sharon,Logan,lholmes@example.org,79,MA,4849.34,2022-03-04
1102,Alexander,Reeves,rebeccamartinez@example.net,44,PA,31909.53,2022-11-30
1103,Robert,Hardy,ilopez@example.org,28,FL,42188.45,2021-12-07
1104,Larry,Graham,larry82@example.org,57,TX,23547.22,2023-12-24
1105,Carrie,Carter,,51,INVALID,32093.32,2021-12-01
1106,William,Conley,,67,PA,18551.03,2024-11-01
1107,James,Jones,elizabethneal@example.com,66,CA,9329.15,2024-08-18
1108,Mark,Lane,christina65@example.org,23,CT,21987.02,2022-02-26
1109,Nancy,Lozano,arobinson@example.net,51,MA,41853.94,2022-09-30
1110,Jerry,Hanson,timothytate@example.com,25,PA,37611.76,2025-09-01
1111,Nicholas,Ross,coxcharles@example.org,30,NY,33407.06,2024-05-28
1112,Douglas,Alexander,bradley03@example.org,70,WA,11375.64,2023-01-20
1113,Jeffery,Green,matthewspencer@example.org,25,TX,40920.26,2022-08-12
1114,Gregory,Green,smitherica@example.com,71,IL,34353.4,2024-11-27
1115,Nicole,Morgan,kevinallen@example.com,78,WA,44082.69,2024-12-08
1116,Shelley,Rowland,ejohns@example.org,78,CT,3947.75,2022-05-09
1117,Sandra,Norton,amandabenson@example.com,22,IL,28561.0,2024-08-18
1118,Tiffany,Sanchez,hinesbrenda@example.net,84,WA,33876.74,2023-02-07
1119,Edgar,Wright,monique89@example.com,36,NY,47462.74,2022-09-05
1120,Christopher,Ruiz,jacksonpaul@example.net,75,PA,47453.07,2025-05-22
1121,Nicholas,Stone,marcbrooks@example.net,39,MA,40423.04,2024-01-18
1122,Stephanie,Wells,ylittle@example.net,34,NJ,21168.74,2024-11-18
1123,Jamie,Jacobson,zroy@example.org,73,MA,49863.46,2023-03-01
1124,Pamela,Duncan,jonathan12@example.org,36,WA,12894.32,2023-02-09
1125,April,Hall,marshallchristine@example.com,26,NY,19404.96,2023-11-21
1126,Ryan,Richardson,ystewart@example.org,68,IL,16306.34,2022-07-13
1127,Jesus,Brewer,rachel48@example.net,53,IL,22907.86,2024-05-13
1128,Christian,Hill,coreyjones@example.org,19,WA,29378.8,2024-05-12
1129,Matthew,Leonard,kevin43@example.net,71,NY,20722.12,2024-08-26
1130,Devin,Wyatt,alan44@example.com,36,WA,29396.71,2025-07-19
1131,Richard,Sullivan,kennedywilliam@example.org,30,NY,28134.19,2025-12-17
1132,Jeremy,Cummings,thomasblack@example.net,30,CT,43373.76,2025-06-03
1133,Jennifer,Murray,edwardsjacob@example.net,62,TX,13206.83,2023-09-21
1134,Samuel,Farrell,brooksbarbara@example.org,80,WA,30448.11,2023-02-28
1135,Joan,Porter,matthew66@example.net,22,INVALID,13770.71,2025-05-25
1136,Kathryn,Vaughn,mark09@example.org,36,WA,30432.76,2026-03-30
1137,Eric,Cisneros,,69,NJ,19789.64,2025-12-19
1138,Tina,Harris,ybrown@example.org,60,MA,2464.55,2024-01-03
1139,Mark,Hayden,christopher18@example.org,78,CT,44851.57,2021-10-16
1140,Hannah,Burns,jamespruitt@example.com,20,CA,40869.3,2023-01-19
1141,Jesse,Keller,gibsonmiguel@example.org,56,CT,14017.33,2022-06-28
1142,Michele,Jenkins,veronicaanderson@example.com,80,NY,48624.83,2024-01-09
1143,Casey,Friedman,davidharris@example.com,47,PA,15024.02,2025-09-21
1144,Elizabeth,Moore,briana87@example.com,74,CA,13471.0,2022-08-22
1145,Vickie,Griffin,pjacobs@example.net,71,WA,32277.74,2023-04-11
1146,Ashley,Henry,vjohnston@example.org,42,ZZ,10569.53,2023-01-27
1147,Nicole,Bryant,peter26@example.org,70,FL,37974.66,2022-07-13
1148,Christine,Reynolds,lbartlett@example.net,65,NJ,25763.49,2024-06-22
1149,Phillip,Bautista,nicolemoore@example.net,38,NY,15556.15,2024-04-27
1150,Elizabeth,Jones,reginajenkins@example.net,82,TX,6782.49,2022-03-28
1151,Miguel,Campos,robert24@example.org,85,WA,1447.41,2024-02-29
1152,Steven,Jones,vjames@example.com,42,MA,41848.83,2025-11-29
1153,Randy,Smith,,49,NJ,22822.43,2025-05-17
1154,Todd,Jones,jenniferkim@example.com,64,MA,13698.87,2025-09-25
1155,Mckenzie,Jackson,lawsongregory@example.org,77,IL,19847.11,2024-04-21
1156,Peter,Jones,byrderic@example.com,33,NJ,12096.9,2022-07-10
1157,Jennifer,Stafford,scottwilliams@example.net,80,WA,22305.17,2025-09-09
1158,Danielle,Moran,myerskyle@example.org,78,WA,27566.69,2024-08-15
1159,Brandon,Bennett,sarahbrooks@example.org,62,PA,41882.69,2022-08-19
1160,Allen,Johnson,rogersjames@example.net,51,NY,14253.47,2021-12-12
1161,Susan,Davis,jenniferwilliams@example.net,67,NJ,8145.37,2022-03-03
1162,Mark,Hart,colleenvilla@example.com,45,MA,-2609.5,2026-04-30
1163,David,Lewis,marcus06@example.net,44,CT,32579.37,2023-03-19
1164,Paul,Ellis,barrettjoshua@example.net,83,NJ,43231.5,2023-06-24
1165,Carlos,Robinson,katrina71@example.net,19,FL,45575.77,2024-04-24
1166,Veronica,Jefferson,johnathandavis@example.com,40,WA,40043.24,2026-07-17
1167,Heather,Gregory,martinreid@example.net,130,CT,30417.19,2023-03-22
1168,Melissa,Olson,andres97@example.com,57,CT,21190.34,2024-03-09
1169,Judy,Gordon,hallchristina@example.org,66,CA,22949.9,2023-03-06
1170,Joann,Todd,brownnicholas@example.com,45,FL,15107.25,2022-08-23
1171,Nicholas,May,sandrageorge@example.com,84,WA,19857.63,2025-04-30
1172,Mark,Ramirez,meyertiffany@example.net,31,NJ,25575.69,2025-09-11
1173,Karen,Perez,matthew38@example.org,65,IL,32367.11,2026-03-02
1174,Elizabeth,Wright,cathyjames@example.com,54,CT,34220.66,2022-07-20
1175,Crystal,Brown,mjones@example.org,79,NY,16814.18,2024-10-20
1176,Donald,Harris,thompsonana@example.org,53,CA,43074.58,2022-10-24
1177,Christian,Hardy,frank33@example.com,51,CT,9418.0,2022-07-07
1178,John,Mitchell,mfaulkner@example.com,84,MA,44984.35,2025-12-11
1179,Timothy,Tapia,raymond27@example.com,69,CA,34037.79,2023-09-30
1180,Chelsea,Hamilton,lorileon@example.org,21,FL,49873.45,2025-06-11
1181,Ronald,Miller,invalid-email,51,TX,20229.94,2022-07-06
1182,Oscar,Torres,nicholas97@example.org,22,WA,35403.45,2023-04-19
1183,Jennifer,Gonzalez,adamhensley@example.net,42,CA,36327.49,2025-04-05
1184,Travis,Frost,xwaller@example.com,46,IL,31915.68,2024-01-30
1185,Danielle,Chapman,hdyer@example.com,78,CA,25365.74,2026-04-18
1186,Francisco,Hines,kelsey58@example.net,39,IL,9056.79,2024-01-28
1187,Haley,Horton,vhouse@example.org,30,FL,6397.21,2022-11-04
1188,Austin,Li,,51,IL,38145.91,2024-08-29
1189,Sheryl,Hernandez,carrielynn@example.org,-10,CA,32721.73,2021-09-10
1190,Kelli,Newman,lsanders@example.org,46,CA,11166.4,2024-03-23
1191,Jacob,Henderson,tking@example.net,57,TX,39404.52,2026-06-21
1192,Dominique,Reyes,jessica11@example.net,60,CA,13027.96,2024-06-30
1193,Lauren,Olsen,kaitlyn64@example.org,55,FL,42560.69,2026-07-27
1194,Lisa,Smith,ayalarobert@example.com,78,NJ,43319.67,2024-11-26
1195,Jessica,Jackson,jacob23@example.com,27,FL,44471.3,2022-07-17
1196,Stacy,Hayes,jacobbrown@example.org,82,NY,43374.89,2025-09-05
1197,James,Bird,nalexander@example.org,66,IL,14917.79,2025-12-22
1198,Gabriel,Carter,emartinez@example.com,24,PA,6868.26,2021-10-12
1199,Jimmy,Washington,smithjoseph@example.org,43,CA,20459.59,2024-12-16
1200,Kristina,Williams,alexasmith@example.net,76,PA,15819.17,2024-03-26
1201,Suzanne,Adams,vkennedy@example.net,41,NY,24379.04,2023-10-12
1202,Nathan,Wu,lisa56@example.com,40,CA,31724.95,2024-09-07
1203,Theresa,Marks,smithmonica@example.com,18,FL,13676.39,2025-04-04
1204,Pamela,Taylor,meltonjoshua@example.net,39,WA,38224.19,2025-05-22
1205,John,Hayes,,80,NY,6470.3,2021-08-24
1206,Danielle,Mcmahon,allen50@example.net,73,TX,20169.67,2023-04-05
1207,Sean,Lawson,invalid-email,79,TX,233.46,2023-05-17
1208,Sheila,David,shatfield@example.org,43,CA,47503.43,2025-04-21
1209,Kelly,Lee,mollywalter@example.net,59,IL,9528.84,2024-02-26
1210,David,Robles,marisa87@example.org,18,MA,11313.29,2026-02-11
1211,Stephanie,Olson,johnjackson@example.net,250,CT,6446.54,2025-02-17
1212,Daniel,Holder,martinsarah@example.com,67,IL,29433.53,2025-06-19
1213,Jeffrey,Scott,qlynn@example.org,39,NY,41192.19,2024-12-16
1214,Sandra,Schultz,sdavis@example.com,56,CT,22796.32,2025-12-29
1215,Sarah,Miranda,schneidernicholas@example.net,84,WA,26205.88,2025-05-07
1216,Jessica,Valdez,ostokes@example.com,73,PA,17136.64,2022-03-18
1217,Christopher,Davis,juliewilson@example.com,250,CA,37505.78,2022-04-08
1218,Lawrence,James,collinsbrittany@example.org,39,TX,-2920.36,2025-11-13
1219,Tina,Flores,,46,PA,10559.51,2024-08-22
1220,Jeffrey,Foster,sstewart@example.org,20,WA,25231.68,2024-02-18
1221,Stephen,Guzman,juliesweeney@example.net,33,CA,35555.5,2021-10-20
1222,Luke,Shaw,hillmelanie@example.net,250,TX,43827.21,2024-01-09
1223,Maria,Simpson,zbrown@example.com,50,IL,31156.74,2022-05-24
1224,Jennifer,Charles,isabellawilliams@example.org,24,NY,32678.38,2025-12-01
1225,Jessica,Evans,vickiekelley@example.com,20,NJ,34487.49,2023-09-29
1226,Thomas,Bailey,hmyers@example.net,71,FL,19012.69,2023-01-18
1227,Heather,Lee,invalid-email,50,FL,35093.41,2025-12-17
1228,Brian,Michael,stephen29@example.org,44,NJ,15055.82,2023-11-04
1229,Timothy,Merritt,jefferygoodman@example.net,30,IL,13498.86,2024-11-20
1230,Michael,Chase,gregoryvanessa@example.org,35,TX,41532.64,2023-07-07
1231,Toni,Shelton,saradavis@example.com,31,IL,35938.31,2022-07-13
1232,Brian,Baird,brittney26@example.org,33,CT,5700.63,2021-10-20
1233,John,Burns,denisebennett@example.net,31,FL,9932.33,not-a-date
1234,Emily,Davis,phancock@example.com,43,CT,41574.94,2023-01-03
1235,Denise,Richardson,wilsondavid@example.net,43,CA,35171.84,2024-12-22
1236,William,Johnson,vhill@example.org,55,PA,1970.29,2025-08-09
1237,Herbert,Washington,ievans@example.org,81,MA,34410.2,2023-04-05
1238,Jennifer,Atkins,richardhaynes@example.com,79,CA,11725.26,2024-05-30
1239,Amanda,Burnett,lbrown@example.net,19,NY,45344.0,2025-03-15
1240,Kristy,Martinez,tammymerritt@example.org,81,PA,47472.3,2025-12-10
1241,Heather,Smith,hmcbride@example.org,83,NY,36178.18,2022-04-11
1242,Jamie,Martin,melissa01@example.org,30,CT,32216.84,2024-02-29
1243,Michael,Stephens,qrowland@example.org,76,CT,13206.25,2022-11-15
1244,Brandon,Bautista,donna72@example.net,24,NY,40658.92,2024-02-01
1245,Lawrence,Bartlett,catherine83@example.net,23,CT,18010.73,2022-02-15
1246,Lori,Young,donaldchase@example.org,58,XX,36927.01,2026-06-03
1247,Carrie,Robinson,joshua96@example.org,30,NJ,483.62,2024-05-19
1248,Jorge,Santos,ricardomiller@example.com,35,PA,16433.04,2025-01-06
1249,Shelby,Thomas,chadoconnor@example.net,74,WA,13415.47,2025-02-12
1250,James,Watson,roberthernandez@example.com,29,CA,40748.21,2023-07-12
1251,Tamara,Wright,david18@example.com,41,NY,20038.88,2021-12-17
1252,Danielle,Cox,kimberly23@example.com,76,CT,41785.42,2021-09-06
1253,Nicholas,Novak,ylynn@example.org,79,TX,32442.32,2022-07-06
1254,Jessica,Parker,wdavis@example.net,39,ZZ,6625.58,2024-06-29
1255,Julian,Nelson,mosleygeorge@example.com,25,PA,5185.66,2022-07-15
1256,Linda,Byrd,iwoods@example.com,79,WA,33919.66,not-a-date
1257,William,Moore,douglasbradley@example.com,41,WA,18987.54,2021-11-23
1258,Jessica,Villegas,erikabarnes@example.com,63,WA,1440.81,2022-07-19
1259,Valerie,Lindsey,joshua68@example.net,34,FL,46019.9,not-a-date
1260,Lisa,Torres,mezarichard@example.com,32,TX,22034.39,2025-11-10
1261,Cynthia,Jones,shirleymartin@example.org,26,CT,32748.68,2022-01-20
1262,Justin,Noble,haydenroger@example.net,19,IL,38376.44,2026-04-18
1263,Derek,Jimenez,sullivanchristina@example.net,46,CA,25954.98,2021-09-01
1264,Ronald,Ferguson,john89@example.org,30,TX,33085.66,2024-09-01
1265,Tami,Craig,gregoryrichardson@example.org,49,FL,17287.47,2024-03-14
1266,Stephanie,Henderson,hjackson@example.com,67,PA,41951.65,2026-03-15
1267,John,Ryan,robertstimothy@example.com,24,NJ,32169.94,2022-09-12
1268,Joann,Carroll,sandrahickman@example.net,38,IL,42442.28,2024-03-17
1269,Patricia,Walls,abrown@example.net,81,PA,3743.26,2023-12-08
1270,Kenneth,Rodriguez,pamela26@example.com,80,CA,12044.59,2021-09-04
1271,Ryan,Gonzalez,robertgentry@example.org,53,INVALID,25346.47,2022-05-30
1272,Diane,Perez,xbrooks@example.com,66,TX,40855.17,2026-02-04
1273,Amanda,Adams,cdouglas@example.org,28,FL,22209.44,2022-05-01
1274,Julie,Smith,danielmitchell@example.org,75,NY,42829.46,2023-08-09
1275,Julie,Santana,elizabethvaughan@example.net,75,CA,5935.34,2026-07-19
1276,David,Burns,tmarsh@example.org,81,NJ,5132.17,2023-04-04
1277,Kathy,Macias,ganderson@example.org,70,NJ,27856.55,2022-04-06
1278,Maurice,Smith,brettgallegos@example.com,18,NY,39589.16,2026-07-07
1279,Joan,Hamilton,justin16@example.org,56,IL,28116.63,2024-09-20
1280,Jessica,Lopez,katie43@example.net,76,CA,18167.12,2025-09-26
1281,James,Mccarthy,hayneswayne@example.org,24,MA,42215.87,2022-07-29
1282,Melissa,Fuller,jeromeanderson@example.org,60,IL,38370.82,2023-01-01
1283,James,Thomas,jensenchristopher@example.org,78,CA,35795.68,2023-07-14
1284,Alicia,Graves,jeffreysimmons@example.org,32,NY,37966.0,2024-03-07
1285,Dawn,Torres,michael56@example.org,46,NJ,17067.86,2023-03-26
1286,Brandon,Williams,guerreromarc@example.com,55,IL,26099.25,2023-12-29
1287,Rebekah,Garcia,johnnyhenry@example.com,31,NJ,44843.86,2023-02-26
1288,Collin,Smith,markfigueroa@example.com,81,PA,41091.93,2025-05-07
1289,Brianna,Jacobs,debraclark@example.com,70,NY,12714.47,2022-01-25
1290,Daniel,Soto,williamstanya@example.net,43,MA,6037.29,2025-09-20
1291,James,Griffin,jonesamy@example.com,68,MA,22852.3,2023-02-20
1292,Thomas,Juarez,bradleylee@example.net,42,CA,5388.29,2025-03-11
1293,Patricia,Malone,patricia71@example.com,71,NJ,46331.33,2021-12-20
1294,Robert,Velazquez,jacksonjoshua@example.org,33,FL,22869.39,2023-01-30
1295,Stephanie,Brown,joysanders@example.net,82,PA,48192.74,2024-04-17
1296,William,Jones,ychristensen@example.net,18,IL,36810.7,2025-07-12
1297,Richard,Nelson,adamarmstrong@example.net,-10,WA,24146.6,2025-02-11
1298,Natasha,Gibbs,ugordon@example.net,83,PA,34590.89,2022-12-04
1299,Melissa,Phillips,andrea23@example.org,40,XX,5177.7,2024-04-19
1300,Kelly,Bowman,sara40@example.net,59,IL,44069.53,2026-07-14
1301,Veronica,Clark,smithmichael@example.net,71,WA,45795.51,2026-06-30
1302,Mark,Potts,jennifer69@example.com,49,CT,19893.5,2023-04-04
1303,Brian,Cabrera,jeffrey42@example.com,61,CT,22642.29,2026-06-29
1304,Amanda,Irwin,sharphailey@example.net,35,PA,20637.27,2022-12-02
1305,Connie,Munoz,lisawalker@example.com,83,CT,42153.72,2022-08-26
1306,Crystal,Garrison,omoore@example.net,58,IL,31629.16,2025-04-06
1307,Miguel,Barrera,crawfordstephen@example.org,43,MA,31208.38,2022-07-30
1308,Tracy,Blair,andrew22@example.com,55,CA,46059.59,2025-01-25
1309,Jacob,Thomas,psanchez@example.com,34,PA,25194.67,2022-02-18
1310,Alison,Acosta,morrisonnicholas@example.org,59,ZZ,38038.75,2022-03-08
1311,Alexander,Rivas,andersonkayla@example.com,79,WA,28531.91,2022-05-06
1312,Courtney,Smith,rosariodaniel@example.net,71,IL,14296.4,2025-09-21
1313,Melissa,Miller,timothyhart@example.com,72,NJ,26136.5,2025-09-16
1314,Kyle,Mendoza,brianholt@example.net,21,TX,7266.34,2024-05-08
1315,Andrew,Williams,curtis62@example.org,25,MA,13348.91,2026-03-12
1316,Andrew,Simmons,michaelmitchell@example.net,38,CT,34169.52,2023-07-22
1317,Nicole,Carson,vasquezvicki@example.org,36,NJ,34529.74,2022-02-20
1318,Stephanie,Howard,david10@example.net,55,MA,37679.7,2022-05-22
1319,Roy,Rogers,erinhernandez@example.net,22,CA,40701.31,2025-01-25
1320,Colleen,Mitchell,nelsonvictor@example.com,31,WA,43401.77,2026-04-19
1321,Lisa,Dawson,mccormickmichelle@example.org,46,IL,19444.33,2025-07-10
1322,Dwayne,Hernandez,ygriffith@example.com,83,CT,34646.8,2025-09-15
1323,Daniel,Simmons,duane52@example.org,24,TX,19377.73,2025-06-21
1324,Michael,Snyder,,58,IL,2690.11,2025-08-07
1325,Mathew,Pham,patrickdunn@example.net,50,MA,31028.08,2024-04-20
1326,Amanda,Underwood,tmiller@example.com,74,MA,45574.32,2024-04-07
1327,Kimberly,Shepherd,jacquelineyoung@example.org,65,WA,27330.76,2022-08-25
1328,Melissa,Cox,hrosario@example.org,43,MA,14708.89,2026-03-11
1329,Michael,Atkinson,kenneththomas@example.net,40,NY,9348.83,2026-06-29
1330,Robin,Sanchez,briantaylor@example.net,40,IL,5967.69,2025-02-25
1331,Nicholas,Johnson,swatson@example.org,23,TX,13955.61,2024-12-11
1332,Charles,Monroe,anthonydiaz@example.org,51,PA,8046.44,2022-11-09
1333,Alexander,Guerra,lhernandez@example.com,50,NJ,16528.14,2025-05-08
1334,Kaitlin,Hale,theodore57@example.net,37,NJ,7685.17,2025-02-09
1335,Justin,Moore,munozglenn@example.org,59,WA,2542.77,2021-09-07
1336,Marissa,Frazier,qspencer@example.net,56,FL,39495.41,2024-02-21
1337,Jenna,Henderson,josephdavis@example.com,63,NY,39201.57,2026-07-10
1338,David,Lewis,robinsonisaiah@example.net,58,IL,10998.1,2026-07-07
1339,Cassie,Jones,pwoods@example.net,41,IL,3408.82,2023-08-29
1340,Oscar,Brown,deborah34@example.org,82,PA,20796.56,2022-02-25
1341,Michael,Maxwell,anthony42@example.net,69,NY,17470.15,2022-03-01
1342,Jason,Smith,jacob30@example.org,45,CA,16553.33,2022-12-23
1343,Tiffany,Cunningham,uwilliams@example.org,55,MA,47515.41,2026-05-08
1344,Alan,Kelly,susan83@example.com,85,FL,49831.55,2025-05-23
1345,Jessica,Dickson,riverapeggy@example.net,19,NY,33446.92,2022-02-19
1346,Lindsey,Hernandez,cwoods@example.com,75,MA,45224.82,2022-06-09
1347,Faith,Miller,cisnerosjesse@example.org,49,NJ,34127.57,2025-09-02
1348,Destiny,Mack,victoriamason@example.net,59,TX,45796.62,2024-09-04
1349,Alexandra,Mack,vfloyd@example.com,32,TX,12829.53,2023-06-08
1350,Melissa,Jordan,nallen@example.net,54,NJ,45566.8,2022-01-03
1351,Elijah,Burton,,65,IL,40140.84,2025-06-19
1352,Kyle,Dillon,portershawn@example.org,75,FL,2192.58,2026-04-21
1353,Evan,Ramirez,michael12@example.net,42,CA,25694.74,2025-06-29
1354,Jonathan,Kennedy,kathryn72@example.org,30,PA,48581.44,2026-06-29
1355,Tracy,Cox,richard92@example.com,18,NY,10539.07,2023-06-20
1356,Megan,Crane,christopher68@example.com,45,TX,41783.25,2022-12-12
1357,Nancy,Fleming,figueroajohn@example.net,44,IL,41437.43,2021-09-02
1358,Melissa,Roberts,ashleynash@example.org,73,NY,37344.54,2023-07-29
1359,Steven,Davis,imcdonald@example.com,37,NJ,22961.26,2022-03-06
1360,Henry,Rodriguez,mtate@example.com,60,NJ,-4656.78,2023-04-11
1361,Logan,Davies,vlewis@example.com,24,PA,39710.74,2022-03-15
1362,Shawn,Gardner,nthomas@example.com,27,WA,41080.97,2024-06-22
1363,Vanessa,Schroeder,mayermichael@example.com,51,TX,19401.63,2026-07-11
1364,Jason,Lewis,,250,TX,15820.21,2022-11-22
1365,Gregory,Thomas,richard47@example.com,67,NY,26741.72,2024-04-03
1366,Elizabeth,Green,davisrachel@example.com,26,WA,2275.84,2026-06-14
1367,Kenneth,Gonzalez,iolson@example.net,27,CA,46402.39,2025-07-21
1368,Tammy,Kim,jmorrow@example.net,31,CT,39344.59,2022-08-16
1369,Jennifer,Lane,mariodowns@example.net,56,WA,4325.26,2025-05-07
1370,Jillian,Stewart,peggypeck@example.com,74,TX,19755.66,2025-12-15
1371,Daniel,Cordova,ubaker@example.org,21,FL,7816.17,2026-07-29
1372,Sherry,Mathews,lfowler@example.org,46,PA,37337.7,2021-10-24
1373,Julie,Lopez,carolynrobinson@example.org,55,PA,14902.83,2026-05-24
1374,Teresa,Ray,woodmichael@example.com,65,NJ,27676.21,2026-02-12
1375,Wayne,Parrish,dbanks@example.com,36,NY,2088.66,2023-09-07
1376,Michael,Daniels,daniel27@example.com,68,IL,27376.27,2023-07-01
1377,Angela,Martin,qjames@example.net,28,CT,10502.64,2025-01-12
1378,Cynthia,Park,cowanlinda@example.org,62,MA,20632.72,2022-01-29
1379,Allen,Randolph,crawfordkaren@example.net,83,PA,8047.72,2022-02-17
1380,Sean,Perkins,contrerasmelissa@example.org,46,WA,41737.42,2022-09-30
1381,Shawn,James,melissasampson@example.com,42,NY,9067.9,2026-06-21
1382,Robin,Gutierrez,xsmith@example.org,24,IL,23063.26,2024-03-03
1383,Joseph,Hopkins,mary63@example.org,27,CT,33584.26,2026-02-18
1384,Robert,Smith,krystalrandall@example.net,50,NY,9870.88,2025-09-25
1385,Carol,Rogers,zallen@example.org,80,CA,17856.92,2024-09-17
1386,Phillip,Williams,oanderson@example.com,48,NY,14256.86,2026-07-09
1387,Glenn,Strong,samuelgarcia@example.org,26,MA,15889.3,2024-02-26
1388,Crystal,Mueller,mary25@example.org,75,CA,30817.12,2022-02-05
1389,Anthony,Smith,anthonyzimmerman@example.org,250,WA,7619.75,2024-06-28
1390,Anthony,Gross,xwalters@example.com,64,CA,47932.95,2022-07-25
1391,Denise,Walker,amandasanchez@example.com,39,NJ,15660.74,2025-06-26
1392,Donna,Hill,courtneylittle@example.net,46,TX,13833.99,2025-12-19
1393,Daniel,Ho,rodriguezjustin@example.org,64,PA,33979.01,2022-02-04
1394,Troy,Ward,peterhenry@example.org,-10,FL,23142.42,not-a-date
1395,Tommy,Garrett,gracebrooks@example.com,63,CT,24348.57,2024-10-19
1396,Shannon,Martin,,31,PA,32277.58,2024-08-31
1397,Anthony,Daugherty,timothy99@example.net,28,CT,42935.68,2021-08-28
1398,Aimee,Scott,leeanthony@example.org,35,IL,9821.6,2024-03-22
1399,Kathleen,Robinson,,27,NY,44605.26,2022-04-29
1400,Christopher,Holt,josepholson@example.org,82,NJ,40632.12,2023-05-17
1401,Andrea,Phillips,zgraham@example.org,69,WA,10638.03,2022-11-18
1402,James,Mathis,suzanne19@example.net,22,IL,13030.82,2023-03-11
1403,Laura,Mckay,chamilton@example.com,-1,PA,18290.93,2024-08-12
1404,Joseph,Flores,lawsonruben@example.net,46,WA,36661.34,2023-05-25
1405,Rachael,Weiss,cjackson@example.net,55,PA,23235.06,2022-11-24
1406,Robert,Munoz,raymond12@example.com,83,NY,19839.26,2023-10-12
1407,Jacob,Sanchez,dianewatson@example.com,82,NJ,33133.92,2022-03-30
1408,Lucas,Smith,jason95@example.org,39,IL,7018.53,2024-06-10
1409,Paul,Guzman,dakotaramirez@example.net,38,PA,28317.86,2026-05-13
1410,Lindsay,Powers,bfleming@example.com,36,FL,46958.76,2025-09-13
1411,James,Williams,rjimenez@example.com,23,MA,38073.62,2022-03-24
1412,Shawn,Guzman,byoung@example.com,47,NY,13217.86,2021-09-20
1413,Krista,Johnston,buckjustin@example.com,47,NJ,33429.28,2021-10-25
1414,Amanda,Rose,deanna17@example.org,84,CA,19404.66,2025-10-13
1415,Robert,Turner,karen61@example.net,76,NJ,1995.23,2025-07-04
1416,Troy,Williams,heather77@example.net,-1,NY,35186.81,2026-06-20
1417,David,Brooks,johnsonbrandon@example.org,84,CT,41743.61,2022-04-29
1418,Victoria,Callahan,fperez@example.org,51,WA,27217.5,2025-04-02
1419,Lisa,Cabrera,villamiranda@example.com,40,TX,32683.77,2026-01-18
1420,Bradley,Williams,charles59@example.com,64,WA,32666.83,2022-12-25
1421,George,Taylor,uwilson@example.org,27,IL,12579.32,2025-05-25
1422,Pamela,Church,qwalsh@example.org,46,IL,20292.11,2024-03-29
1423,John,Woods,ubray@example.net,62,FL,39632.87,2024-01-17
1424,Christopher,Miranda,gomezmary@example.org,18,IL,44101.71,2024-12-05
1425,Jill,Harris,,74,PA,11499.54,2021-09-11
1426,Jason,Cardenas,invalid-email,83,CT,10575.86,2025-06-10
1427,Willie,Edwards,jeanette28@example.org,41,PA,18111.15,2026-03-16
1428,Jeffery,Cox,gparrish@example.org,33,MA,20730.68,2025-07-14
1429,Jacob,Ramirez,ginalynn@example.net,60,NY,24075.83,2024-11-15
1430,Dylan,Walter,allenpatricia@example.org,79,FL,10535.2,2022-12-19
1431,Thomas,Schmidt,joseph81@example.com,38,TX,1122.3,2023-10-16
1432,Edward,Shaw,brian45@example.org,23,PA,28674.33,2021-11-16
1433,Patrick,Reilly,kellypowell@example.net,38,PA,31477.02,2023-01-05
1434,Catherine,Stone,maldonadodebbie@example.org,23,WA,7343.26,2022-09-24
1435,Brian,Johnson,john81@example.com,39,CT,46122.34,2022-10-06
1436,Christine,Baldwin,olong@example.net,84,TX,29967.88,2025-10-02
1437,Heather,Simpson,kristibailey@example.com,20,CT,47362.69,2025-02-28
1438,Keith,Smith,,45,FL,30326.29,2025-04-30
1439,Melissa,Watts,lesliejones@example.org,78,FL,8528.34,2023-04-17
1440,Spencer,Rivers,bpatterson@example.org,70,WA,7135.61,2026-07-04
1441,Nicole,Jackson,wheelertara@example.net,41,WA,32982.44,2021-08-20
1442,Morgan,Kennedy,fuentesashley@example.com,51,PA,36209.34,2025-10-23
1443,Alicia,Jackson,kimberlygarcia@example.net,61,FL,29826.67,2023-04-24
1444,Tracy,Bell,elizabeth45@example.com,26,MA,18910.57,2021-09-12
1445,Michael,Mckinney,rrodriguez@example.net,34,NY,828.13,2025-04-10
1446,Andrew,Irwin,donnathomas@example.com,84,IL,34218.39,2021-10-14
1447,Becky,Dominguez,,37,WA,4814.93,2022-08-08
1448,Stephanie,Fowler,natalie87@example.net,78,WA,29990.69,2022-07-04
1449,Renee,Bailey,peter64@example.com,82,NY,4659.5,2022-08-02
1450,Bethany,Miles,hamiltonspencer@example.com,34,WA,26964.3,2023-01-27
1451,Tara,Porter,stevenhernandez@example.com,18,TX,26102.21,2024-10-01
1452,Elizabeth,Torres,calvin40@example.com,65,NJ,34882.14,2021-11-01
1453,Justin,Watkins,freemanadam@example.com,72,MA,46921.08,2024-12-07
1454,Aaron,King,natasha88@example.org,79,TX,17525.89,2026-05-27
1455,Jennifer,Thomas,ryanhull@example.com,30,TX,6694.16,2022-09-22
1456,Thomas,Gomez,ghenderson@example.com,79,MA,45504.27,2026-03-27
1457,Carla,Thompson,ushelton@example.net,28,CT,29914.62,2022-04-30
1458,Katrina,Wright,tspencer@example.com,70,CT,9451.05,2022-01-22
1459,Ashley,Fuller,nicholasliu@example.com,18,WA,26127.03,2022-02-10
1460,Alisha,Benson,taylor67@example.com,84,NJ,18751.49,2026-06-10
1461,Steven,Gaines,bernardrobert@example.org,44,CA,20442.25,2024-09-15
1462,Kevin,Sanchez,david89@example.com,31,PA,21303.58,2021-11-24
1463,Megan,Martinez,fordkathryn@example.net,50,CT,42748.85,2023-12-07
1464,Brian,Brown,cookconnor@example.com,72,WA,18282.2,2024-06-17
1465,Hannah,Lin,yangemily@example.net,53,TX,37748.6,2025-03-20
1466,Jacqueline,Black,rtaylor@example.net,70,IL,39189.42,2025-11-23
1467,Kevin,Collins,shaffercindy@example.org,79,PA,18510.65,2022-03-16
1468,Aaron,Munoz,meyerjohn@example.org,79,CT,49425.41,2024-01-01
1469,Marissa,Wallace,howekevin@example.com,62,TX,36789.12,2026-07-19
1470,Lori,Skinner,lorraine79@example.org,33,MA,22329.74,2023-10-17
1471,Daisy,Lopez,georgeharmon@example.net,38,NY,10722.91,2022-08-20
1472,Timothy,Roberts,haleytrevor@example.net,69,CA,40042.69,2023-01-03
1473,Paul,Marsh,bbutler@example.org,24,PA,19455.18,2021-10-09
1474,Stephen,Elliott,carpenteraustin@example.net,18,NY,41162.77,2026-02-05
1475,Christine,Williams,sydney77@example.com,78,WA,21768.87,2021-09-04
1476,Eric,Mason,michaelmccarthy@example.com,26,CT,11088.51,2024-03-13
1477,Greg,Hernandez,stephen24@example.net,28,WA,1887.77,2023-02-23
1478,Phillip,Hendricks,ebennett@example.net,67,TX,30698.28,2024-12-04
1479,Barbara,Pennington,david59@example.net,84,CT,35580.29,2023-05-16
1480,Christina,Powell,johnsonjessica@example.org,25,PA,32014.57,2022-02-11
1481,Daniel,Villa,omorris@example.net,74,NJ,10085.36,2025-08-11
1482,Daniel,Gilmore,acampos@example.org,84,CT,9737.32,2021-12-10
1483,John,Johnson,alexandernicholas@example.net,83,IL,34922.49,2025-11-01
1484,Sandra,Morris,ogray@example.net,39,NJ,17987.0,2024-05-31
1485,James,Henry,jeremiah26@example.net,18,PA,4342.14,2025-09-04
1486,James,Perkins,harrislisa@example.org,53,TX,17656.38,2023-06-06
1487,Ricky,Payne,petersonfaith@example.net,68,TX,29304.01,2024-11-04
1488,Tyler,Collier,wmason@example.net,84,NJ,36846.28,2026-02-17
1489,Melissa,Solis,ypatterson@example.org,26,NY,27479.63,2024-06-23
1490,David,Holmes,wilsonjerry@example.net,62,CA,48164.38,2024-05-02
1491,Andrew,Nicholson,sandra46@example.net,53,MA,30318.17,2023-06-03
1492,Monique,Moore,charles93@example.net,42,FL,46485.69,2026-04-17
1493,Vincent,Ross,gardnerpatricia@example.net,18,CT,8751.74,2023-12-27
1494,Samantha,Baker,johnsonrobert@example.org,82,INVALID,27931.54,2023-04-22
1495,Kathy,Taylor,sandra03@example.com,82,CT,16998.29,2021-12-30
1496,Stacy,Strong,reedchad@example.com,32,IL,47835.47,2024-08-15
1497,Cheyenne,Miller,rpotts@example.net,50,FL,48302.77,2021-11-03
1498,Austin,Romero,,79,MA,37873.66,2026-04-16
1499,Anthony,Casey,amandadalton@example.net,76,FL,44826.19,2025-01-18
1500,Andrew,Olson,scannon@example.org,21,FL,5813.42,2023-10-13
1501,Ronald,Taylor,nwilson@example.com,26,TX,-1443.09,2023-05-23
1502,Matthew,Hull,jessechapman@example.org,46,MA,40008.07,2023-09-12
1503,Karen,Morton,ritteralexis@example.net,70,CA,25825.21,2022-11-18
1504,Brian,Brown,cwhite@example.com,19,CT,12412.88,2023-05-19
1505,Diana,Sanchez,david67@example.net,29,TX,33684.9,2022-03-30
1506,Chase,Wright,troymoss@example.com,61,NY,27727.58,2026-02-13
1507,Michele,Wallace,shelly84@example.net,40,FL,15693.64,2022-11-08
1508,Patricia,Flores,brownrachel@example.net,45,WA,13453.79,2026-05-21
1509,Todd,Miller,maureenmeyer@example.com,42,FL,36855.61,2025-05-05
1510,Jason,Watson,barryyoung@example.com,48,MA,43637.12,2024-11-18
1511,Shawn,Wilson,rhuff@example.com,44,MA,10138.33,2024-07-28
1512,Kevin,Hanna,ramirezchelsea@example.com,49,WA,17801.37,not-a-date
1513,Patrick,Wallace,jamielopez@example.com,31,NY,46009.41,2024-04-17
1514,Donna,Johnson,sharon95@example.com,81,WA,331.18,2025-09-07
1515,Brittany,Todd,jessica96@example.com,23,FL,18559.83,2025-07-18
1516,Sarah,Goodwin,transtephanie@example.net,58,FL,44906.06,2023-01-26
1517,Vicki,Nichols,karmstrong@example.net,53,FL,-2275.37,2022-12-07
1518,Susan,Mcdonald,davidsmith@example.net,83,CT,19893.97,2026-05-22
1519,Christopher,Wright,matthew60@example.net,34,NJ,26286.77,2023-01-02
1520,Joseph,King,martinezashley@example.com,72,FL,46982.72,2025-10-24
1521,Melanie,Wallace,gonzalessteven@example.com,22,IL,17364.45,not-a-date
1522,Megan,Robinson,rileychristopher@example.net,40,FL,48825.36,2024-05-22
1523,Stephanie,Alexander,katie44@example.com,84,FL,15782.56,2022-04-08
1524,Crystal,Thomas,halldiamond@example.org,19,NJ,33705.15,2025-01-20
1525,Michelle,Riley,tranjeremy@example.net,66,WA,5037.39,2026-08-05
1526,Theresa,Smith,amber09@example.org,64,WA,43092.1,2023-05-19
1527,Chris,Wallace,youngmark@example.com,41,IL,13142.45,2025-10-11
1528,Erin,Jones,invalid-email,52,FL,47926.34,2023-04-07
1529,Kristin,Rogers,xmerritt@example.com,61,CA,9195.68,2026-05-06
1530,Kelly,Johnson,bradley29@example.org,72,MA,20954.65,2022-03-01
1531,Jason,Edwards,shelby69@example.org,65,CA,42716.3,2024-12-01
1532,Edward,Farmer,friedmansusan@example.org,53,FL,8994.46,2024-06-16
1533,Whitney,Mccoy,hryan@example.net,34,WA,34300.6,2025-08-16
1534,Catherine,Hopkins,mstewart@example.net,30,CT,40204.38,2023-02-05
1535,John,Sanchez,jerry51@example.net,73,TX,9803.16,2022-11-02
1536,Jessica,Beard,christopher88@example.org,37,FL,40283.42,2026-03-17
1537,Denise,Jacobs,ohartman@example.net,40,TX,24979.89,2025-10-09
1538,Valerie,Frost,kimberlyrussell@example.net,84,IL,36028.02,2024-12-17
1539,Catherine,Flynn,invalid-email,80,CT,12548.7,2024-02-27
1540,Eddie,Snyder,rachelwalter@example.org,24,TX,4948.74,2022-06-19
1541,Robert,Cannon,inewton@example.org,38,NJ,10773.37,2025-10-20
1542,Andrew,Jackson,andersonmichelle@example.com,50,FL,41948.59,2026-02-26
1543,Michael,Morales,jenniferwilson@example.com,30,FL,37229.66,2024-08-03
1544,Christina,Mcknight,jonessamantha@example.com,51,CA,18015.33,2026-03-09
1545,Crystal,Yang,eroberts@example.net,50,CA,991.77,2022-04-21
1546,Isaac,Cannon,hernandezalan@example.net,33,CA,43368.43,2023-06-25
1547,Debra,Gray,uthompson@example.net,43,WA,28794.72,2023-01-11
1548,Kendra,Hall,kpeterson@example.net,40,CT,17755.45,2026-02-13
1549,Bethany,Anthony,ymitchell@example.com,83,FL,38737.22,2025-06-02
1550,Stephanie,Williams,russellramirez@example.net,75,NY,19053.55,2023-03-16
1551,Michael,Martin,joshua73@example.org,54,FL,31585.61,2023-01-28
1552,Samantha,Zhang,middletonelizabeth@example.org,36,PA,32029.03,2022-02-10
1553,Andrea,Romero,anthonyorr@example.net,61,TX,31563.67,2024-04-27
1554,James,Freeman,woodjuan@example.net,69,NY,3955.6,2023-10-07
1555,Sean,Martinez,hphillips@example.net,61,MA,15674.1,2025-03-01
1556,Megan,Wallace,fsnyder@example.org,55,CT,30269.25,2026-08-07
1557,Jessica,Wilson,,68,CT,44384.59,2022-06-01
1558,Matthew,Chavez,mannleroy@example.org,64,WA,26046.78,2023-10-19
1559,Sarah,Bauer,james80@example.net,75,TX,8365.91,2024-10-08
1560,John,Willis,emilybaker@example.org,20,PA,36388.62,2024-01-21
1561,Jacob,Crawford,jamesliu@example.net,50,NY,10528.57,2025-12-02
1562,Kara,Smith,henrycheryl@example.net,68,NY,4777.69,2022-07-10
1563,Robert,Baker,pwelch@example.net,78,IL,2691.27,2023-05-18
1564,Alyssa,Best,mary47@example.com,68,IL,38249.82,2025-08-13
1565,Philip,Howard,ophillips@example.org,28,NY,13122.61,2026-06-13
1566,Penny,Gallagher,umontes@example.org,37,NY,32741.63,2024-12-11
1567,Darrell,Marshall,donna56@example.net,67,CT,11467.8,2022-04-09
1568,Nicole,Larsen,rburke@example.org,54,FL,31324.03,2021-10-10
1569,Joseph,Lewis,xbrown@example.com,34,IL,41925.89,2022-12-09
1570,Louis,Myers,qcoleman@example.org,21,NJ,33177.46,2022-12-22
1571,Jessica,Morgan,parkerrobert@example.net,59,FL,23359.67,2026-01-04
1572,Amanda,Chan,,52,IL,22242.25,2022-04-12
1573,Amber,Clements,langchristopher@example.net,40,WA,29879.21,2023-04-19
1574,Michael,Miranda,penaapril@example.com,73,IL,31989.33,2024-04-23
1575,Tracie,Massey,oheath@example.com,57,CA,24082.58,2025-08-21
1576,Renee,Rivera,angelawright@example.org,47,NY,22093.02,2021-10-23
1577,Andrew,Bentley,masonlacey@example.org,64,TX,12990.35,2022-06-01
1578,Kevin,Hall,arthurbrady@example.com,56,NJ,-4828.19,2024-11-28
1579,David,Yang,michelle11@example.net,35,CA,14338.11,2025-03-30
1580,Kathryn,Perry,newtonamber@example.org,19,FL,47347.88,2022-02-09
1581,Brianna,Myers,kristen68@example.net,79,CT,456.63,2021-09-30
1582,Joshua,Harris,tanya97@example.com,73,CT,29850.19,2023-02-02
1583,Christopher,Rasmussen,timothy88@example.org,18,IL,18682.19,2023-07-18
1584,Victoria,Luna,kathryn17@example.org,70,IL,21855.32,2024-07-09
1585,Angel,Wise,kwood@example.org,49,PA,35746.9,2024-11-05
1586,Martin,Pacheco,davisgary@example.com,67,TX,11029.62,2024-08-07
1587,Christopher,Powell,kmills@example.org,28,TX,31266.15,2021-12-04
1588,Trevor,Jenkins,mary05@example.net,84,WA,40378.75,2024-06-16
1589,Richard,Smith,karinorton@example.net,52,CT,32422.85,2024-02-18
1590,Susan,Young,gfletcher@example.net,52,TX,9400.03,2025-12-04
1591,Victoria,Miller,simmonschris@example.org,26,PA,6831.2,2025-06-01
1592,Fernando,Goodman,jameskane@example.org,32,FL,30886.47,2021-10-29
1593,Roger,Jackson,jtaylor@example.com,52,WA,24599.8,2023-08-18
1594,Kenneth,Graham,jennifer48@example.com,59,NJ,7607.47,2024-09-15
1595,Nathan,Santos,kellycohen@example.net,20,PA,48616.63,2026-05-24
1596,Nathan,Munoz,vford@example.net,54,CT,6251.96,2025-03-26
1597,Melissa,Taylor,asmith@example.org,74,NJ,11640.52,2022-05-20
1598,Carlos,Rowland,jacqueline31@example.net,37,NJ,24678.98,2023-12-04
1599,Cody,Weber,carlfields@example.org,61,TX,15578.83,2023-05-11
1600,Alexis,Lee,lori69@example.net,81,CA,23184.22,2023-02-28
1601,Claudia,Powell,ann31@example.net,22,CA,4011.15,2022-05-24
1602,Jessica,Ramirez,anne28@example.net,36,NJ,13325.18,2024-11-09
1603,Patrick,Johnston,tammy97@example.org,68,NY,27159.6,2022-06-22
1604,Krista,Hays,invalid-email,41,MA,44784.95,2022-06-16
1605,Nancy,Morris,taylorlindsay@example.com,50,TX,41412.6,2024-12-15
1606,Mark,Mason,,33,MA,19239.89,2025-03-01
1607,Michael,Roberson,alyssa93@example.org,74,MA,36880.95,2026-05-12
1608,Martha,Dawson,fcastro@example.net,22,MA,23041.73,2025-07-30
1609,Gina,Grant,lpearson@example.org,30,IL,33300.39,2025-12-18
1610,Melissa,Townsend,jessica39@example.net,44,FL,19456.15,2026-01-05
1611,Samantha,Lee,harold03@example.com,57,CA,7930.57,2023-06-09
1612,James,Willis,clinton54@example.net,23,IL,26046.31,2026-03-29
1613,Catherine,Johnson,darlene60@example.net,50,FL,31926.0,2025-02-25
1614,Joshua,Brown,roysara@example.net,43,CA,44375.98,2024-10-17
1615,Tracy,Wells,johnsonanthony@example.net,45,NY,11798.29,2022-05-25
1616,Jill,Pitts,christopherflowers@example.org,73,CA,753.39,2021-11-29
1617,Dana,Brown,hodgejoshua@example.org,53,WA,5982.48,2024-11-27
1618,Joan,Cook,,49,NJ,48441.75,2026-05-10
1619,Zachary,Shepard,qbutler@example.net,78,WA,7749.6,2021-12-09
1620,James,Juarez,jessicamiller@example.com,29,MA,7884.92,2021-11-08
1621,Charlotte,Barker,vthompson@example.org,29,WA,16921.1,2023-03-10
1622,Ann,Wilson,scarroll@example.org,25,NJ,17775.88,2024-06-18
1623,Steven,Wilson,whitechristopher@example.com,37,IL,39573.31,2024-08-03
1624,Tammy,Wang,robinsonnicholas@example.org,34,FL,11633.73,2026-01-07
1625,Sherry,Parker,julierojas@example.com,62,FL,36659.44,2021-11-24
1626,Janice,Thompson,annettegutierrez@example.org,20,TX,17908.37,2022-12-30
1627,James,Krause,heidi41@example.com,35,CT,44933.15,2023-05-29
1628,Michael,Barton,rgallegos@example.org,80,FL,27951.24,2021-10-25
1629,Mary,Cruz,victoriahamilton@example.net,80,MA,28335.09,2025-09-08
1630,Laura,Clark,christopher34@example.org,62,CA,36620.12,2023-12-21
1631,Anthony,Wilson,thomasmcdonald@example.com,53,WA,45723.7,2023-06-30
1632,Nicholas,Chapman,,38,NY,26556.87,2025-12-24
1633,Alan,Fisher,matthew12@example.com,75,CT,40970.93,2023-03-01
1634,Steven,Lopez,gonzaleschristina@example.net,64,FL,35.99,2024-07-06
1635,Ryan,Ross,johnnybrooks@example.com,82,TX,36682.89,2024-01-17
1636,Richard,Williams,,20,WA,42841.46,2022-03-04
1637,Ronald,Adams,kwatkins@example.net,48,CA,36050.18,2022-06-18
1638,Kevin,Carlson,stephaniebradley@example.org,67,MA,26203.49,2022-04-13
1639,Mason,Choi,parkerkatie@example.com,81,IL,7706.58,2023-12-05
1640,Frederick,Smith,jamesjackson@example.com,54,CA,20490.23,2022-01-12
1641,Joel,Harris,ramseyeric@example.net,59,NY,4812.81,2025-11-11
1642,Nicholas,Woods,cory86@example.net,26,NJ,41759.67,2022-09-11
1643,Thomas,Bennett,wmccarthy@example.org,34,PA,43674.64,2023-07-28
1644,Lucas,Mcconnell,smejia@example.net,43,NY,24268.51,2025-04-14
1645,Roger,Long,reedelizabeth@example.net,30,NJ,28550.61,2021-10-07
1646,Nicole,Thompson,mikemorgan@example.org,67,FL,26291.07,2024-09-07
1647,Karen,Melendez,devinlopez@example.org,50,NJ,18317.7,2023-02-21
1648,Christopher,Cruz,ronaldmitchell@example.com,27,NJ,46510.55,2025-01-03
1649,Timothy,Green,zwhite@example.net,44,FL,46420.19,2024-03-21
1650,Daniel,Drake,gina16@example.org,28,FL,40051.0,2022-06-08
1651,David,Hunter,psmith@example.net,25,CA,27900.99,2023-08-22
1652,Kelsey,Turner,judy19@example.com,71,CA,39712.48,2024-02-22
1653,Kimberly,Joseph,daniel26@example.net,25,WA,13290.78,2025-06-06
1654,Monica,Miller,rogerssarah@example.net,23,NY,41722.82,2022-12-03
1655,Zachary,Mendez,dgraham@example.com,27,MA,48029.34,2021-10-30
1656,Miranda,Stevens,smallgina@example.com,30,NY,36258.6,2023-10-05
1657,Emily,Wang,danielsguy@example.com,67,MA,9655.97,2023-09-19
1658,Sean,Evans,larsonmichael@example.org,49,WA,31266.25,2024-04-15
1659,Randy,Thompson,martinezduane@example.com,40,IL,37459.72,2023-10-15
1660,Joshua,Bonilla,samanthaberger@example.net,71,NY,38314.17,2025-09-26
1661,Ashley,Williams,nathan29@example.net,63,FL,35127.52,2024-10-27
1662,Nicole,Reyes,morgandana@example.com,72,NY,8340.47,2023-09-29
1663,Andrew,Clements,jennifer16@example.org,41,IL,20077.86,2025-08-07
1664,Ashley,Cooley,heatherwilliams@example.net,61,PA,26695.02,2023-12-31
1665,Kathleen,Kim,joshuapowers@example.net,74,CA,45124.25,2023-08-17
1666,Howard,Mitchell,russellandrew@example.com,59,CA,20617.16,2024-12-01
1667,Joshua,Ford,colton30@example.net,73,CA,30420.67,2023-04-04
1668,Bryce,Roberts,omatthews@example.net,45,TX,38285.41,2023-04-11
1669,Paul,Spears,cooperluis@example.com,50,CA,48082.59,2022-05-23
1670,Melissa,Porter,emilyscott@example.org,75,TX,9.78,2024-12-08
1671,Ashley,Miller,whoffman@example.org,22,CT,29788.14,2022-09-02
1672,Traci,Wood,karen77@example.org,84,PA,49670.6,2022-05-30
1673,Brenda,Weber,wperry@example.org,56,NJ,15016.7,2025-05-22
1674,Justin,Manning,nicholasmedina@example.com,46,INVALID,42786.02,2024-09-01
1675,Melissa,Davis,jasonrodriguez@example.com,20,CT,45955.6,2022-07-11
1676,Erik,Waters,wpierce@example.org,83,IL,28533.41,2023-09-22
1677,Carol,Flores,crystal58@example.net,37,NY,1886.82,2024-04-17
1678,Jeffrey,Powell,cmitchell@example.org,63,PA,6920.41,2026-04-02
1679,Gregory,Roberts,kathryn21@example.com,64,WA,12492.85,2024-07-13
1680,Robert,Barnes,danamontgomery@example.org,50,CT,4595.26,2024-09-05
1681,Wesley,Miller,udougherty@example.net,69,WA,45894.09,2022-11-18
1682,Ashley,Kennedy,craneandrew@example.net,27,CA,39645.21,2026-01-19
1683,Destiny,Arnold,melissamartin@example.com,40,FL,41285.26,2025-04-01
1684,John,Kennedy,marcuscarter@example.org,30,WA,32112.73,2022-09-01
1685,Steven,Sanchez,yfritz@example.org,22,WA,19077.31,2026-07-01
1686,Vincent,Rodriguez,monica23@example.com,25,CA,17396.51,2025-03-30
1687,Chad,Goodman,ecamacho@example.com,73,TX,46512.3,2021-12-25
1688,Robert,Green,baldwincatherine@example.net,33,MA,37383.93,2025-03-16
1689,Samuel,Carey,carterraymond@example.net,19,TX,2706.4,2025-06-23
1690,Michael,Moran,hpatterson@example.org,85,NJ,15965.83,2022-05-12
1691,Jose,Bryan,bowenmichael@example.net,37,CA,25120.08,2023-05-01
1692,Robin,Pope,josephrivera@example.net,46,PA,2525.99,2022-01-01
1693,Rachel,Vasquez,katherinepeterson@example.net,68,FL,37642.01,2023-11-09
1694,Kristin,Lyons,invalid-email,82,NY,11104.28,2023-01-27
1695,Jeffrey,Wood,,55,TX,7400.62,2024-10-20
1696,Thomas,Gonzales,eric22@example.net,61,NY,23792.73,2023-02-04
1697,Patrick,Walsh,rosalesbrandy@example.org,24,IL,19959.56,2024-07-21
1698,Jordan,Griffith,kwoods@example.com,28,TX,25091.16,2024-11-07
1699,Brenda,Mason,nicholas72@example.net,34,PA,24046.13,2024-01-16
1700,Timothy,James,petersonkyle@example.org,43,FL,19765.94,2022-05-20
1701,Charlotte,Daniel,santosmichael@example.com,43,IL,30799.84,2024-06-24
1702,Danielle,Smith,judithcox@example.org,85,MA,12115.75,2023-08-17
1703,Corey,Rivera,nelsonsuzanne@example.net,52,TX,16170.58,2024-04-27
1704,Christopher,Yates,pknight@example.org,29,NY,33587.38,2022-11-29
1705,Jodi,Norris,jeremylove@example.org,72,CA,17415.39,2021-10-31
1706,Chelsea,Arnold,,59,CA,29693.86,2026-03-01
1707,David,Turner,invalid-email,21,CT,8462.76,2024-01-07
1708,Corey,Keith,florescynthia@example.org,62,WA,41079.2,2024-01-09
1709,Scott,Alvarez,danielsjason@example.com,74,WA,7290.92,2023-02-18
1710,Alec,Jordan,cortezscott@example.net,23,MA,9984.26,2022-08-09
1711,Linda,Mendez,qgay@example.com,65,PA,37886.69,2024-08-21
1712,Travis,Thompson,ppalmer@example.com,28,NY,36979.08,2022-12-14
1713,Amanda,Peterson,connie12@example.com,49,WA,46336.48,2021-08-30
1714,Patricia,Hicks,emartin@example.com,54,NJ,17163.57,2024-12-30
1715,Cody,Atkins,dana82@example.org,32,CT,22503.08,2025-07-11
1716,Kathryn,Lewis,luke87@example.org,20,CA,10450.48,2025-01-21
1717,Sara,Clark,mariolee@example.com,45,MA,27321.21,2025-07-24
1718,Melissa,Bishop,markblack@example.com,51,IL,24151.32,2024-11-24
1719,Kristina,Chan,,36,NJ,18830.33,2023-06-27
1720,Kevin,Acosta,shannon69@example.com,85,NJ,12772.82,2025-06-12
1721,Adam,Case,schmittmichael@example.org,25,CT,10034.8,2026-07-05
1722,Katie,Smith,jasonmoran@example.com,52,NJ,23248.04,2025-10-18
1723,Andrew,Simmons,,19,INVALID,19432.26,2022-08-18
1724,Jason,Shaw,daniel32@example.com,52,CA,43214.11,2025-03-31
1725,Shelly,Watkins,harringtonpeter@example.net,20,CT,43370.52,2024-01-25
1726,Joshua,Lawson,dbrown@example.net,67,MA,48989.64,2023-05-07
1727,Amanda,Kim,daniel21@example.com,83,NY,45193.6,2026-07-09
1728,Jessica,Holloway,brittanyandrews@example.net,80,WA,26578.03,2022-01-26
1729,John,Armstrong,angela40@example.org,41,MA,25032.54,2025-06-29
1730,Carlos,Hartman,susan57@example.net,76,IL,46317.5,2026-01-21
1731,Jack,Mcdonald,mcox@example.net,20,NJ,12369.61,2026-06-28
1732,Jonathon,Munoz,taylordawn@example.com,85,CT,16678.48,2023-08-13
1733,Tom,Williams,durhamwilliam@example.org,68,PA,918.61,2024-06-17
1734,Wendy,Moyer,,63,CA,31261.55,2023-04-20
1735,Carlos,Jones,mccannkimberly@example.net,48,IL,13793.91,2022-06-04
1736,William,York,mbishop@example.org,25,CT,43933.86,2025-06-20
1737,Ryan,Hill,vpreston@example.org,21,IL,47455.82,2024-11-19
1738,Charles,Holland,shawn60@example.com,46,PA,17089.31,2024-07-04
1739,Adam,Clayton,smithmarcus@example.org,68,PA,4389.75,2022-12-04
1740,Jeffrey,Craig,amanda39@example.com,66,IL,48030.28,2026-02-05
1741,Jennifer,Ray,kendraharris@example.org,47,TX,12018.04,2022-02-19
1742,Amanda,Blackburn,chanamber@example.org,37,TX,48526.86,2023-04-09
1743,Leslie,Hall,jamesmartin@example.com,60,FL,27111.69,2022-10-18
1744,Samantha,Barton,taylorrachel@example.com,44,PA,29051.54,2022-03-31
1745,Stacy,Johnson,omargriffin@example.com,43,PA,15449.92,2022-08-16
1746,Kelli,Lawrence,,85,PA,21503.21,2025-04-03
1747,David,Sherman,shepardjoy@example.com,36,WA,45855.61,2025-05-19
1748,Logan,Lee,marshmichael@example.com,58,NY,27867.01,2024-03-05
1749,Sierra,Smith,zlara@example.org,33,PA,15879.88,2023-05-29
1750,Sonya,Copeland,pbautista@example.com,36,NJ,38271.75,2022-10-12
1751,Jacqueline,Santos,bliu@example.com,70,TX,15167.41,2025-04-13
1752,Phyllis,Williams,gregorysmith@example.net,53,PA,38955.39,2022-05-30
1753,Heather,Farmer,,31,PA,9237.32,2024-12-08
1754,Nathan,Perry,robertthompson@example.net,52,WA,28352.15,2026-06-17
1755,Judy,Patrick,michaelbuckley@example.org,47,WA,11609.13,2021-10-12
1756,James,Powell,regina49@example.com,21,CA,3973.77,2021-10-10
1757,Anthony,Johnson,jjohnson@example.com,79,PA,25116.23,2021-11-11
1758,Nicholas,George,ericsmith@example.org,78,CA,9198.82,2022-02-03
1759,Vanessa,Rodriguez,amarshall@example.net,67,FL,23692.35,2023-11-01
1760,Melody,Pacheco,collinsterrance@example.com,38,MA,11313.65,2022-04-10
1761,Diana,Diaz,woodskaitlyn@example.net,70,NJ,46271.75,2022-08-12
1762,Jeffrey,Anderson,jeremiahmiller@example.org,70,MA,37118.33,2025-03-21
1763,Justin,Gilbert,jeremylopez@example.net,43,MA,3306.82,2023-02-20
1764,Jennifer,Murray,kathleen25@example.com,74,WA,24497.14,2023-07-04
1765,Dustin,Doyle,adkinslauren@example.net,59,FL,44379.35,2021-11-14
1766,James,White,invalid-email,72,TX,38810.74,2022-06-10
1767,Marcus,Armstrong,mmathews@example.net,250,CA,19707.54,2025-12-24
1768,Tara,Sullivan,shawnbaker@example.com,85,NJ,26032.45,2022-03-22
1769,Joshua,Mack,matthew24@example.com,75,FL,41350.51,2025-09-01
1770,Tony,Dunn,barnettmatthew@example.net,23,MA,25935.13,2022-12-12
1771,Kimberly,Simmons,oconnelldavid@example.org,68,NJ,27885.05,2026-07-05
1772,Maria,Martinez,david54@example.com,84,NJ,9492.52,not-a-date
1773,Tracey,Miller,raymondpugh@example.net,74,TX,44219.88,2022-08-10
1774,Mary,Walker,gonzalezjulie@example.net,54,FL,8324.33,2024-08-20
1775,Edward,Heath,mcbridemichael@example.org,55,WA,45951.64,2025-02-06
1776,Wendy,Jackson,craigmartin@example.net,84,PA,23178.95,2025-12-05
1777,Jeremy,Arias,amberfriedman@example.com,75,NY,36132.34,2025-12-04
1778,Joshua,Haley,hphillips@example.com,32,PA,38936.56,2026-02-06
1779,Taylor,Taylor,aaron48@example.net,35,TX,20677.97,2023-03-11
1780,Sandra,Austin,brownrobert@example.org,75,NJ,8943.93,2024-01-14
1781,Ethan,Stanton,petermoore@example.com,43,FL,4508.98,2023-08-03
1782,James,Flowers,perezstacy@example.org,59,PA,35918.74,2026-02-04
1783,David,Singh,jamiethomas@example.com,33,NY,5708.25,2025-06-08
1784,Alex,Wilson,alexandria97@example.org,75,CA,4265.33,2024-12-07
1785,Kent,Martinez,whernandez@example.net,67,IL,30603.63,2023-05-04
1786,Joseph,Travis,qmassey@example.org,38,TX,27517.29,2024-10-07
1787,Ronald,Jackson,,23,PA,45612.64,2022-02-23
1788,Whitney,Morrison,,37,PA,43440.93,2021-11-30
1789,Daniel,Carrillo,rebecca85@example.com,40,NJ,20979.08,2024-12-19
1790,John,Kelly,garcialinda@example.org,57,FL,14439.03,2024-07-24
1791,Jeffrey,Hamilton,dalton78@example.net,41,NY,44927.1,2025-10-26
1792,Nicholas,Stone,gwilliams@example.net,43,NJ,31128.02,2025-10-28
1793,Dawn,Garcia,wilsonkathryn@example.com,50,NJ,22932.13,2024-07-13
1794,Jenna,Munoz,chiggins@example.com,81,IL,40372.73,2024-11-13
1795,Scott,Murray,bentleylisa@example.net,81,MA,10843.69,2025-05-09
1796,Ryan,Odonnell,ashleyjohnson@example.com,78,FL,20507.57,2022-02-15
1797,Samantha,Pham,qatkinson@example.com,28,WA,30005.11,2025-09-22
1798,Maurice,Beltran,joshuabowers@example.com,49,IL,13905.65,2023-12-04
1799,Vicki,Baker,jasontownsend@example.net,44,NJ,9242.0,2024-11-15
1800,Joy,Mullins,megangates@example.com,25,CA,1836.05,2023-05-23
1801,Amanda,Trujillo,leslietorres@example.net,22,WA,41900.72,2022-01-31
1802,Richard,Howell,katherineharris@example.net,56,CA,46019.23,2024-01-22
1803,Matthew,Kim,kari25@example.org,24,NY,20847.85,2022-03-10
1804,Bonnie,Stout,katherine82@example.com,40,PA,33604.52,2024-09-21
1805,Charles,Davis,jphelps@example.net,40,FL,37466.74,2023-05-02
1806,Michael,Anderson,vgarcia@example.com,64,NJ,4656.31,2024-09-12
1807,Tara,Nguyen,scottwilliams@example.net,56,CA,18428.47,2022-05-29
1808,Victoria,Johnson,,66,NY,37922.1,2026-01-03
1809,Scott,Cain,alexandersanchez@example.org,26,CT,23540.84,2025-12-02
1810,Timothy,Gonzales,robertabbott@example.net,33,CT,16460.43,2023-08-19
1811,Barbara,Barrera,tfrancis@example.com,70,IL,10492.27,2025-08-25
1812,Joseph,Wood,lukekelly@example.net,44,WA,2909.23,2022-04-21
1813,Michelle,Andersen,,85,NY,24183.15,2026-07-16
1814,Kristen,Romero,gnichols@example.net,54,TX,30442.23,2022-10-09
1815,Michael,Park,stevenandrews@example.org,58,CT,26269.56,2023-12-07
1816,Samuel,Garza,bentongeorge@example.net,63,PA,30714.5,2023-11-16
1817,Debra,Huang,jdillon@example.org,81,XX,36459.24,2025-01-16
1818,Cameron,Higgins,stacey09@example.com,81,FL,40399.02,2023-10-15
1819,Kathy,Anderson,clewis@example.com,47,CT,48962.88,2024-04-28
1820,Emily,Rivera,ithomas@example.net,18,NY,1199.34,2024-07-26
1821,Michelle,Arellano,josephmichael@example.org,33,MA,39978.22,2025-07-04
1822,Chad,Brown,invalid-email,71,TX,2274.61,2022-11-16
1823,Carolyn,Blake,maryjohnson@example.com,62,IL,40302.18,2025-04-11
1824,Martin,Davis,rberry@example.com,45,NJ,32030.92,2025-08-28
1825,Patrick,Wells,isaac45@example.org,54,CT,39509.78,2025-03-03
1826,Natasha,Porter,jorgegonzalez@example.com,57,CT,25334.48,2026-07-24
1827,Cynthia,Morgan,warrenandrew@example.net,59,NJ,5691.84,2021-12-08
1828,Angela,Fleming,jacksontamara@example.net,60,CA,19802.47,2021-09-10
1829,Mark,Torres,michele23@example.net,21,PA,9700.78,2024-09-26
1830,Hunter,Robinson,collin29@example.com,61,FL,45808.15,2024-07-02
1831,Patricia,Mccarthy,williamolsen@example.com,22,PA,24074.78,2021-10-13
1832,Benjamin,Medina,aguirrelarry@example.com,76,IL,44796.43,2022-03-03
1833,Felicia,Lawrence,,77,TX,46389.5,2022-05-29
1834,Christie,Rogers,jmcfarland@example.com,25,IL,14967.19,2025-07-21
1835,Sherry,Barnett,morganmichael@example.org,58,IL,26794.27,2026-06-08
1836,Travis,Bauer,howardsabrina@example.com,44,WA,34274.67,not-a-date
1837,Renee,Zimmerman,abbottchristopher@example.net,63,NY,48480.66,2023-03-27
1838,Alison,Andrews,psherman@example.org,53,NJ,16957.62,2023-01-17
1839,Derek,Gallagher,sheryl66@example.com,66,IL,42120.29,2023-07-08
1840,Tracy,Henry,anna96@example.com,67,PA,29759.59,2024-02-14
1841,Kristie,Mitchell,rosebobby@example.org,57,CA,35492.0,2023-03-03
1842,Briana,Mccullough,daniellestevenson@example.net,52,TX,4339.89,2021-10-09
1843,Tammy,Cruz,tamara06@example.net,-10,CA,22595.32,2024-03-04
1844,Melinda,Hicks,lozanocorey@example.org,56,MA,26255.02,2026-02-04
1845,Jennifer,Jones,tylerduncan@example.net,40,NY,18710.78,2021-09-16
1846,Sandra,Harris,glassadam@example.org,22,MA,45667.69,2024-12-06
1847,Rose,Rivera,valerieserrano@example.com,74,IL,1246.74,2026-03-22
1848,Richard,Moore,christyscott@example.com,79,IL,7703.89,2025-01-13
1849,Jennifer,Barrera,jamie46@example.net,61,FL,36622.05,2021-09-06
1850,Madison,Bennett,lisafreeman@example.net,85,CT,38776.66,2021-09-07
1851,Heather,Williams,,36,NY,41106.93,2021-12-25
1852,Danny,Moore,ijones@example.com,84,PA,10259.36,2022-06-20
1853,Jody,Moses,smitchell@example.com,22,FL,19379.41,2025-11-29
1854,Jose,Juarez,mcarson@example.org,84,NY,205.49,2024-05-28
1855,Tyler,Martinez,harrisondaniel@example.org,23,WA,43593.75,2021-10-27
1856,Paul,Miller,allenchristina@example.com,60,FL,44459.29,2025-04-28
1857,Scott,Hammond,kaylahardy@example.org,31,IL,38309.01,2024-06-23
1858,Stacy,Peterson,sandra57@example.org,57,NJ,28877.99,2026-02-21
1859,Brian,James,william32@example.net,57,MA,16044.02,2022-08-09
1860,Diane,Gonzales,pjones@example.net,42,CT,13832.48,2024-04-10
1861,Angela,Thomas,invalid-email,58,FL,33556.2,2024-04-21
1862,Christine,Jackson,mitchell21@example.net,52,PA,7874.8,2022-10-19
1863,Patrick,Hart,hmack@example.org,32,NJ,47914.9,2025-06-11
1864,Austin,Gardner,banksrenee@example.net,83,NY,10328.87,2024-11-09
1865,Justin,Jensen,pkent@example.net,62,IL,15924.25,2024-02-01
1866,John,Baird,jmendoza@example.com,36,CT,28704.15,2024-04-25
1867,Michael,Thomas,sylviaprice@example.com,39,NY,15568.88,2026-01-16
1868,Micheal,Smith,douglas76@example.net,61,IL,22182.38,2026-01-12
1869,Melissa,Archer,marygomez@example.com,34,NJ,23536.78,2023-09-27
1870,Robert,Quinn,dfarley@example.com,24,NY,19179.98,2023-04-28
1871,Elizabeth,Anderson,johnmarquez@example.net,29,TX,19595.84,2022-08-09
1872,Morgan,Hopkins,rachel86@example.com,75,WA,17781.22,2024-11-07
1873,Jason,Thomas,danielsshaun@example.net,60,MA,35644.93,2023-09-10
1874,James,Morgan,donnagiles@example.com,28,FL,28389.47,2022-07-14
1875,Scott,Benson,lbradley@example.com,29,FL,4863.15,2026-07-21
1876,Erin,Hammond,zandrews@example.org,57,FL,23527.29,2022-05-21
1877,Leslie,Sanchez,kathryntucker@example.net,-1,PA,43054.81,2026-04-19
1878,Cheryl,Moss,lowekristin@example.org,51,CA,19603.85,2021-09-27
1879,Samantha,Booth,melissa55@example.org,60,CA,22664.15,2025-05-08
1880,Susan,Parker,,21,NY,-1165.08,2026-02-26
1881,Sean,Morgan,keithgarcia@example.net,62,FL,23062.08,2022-06-06
1882,Nicole,Martin,,39,CT,38397.08,2024-06-10
1883,Courtney,Graves,hannah31@example.net,34,IL,5146.61,2026-05-12
1884,Regina,Davis,taylorparker@example.com,31,CA,27807.49,2024-01-07
1885,Katie,Willis,sarah99@example.org,27,CT,26637.28,2023-11-14
1886,Andrew,Vasquez,nicole15@example.org,69,WA,20672.1,2022-07-08
1887,Claire,Byrd,danieldonovan@example.net,49,IL,7951.01,not-a-date
1888,Cynthia,Carter,gomeztonya@example.com,79,TX,3303.0,2021-09-17
1889,Patricia,Butler,michaelking@example.net,44,WA,21557.42,2023-01-13
1890,Abigail,Moon,kflores@example.org,73,WA,39366.34,2024-11-17
1891,Jackie,Baker,rmorgan@example.net,48,PA,33130.61,2026-08-11
1892,Diane,Hopkins,andrea29@example.org,27,WA,41837.41,2025-04-22
1893,Andrew,James,cjames@example.net,32,WA,29803.77,2024-12-28
1894,Heidi,Rogers,vrussell@example.org,59,ZZ,4882.7,2026-05-07
1895,Jennifer,Tran,fcampbell@example.com,74,PA,15401.79,2026-03-24
1896,Christopher,Wade,michelle10@example.org,69,NY,29912.96,2025-08-30
1897,Daniel,Jones,calvin93@example.org,66,CA,24714.76,2025-12-13
1898,Alec,Smith,,25,NY,10880.59,2024-07-18
1899,Tammy,Costa,kristi19@example.org,35,WA,45162.8,2021-11-29
1900,Dominic,Hardin,lopezjennifer@example.org,18,PA,33044.07,2021-08-26
1901,Latasha,Hall,lovepaul@example.net,75,IL,14575.16,2024-04-12
1902,Thomas,Gonzalez,ljacobs@example.com,75,MA,10283.08,2023-01-27
1903,Erica,Hancock,,58,CT,28513.82,2022-07-06
1904,James,Thomas,hollywarner@example.org,56,TX,35889.56,2022-07-28
1905,Melinda,Avila,,62,NY,29136.35,2023-02-12
1906,Robert,Davidson,,83,TX,42381.84,2022-11-01
1907,Adrian,Zamora,juan21@example.org,55,NJ,18461.14,2021-12-11
1908,Max,Quinn,wmiller@example.net,24,NJ,35167.71,2023-11-11
1909,Tiffany,Craig,brianna59@example.net,63,NY,43062.39,2026-06-06
1910,Ashley,Acosta,shannon75@example.com,21,MA,21585.78,2023-02-18
1911,Tracy,Gardner,jeremyjackson@example.net,68,CA,35588.68,2023-05-25
1912,Steven,Murray,dford@example.com,69,TX,21759.5,2022-05-24
1913,Joann,Cruz,markskristina@example.com,45,PA,23743.57,2026-08-01
1914,Crystal,Ross,hamiltonlisa@example.org,42,IL,19229.75,2022-05-21
1915,Sophia,Robinson,,64,TX,7713.36,2022-08-15
1916,Tyler,Moore,jeremy79@example.net,34,PA,580.14,2024-02-16
1917,Ryan,York,dcosta@example.com,20,PA,-3571.63,2026-06-10
1918,Carl,Morris,jfranklin@example.org,80,TX,48748.75,2024-03-23
1919,Troy,Robinson,tsmith@example.net,35,NY,6861.01,2022-06-04
1920,Crystal,Sutton,mcarr@example.org,71,FL,44679.12,2024-04-12
1921,Matthew,Brooks,mikewaller@example.org,72,WA,8989.87,2021-09-20
1922,Mitchell,Sanchez,haley57@example.com,83,TX,27602.5,2024-05-28
1923,Barbara,Rivera,rachelsheppard@example.net,75,TX,17765.36,2024-06-29
1924,Rhonda,Erickson,lisawright@example.net,41,TX,30228.66,2023-12-25
1925,Andrew,Dixon,cruzeddie@example.com,81,MA,35606.5,2022-01-14
1926,Travis,Morrison,carl63@example.com,52,TX,46328.22,2025-03-11
1927,Michael,Strickland,owright@example.org,64,NJ,48911.67,2023-04-08
1928,Mallory,Olson,kristenfrye@example.com,79,CA,5658.22,not-a-date
1929,Cassandra,Herrera,,79,NY,7104.37,2023-02-10
1930,Bruce,Dyer,john66@example.net,85,CT,23246.82,2025-09-22
1931,Alex,Green,kennethjohnson@example.net,28,IL,44495.77,2025-06-11
1932,Christian,Marshall,seanreyes@example.org,29,MA,23622.58,2024-08-07
1933,Katherine,Rodriguez,stephen39@example.com,27,IL,39904.91,2023-01-21
1934,Brenda,Morris,martinezmindy@example.net,57,WA,2638.71,2024-01-07
1935,Donald,Decker,opierce@example.com,61,IL,38926.36,2024-11-11
1936,Randall,Nguyen,schneidermario@example.net,78,FL,25633.16,2021-10-29
1937,William,Sharp,tylermcintosh@example.org,78,WA,36690.73,2022-05-22
1938,Alexandra,Bentley,christopherward@example.com,71,CA,48029.07,2023-04-28
1939,Robert,Potter,dmorales@example.net,55,CT,8375.41,2023-09-18
1940,Kristine,Neal,olsenshane@example.org,56,WA,13022.16,2025-06-12
1941,Misty,Perez,newmanangela@example.org,78,WA,8453.96,2024-11-05
1942,Heidi,Mendoza,robinsonjesse@example.org,24,CT,40444.79,2026-05-28
1943,Devin,Flores,qavila@example.com,21,CT,24238.01,2021-09-23
1944,Kathy,Vasquez,cpierce@example.org,34,IL,3843.11,2024-07-31
1945,Jason,Aguilar,baileychristopher@example.com,53,CT,6626.94,2024-03-06
1946,Maria,Sanders,amandaherman@example.net,53,CT,42892.92,2024-09-29
1947,Joseph,Brooks,mmoore@example.net,19,ZZ,30191.08,2022-11-30
1948,James,Hurst,invalid-email,37,FL,18488.34,2021-10-10
1949,Carrie,Curtis,hharris@example.org,40,CT,39126.39,2023-07-27
1950,Daniel,Fitzpatrick,,48,FL,9040.46,2023-02-15
1951,Hannah,Lewis,michael03@example.net,85,NJ,17142.4,2026-01-31
1952,Megan,Robinson,collinsjavier@example.org,28,PA,29777.2,2025-12-07
1953,Jamie,Arroyo,dcortez@example.com,37,FL,37638.06,2024-08-22
1954,Frederick,Vasquez,laura31@example.net,70,TX,11897.37,2022-03-02
1955,Aaron,Johnson,vincentstacey@example.org,74,PA,10542.84,2023-02-24
1956,Patrick,Carroll,coltonrichardson@example.net,62,NJ,32113.05,2022-08-02
1957,Rodney,Walter,ramirezdesiree@example.com,32,NJ,8380.02,2025-06-26
1958,Rachel,Turner,stephen31@example.net,69,FL,15068.36,2025-05-09
1959,Evelyn,Johnson,hthompson@example.org,-10,TX,34175.5,2025-04-04
1960,Spencer,Tanner,joseph97@example.org,67,FL,13131.26,2025-04-16
1961,Eric,Brown,fjohnson@example.com,85,TX,593.15,2025-10-14
1962,Robert,Dudley,douglassusan@example.com,75,TX,33924.67,2025-03-07
1963,Jennifer,Harris,andrew43@example.org,85,NJ,4868.22,2025-01-30
1964,Lisa,Forbes,russomary@example.com,63,TX,30524.28,2024-06-05
1965,Jacqueline,Conner,mitchellchristopher@example.com,52,CA,13516.31,2023-11-30
1966,Thomas,Martin,jessica82@example.com,30,CT,32717.16,2025-04-23
1967,Michael,Thompson,wwatson@example.com,68,FL,38657.55,2022-05-15
1968,Emily,Preston,bward@example.org,48,WA,38524.86,2024-08-23
1969,Nicole,Cook,debbie78@example.net,84,CA,33885.91,2022-06-15
1970,Brad,Hunter,carolfernandez@example.net,41,CA,27380.63,2022-06-06
1971,Lauren,Taylor,makaylasanders@example.com,19,NY,598.07,2026-01-14
1972,Veronica,Stephens,johnstonjonathan@example.net,30,IL,5195.36,2024-12-15
1973,Fred,Perez,tracy55@example.net,75,CA,10970.82,2026-04-26
1974,Alexandra,Weiss,barbarabrady@example.net,54,CT,9653.98,2025-05-23
1975,Daniel,Bowman,smoore@example.org,21,WA,4597.06,2025-03-19
1976,Patricia,Costa,simpsonruth@example.net,45,WA,31904.14,2026-05-20
1977,John,Sullivan,amberdavis@example.org,33,NY,42822.04,2021-09-30
1978,Anthony,Martinez,mariabecker@example.org,34,TX,32819.73,2022-11-25
1979,Stephanie,Henderson,dorothy09@example.com,41,NY,34782.68,2023-05-07
1980,Nicholas,Torres,lreid@example.org,50,CT,23347.78,2025-01-10
1981,Tiffany,Porter,anthony76@example.net,27,FL,46134.77,2025-06-25
1982,Roberto,Matthews,stacy70@example.com,53,TX,34611.07,2021-10-28
1983,Tony,Bullock,fking@example.org,59,CT,8098.3,2022-11-10
1984,Maria,Welch,gibsonkaitlyn@example.org,27,CT,38855.3,2024-08-25
1985,Taylor,Morris,arobinson@example.org,66,TX,16632.74,2021-09-06
1986,David,Huffman,wallssean@example.net,25,CT,47780.28,2022-07-16
1987,Joshua,Cunningham,kingdavid@example.net,51,PA,22028.74,2024-02-02
1988,Rachel,Carter,billburke@example.com,80,MA,30515.09,2022-03-07
1989,Eric,Monroe,timothywright@example.com,40,FL,5421.52,2025-07-06
1990,Lindsay,Whitehead,lwilliams@example.org,73,MA,30698.31,2023-05-02
1991,Felicia,Bruce,jenniferstokes@example.org,31,FL,35770.02,2022-02-20
1992,Donald,Yang,kimmichael@example.net,31,NJ,3645.98,2023-10-13
1993,Jeanette,Hurst,cynthia16@example.com,50,FL,938.24,2021-10-19
1994,Samuel,Miles,brownjose@example.net,81,PA,32643.27,2023-06-03
1995,Richard,Calhoun,davidmartin@example.net,18,NJ,33230.29,2022-07-26
1996,James,Keller,angela71@example.net,52,PA,35002.76,2022-07-23
1997,Robert,Castro,jamesevans@example.net,68,WA,185.19,2025-02-20
1998,Alex,Brown,rodriguezelizabeth@example.net,80,FL,21802.88,2024-04-14
1999,Kevin,Cain,samantha73@example.org,26,IL,11292.34,2024-12-14
2000,Timothy,Lewis,paulschultz@example.net,67,FL,6060.18,2025-12-04
2001,Chad,Estrada,michellejones@example.net,63,CA,34091.79,2026-08-01
2002,Charles,Martin,,69,NJ,31613.63,2025-10-09
2003,Richard,Goodwin,harrellkimberly@example.org,29,CA,26731.31,2022-08-05
2004,Jessica,Brooks,oobrien@example.net,61,NY,42059.08,2026-03-04
2005,Timothy,Avery,wlucas@example.net,55,MA,8830.92,2022-06-02
2006,Carol,Roberts,reynoldsanthony@example.org,23,TX,33036.7,2024-06-10
2007,Janet,Waters,woodphillip@example.com,56,TX,44823.03,2024-11-18
2008,Valerie,Peterson,samantha78@example.com,63,FL,4243.12,2023-07-25
2009,Monica,Barker,taylordavis@example.com,74,MA,6997.15,2026-07-05
2010,Amanda,Jensen,kingjoseph@example.com,42,NJ,35986.95,2026-01-03
2011,Brooke,Perez,rebecca93@example.com,48,FL,19438.38,2026-06-30
2012,James,Rogers,mramirez@example.com,57,FL,26697.0,2024-12-24
2013,Jacob,Austin,leahbarker@example.org,75,NJ,1852.13,2025-01-25
2014,Michael,Daniels,james79@example.net,25,CA,39388.93,2022-07-01
2015,Jenny,Walter,jamietyler@example.com,23,TX,5909.36,2022-07-19
2016,Deborah,Crawford,peterlove@example.net,84,FL,47004.49,2023-12-05
2017,Matthew,Scott,kingtammy@example.net,37,WA,11649.28,2026-07-21
2018,Aaron,Lopez,sarah78@example.net,27,NJ,36772.99,2025-09-27
2019,William,Fisher,brent67@example.net,130,NJ,23560.98,2022-03-04
2020,Samuel,Edwards,herbertward@example.org,23,MA,35064.84,2021-11-01
2021,Chad,Rodriguez,david16@example.org,34,NJ,8612.45,2021-10-30
2022,Donna,Brown,morganclaudia@example.com,24,CT,41036.96,2023-01-20
2023,John,Robinson,sarah53@example.org,30,FL,30561.29,2021-09-29
2024,Breanna,Farmer,lindabryan@example.org,26,NY,5708.98,2024-05-04
2025,Andre,Martin,lisa11@example.org,46,NY,40222.68,2025-11-10
2026,Jeffrey,Stevens,patricialowery@example.com,72,CA,40576.05,2022-03-03
2027,John,Parker,ogriffin@example.org,69,CA,6040.12,2025-11-13
2028,Ricky,Wallace,jocelyncruz@example.net,35,CA,41821.35,2025-05-21
2029,Andrew,Hubbard,nicolehenry@example.net,45,NJ,29654.26,2023-05-06
2030,Andrew,Romero,mmassey@example.org,60,NY,6037.27,2023-07-01
2031,Jade,Burke,zjackson@example.org,36,TX,8402.54,2022-09-21
2032,Michael,Hill,,65,IL,8250.31,2026-06-09
2033,Glenda,Elliott,chavezlauren@example.com,49,WA,2034.94,2024-06-28
2034,Michael,Smith,bramsey@example.org,30,WA,18806.55,2023-10-27
2035,Michael,Adams,timothy23@example.net,38,NJ,43981.35,2024-11-09
2036,Carol,Patrick,wernermichael@example.org,28,NJ,361.2,2022-01-30
2037,Ruth,Davis,wrightalicia@example.com,29,WA,44345.76,2023-11-24
2038,Kelly,Garrison,monica23@example.com,71,FL,34617.92,2023-03-11
2039,Abigail,Hall,oliverashley@example.net,44,PA,31991.29,2022-07-06
2040,Amy,Mcmahon,joelmorton@example.org,84,FL,20601.57,2024-08-24
2041,Chase,Mejia,lisa28@example.org,40,WA,34583.68,2025-07-12
2042,Angela,Wood,ericfrederick@example.org,41,FL,30602.49,2025-07-26
2043,Mark,Jackson,william08@example.net,29,CT,17392.68,2026-02-08
2044,Phillip,Jackson,imoore@example.org,18,IL,11781.95,2025-12-10
2045,Mary,Berry,steven72@example.net,33,IL,48839.57,2022-03-07
2046,John,Bowman,jonesnicholas@example.org,64,IL,25377.04,2023-01-25
2047,Allison,Burns,upierce@example.com,77,MA,13821.33,2026-01-28
2048,Steven,Holland,kristin96@example.com,42,NY,39830.65,2024-04-01
2049,Rickey,Gordon,cmartinez@example.org,78,FL,8816.19,2021-12-31
2050,Virginia,Wilkinson,munozrobert@example.com,23,NJ,32243.04,2023-02-17
2051,Andrew,Freeman,lewiskimberly@example.org,54,MA,21733.58,2023-11-19
2052,Brittany,Blake,deborahturner@example.org,60,WA,40257.68,2022-05-06
2053,Rachel,Mckee,tommy77@example.com,76,NJ,5221.05,2026-01-17
2054,Steven,Perry,sanchezdustin@example.net,24,IL,8794.38,2026-03-31
2055,Kenneth,Brown,pblankenship@example.com,21,FL,25745.19,2022-01-08
2056,Kelly,Nicholson,ewilliams@example.org,27,MA,36070.15,2023-05-24
2057,James,Weeks,alexgarcia@example.net,59,TX,9937.57,2025-03-10
2058,Joseph,Johnson,crystalwatson@example.com,59,MA,38948.76,2023-08-26
2059,Lauren,Stevens,justin08@example.net,59,MA,4903.21,2022-04-01
2060,Samuel,Freeman,estradaamy@example.net,70,MA,18776.62,2024-06-18
2061,Carlos,Donaldson,trivera@example.com,46,NY,23549.51,2025-04-16
2062,Cynthia,Thomas,christopherreyes@example.com,80,NJ,44524.44,2022-09-25
2063,Bradley,Smith,jameshudson@example.com,36,MA,46394.36,2025-08-18
2064,Nicole,Simmons,veronica30@example.org,130,PA,19366.52,2022-06-13
2065,Benjamin,Acosta,robinsonrose@example.org,35,FL,35991.06,2026-04-04
2066,Trevor,Miller,invalid-email,63,CT,10110.54,2025-04-09
2067,Nathan,Harrison,barbara85@example.net,34,NJ,34610.53,2024-12-15
2068,Alison,Contreras,linda33@example.org,25,CT,6825.07,2023-10-20
2069,Joseph,Case,victor60@example.net,77,FL,20911.19,2023-02-18
2070,Michelle,Rodriguez,angelarichard@example.org,61,MA,44320.45,2026-01-14
2071,John,Stein,terrywilliam@example.com,38,WA,45278.91,2025-05-06
2072,Robert,Rivera,sanchezcindy@example.net,47,NY,20584.81,2021-12-18
2073,Lee,Small,bsullivan@example.org,84,FL,43109.95,2023-09-14
2074,Tiffany,Cook,david37@example.com,45,WA,23674.45,2026-04-10
2075,Randy,Lewis,,77,CT,725.19,2024-09-07
2076,Frederick,Moore,brittney11@example.org,72,MA,12391.57,2022-01-16
2077,Joan,Hernandez,fvasquez@example.net,73,WA,11120.33,2024-11-14
2078,Victoria,Smith,antoniocarter@example.com,37,XX,44912.59,2025-01-10
2079,Samantha,Graves,williamspatricia@example.com,71,NJ,2002.93,2022-02-17
2080,Wendy,Miller,mendezlori@example.org,78,IL,1681.03,2025-07-31
2081,Penny,Holloway,lrodriguez@example.com,85,TX,23963.47,2024-09-16
2082,Alicia,Decker,dillon79@example.com,30,FL,24764.25,2022-06-02
2083,Kimberly,Robertson,sobrien@example.com,28,IL,37653.93,2021-10-16
2084,Melissa,Ortega,wpatrick@example.net,70,MA,6635.6,2023-03-01
2085,Desiree,Briggs,proman@example.com,55,MA,32382.01,2024-12-18
2086,Jason,Murray,benjaminbrown@example.org,29,NJ,23989.15,2022-05-15
2087,Whitney,Martinez,campbellmarvin@example.com,57,PA,35165.22,2024-07-12
2088,Jennifer,Graham,spearselizabeth@example.net,21,FL,23188.03,2024-05-23
2089,Briana,Pineda,pauladouglas@example.com,35,TX,9247.29,2022-05-31
2090,James,Jones,randalllinda@example.com,65,FL,35195.1,2022-07-25
2091,Tyler,Barrett,ubowers@example.com,18,NY,19243.96,2022-04-18
2092,Mark,Levy,wbarrett@example.net,60,IL,1635.71,2025-12-22
2093,Jack,Booth,stephanieperry@example.com,72,CT,34902.75,2026-01-04
2094,Matthew,Williams,johnmunoz@example.com,44,NY,31022.76,2026-03-03
2095,Jennifer,Butler,welchjennifer@example.net,60,NJ,25736.82,2023-07-01
2096,Aaron,Webb,jasoncook@example.net,64,NJ,5548.33,2025-12-03
2097,Julie,Hill,invalid-email,64,FL,30956.67,2026-04-07
2098,James,Carrillo,gibsonjennifer@example.net,64,CA,8763.37,2023-01-31
2099,Wendy,Bryant,marvin69@example.net,26,IL,35466.86,2026-06-17
2100,Bryan,Gallegos,mhickman@example.net,44,PA,49062.58,2022-10-14
2101,Leslie,Garza,pbaker@example.org,48,IL,5677.88,2025-09-19
2102,Elizabeth,Riley,hbaker@example.org,79,WA,43556.57,2021-11-01
2103,Stephanie,Cole,dsmith@example.org,44,MA,16023.19,2025-08-23
2104,Joshua,Olsen,usmith@example.net,52,IL,34011.34,2025-07-28
2105,Kayla,Alvarado,nzhang@example.net,53,NJ,3168.46,2024-12-09
2106,Keith,Wilson,saraprice@example.net,62,FL,24311.35,2023-04-11
2107,Amy,Gonzalez,pmiller@example.org,85,NY,23508.19,2026-05-14
2108,Andrew,Anderson,gary44@example.com,55,FL,31047.56,2022-06-10
2109,Ronald,Daniel,connor44@example.net,26,MA,44595.16,2025-02-02
2110,Danielle,Jones,morganfarrell@example.org,76,NY,4008.52,2026-05-27
2111,Cameron,Townsend,,40,CT,47912.83,2022-03-28
2112,Katie,Chan,,27,NY,8238.31,2024-09-14
2113,Kristen,Kelly,gomezpaul@example.org,32,PA,24816.44,2024-05-11
2114,John,Smith,,44,IL,47605.24,2022-06-07
2115,Lisa,Nichols,writter@example.net,20,CT,20826.83,2023-05-22
2116,Matthew,Price,ggarcia@example.com,34,FL,17335.01,2022-09-10
2117,James,Walsh,cherryjulie@example.net,74,NJ,14575.84,2026-04-21
2118,Kimberly,Grant,phughes@example.com,26,NJ,43589.69,2022-08-17
2119,Bobby,Chavez,duncanandre@example.net,47,IL,-1417.97,2026-04-21
2120,Deborah,Perry,montesmichelle@example.org,70,WA,17139.62,2022-04-20
2121,Cody,Meyer,watkinsthomas@example.net,59,FL,29667.86,2026-08-12
2122,Jessica,Peterson,hartmandanielle@example.org,85,IL,22262.82,2023-03-12
2123,Lynn,Carter,brownkevin@example.org,56,WA,6597.71,2025-02-10
2124,Lisa,Kidd,,57,PA,39463.39,2023-06-14
2125,Tyrone,Rodgers,sjohnson@example.com,47,FL,18595.12,2022-07-22
2126,Christopher,Taylor,coxcody@example.com,54,NJ,7416.92,2025-06-22
2127,Lucas,Martinez,brandimiller@example.org,54,FL,47810.69,2023-01-06
2128,Mckenzie,Pierce,cainana@example.net,38,IL,14262.33,2025-12-26
2129,Amy,Escobar,invalid-email,40,PA,8062.74,2026-03-24
2130,Robert,Barrett,joyce21@example.org,32,NJ,49688.65,2026-05-18
2131,Brianna,Rodriguez,zwilliams@example.com,34,ZZ,13020.36,2023-08-30
2132,Daniel,Moore,christopherjackson@example.net,41,MA,28124.36,2026-03-23
2133,Jackie,Garcia,ruizjessica@example.org,22,CA,48901.13,2022-06-24
2134,Susan,Shields,veronicasmith@example.net,36,CA,22421.45,2026-01-03
2135,Barbara,Blair,travisyoung@example.com,38,IL,15077.99,2022-09-08
2136,Elizabeth,Lee,max69@example.com,21,TX,46553.45,2026-03-09
2137,Keith,Wright,mannjonathan@example.net,36,FL,46390.56,2024-02-14
2138,Tiffany,Sullivan,julievazquez@example.net,37,NJ,48507.51,2022-07-21
2139,Danielle,Wilson,davidwilliams@example.org,82,ZZ,32362.2,2025-05-10
2140,Jessica,Sutton,tammyhill@example.org,55,FL,44798.87,2024-07-03
2141,Denise,Love,gutierrezmatthew@example.com,36,WA,36427.19,2022-05-09
2142,Jennifer,Floyd,mark66@example.net,74,CA,34457.35,2024-03-23
2143,Joshua,Alvarado,jamiegomez@example.net,79,NJ,6971.16,2025-12-03
2144,Eileen,Burns,samuel40@example.com,32,CT,1239.78,2023-12-13
2145,Bryan,Small,goodmanalice@example.org,46,FL,17869.68,2023-09-13
2146,Nicole,Taylor,gregory07@example.net,59,NJ,30407.56,2021-12-16
2147,Shawn,Turner,shannonbarker@example.com,42,WA,-4870.43,2025-10-30
2148,Tabitha,Nelson,iwalker@example.org,53,MA,1127.43,2025-07-15
2149,Deanna,Cruz,danielgriffith@example.net,75,NY,48791.98,2022-11-27
2150,Corey,Atkins,julie01@example.net,68,MA,24523.27,2026-06-02
2151,Daniel,Roach,,83,NJ,45422.35,2025-08-17
2152,Alyssa,White,amadden@example.org,64,INVALID,7397.3,2026-06-05
2153,Mark,Norris,abradley@example.com,72,CA,19305.63,2022-08-07
2154,Daniel,Torres,zking@example.com,19,CT,17246.01,2024-07-24
2155,Courtney,Santiago,cody79@example.org,57,FL,43715.09,2026-01-31
2156,Mark,Hodge,thomas38@example.com,29,MA,36392.67,2024-02-05
2157,Ryan,Hart,garciapaula@example.org,74,TX,40184.28,2023-09-08
2158,Bradley,Mcdonald,garciaveronica@example.net,54,PA,40283.64,2023-11-03
2159,Derek,Rojas,nathanjohnson@example.org,72,TX,6978.38,2026-03-23
2160,Robert,Esparza,forozco@example.com,29,PA,10389.19,2026-04-02
2161,Cheryl,Davis,kylie83@example.org,78,IL,49331.92,2024-01-05
2162,Joshua,Jackson,howetracy@example.org,26,WA,37805.7,2025-08-11
2163,Paige,Garcia,sandyramirez@example.com,29,NJ,20473.03,2025-02-11
2164,Sarah,Mullins,anthonydavis@example.net,52,TX,8744.65,2024-06-28
2165,Elizabeth,Lee,jimwilliams@example.org,77,WA,37762.19,2022-08-11
2166,Jason,Anderson,cbrown@example.org,35,MA,9300.32,2024-09-22
2167,Anthony,Swanson,michaelsherman@example.com,66,CT,27693.35,2025-10-22
2168,Ryan,Watts,thomassmith@example.com,23,XX,41729.26,2021-10-22
2169,Gregory,Cameron,wrodriguez@example.org,56,FL,27964.05,2022-09-09
2170,Eric,Rodriguez,hollymartin@example.net,77,MA,1342.0,2024-03-26
2171,Angela,Byrd,olivia29@example.net,18,PA,13133.85,2024-12-07
2172,Jason,Cole,cherylnorton@example.com,78,NY,32690.65,2023-03-18
2173,Catherine,Howe,gonzalezkenneth@example.net,54,TX,8968.62,2023-12-16
2174,Christopher,Perkins,rachelhall@example.net,49,NJ,5967.73,2024-04-19
2175,Mercedes,Castro,lblankenship@example.net,53,FL,49716.65,2025-04-27
2176,Derek,Holmes,laurenallen@example.org,26,WA,37278.28,2024-03-04
2177,Catherine,Wilkerson,ambermiller@example.net,79,WA,21803.43,2024-04-27
2178,Jordan,Rivera,mariawilliams@example.com,51,FL,48712.94,2025-11-19
2179,Jamie,Pratt,hollydavis@example.org,33,CA,25626.29,2024-10-03
2180,Charles,Le,rojasmarc@example.org,20,CT,8142.36,2025-01-14
2181,Victoria,Morgan,cannonkimberly@example.net,25,PA,15984.06,2025-02-01
2182,Michelle,Sharp,,35,CA,8165.44,2024-07-24
2183,Christopher,Lee,gonzalespatricia@example.net,52,CA,20975.7,2023-06-28
2184,Kristin,Goodman,ballvanessa@example.com,63,NJ,14492.81,2023-07-12
2185,Darius,Rocha,karen42@example.org,85,NY,25693.32,2024-05-12
2186,Dylan,Barnett,hmitchell@example.org,41,NY,29938.12,2022-05-21
2187,Madison,Roberts,edwardstaylor@example.net,39,IL,16130.34,2023-10-22
2188,Anthony,Greene,stanleynina@example.com,130,CT,13572.95,2023-05-11
2189,Matthew,Ward,alyssa66@example.net,64,NY,26721.02,2022-03-31
2190,Robert,Salinas,vickiwood@example.org,63,PA,644.88,2023-06-19
2191,Lorraine,Glover,jblair@example.net,84,CT,18650.71,2021-10-29
2192,Terry,Russell,,80,TX,17015.65,2023-12-07
2193,Michael,Lutz,davidbrown@example.org,38,NY,10893.81,2026-04-10
2194,Michelle,King,zamorarose@example.net,82,MA,41578.68,2021-08-28
2195,Connie,Green,amywells@example.org,85,IL,35627.36,2024-03-18
2196,Nicholas,Gallagher,rossjohn@example.net,32,TX,-2488.8,2021-12-16
2197,Heather,Montgomery,jessica89@example.net,27,NY,40942.24,2024-12-24
2198,Jessica,Russell,andrewsuarez@example.net,20,FL,17410.5,2022-04-14
2199,Jennifer,Kirk,tlewis@example.com,64,PA,40851.94,2022-01-16
2200,Morgan,Short,sonia62@example.com,84,CA,8610.36,2026-05-13
2201,Nathaniel,Roberts,lopezkristina@example.net,56,NJ,37223.01,2025-01-04
2202,Matthew,Vega,james01@example.com,33,MA,6435.72,2023-07-09
2203,Robert,Ramirez,william88@example.org,36,MA,15371.42,2025-06-29
2204,Jessica,Richardson,mariahill@example.net,44,PA,49055.48,2026-06-30
2205,Steven,Decker,nunezmatthew@example.com,72,NY,3886.76,2025-01-24
2206,Brian,Farrell,,79,TX,2125.85,2022-08-09
2207,Alicia,Matthews,fosterjeffrey@example.org,31,NJ,39652.76,2025-08-30
2208,Christopher,Dawson,ufox@example.org,83,WA,2963.26,2024-05-09
2209,Catherine,Gonzalez,mccoyjames@example.org,33,CT,2164.07,2022-04-22
2210,Dawn,Key,khanmelissa@example.net,56,NJ,37727.51,2022-01-06
2211,Christopher,Brady,uchang@example.com,33,WA,10270.06,2022-02-09
2212,Susan,Garrison,smithjack@example.org,43,PA,33530.03,2026-08-14
2213,Anthony,Rodriguez,irodriguez@example.net,21,NY,7277.85,2024-04-02
2214,Alexander,Barker,thomas74@example.net,53,WA,17391.83,2023-01-19
2215,Tiffany,Wilson,nrangel@example.net,38,IL,39040.11,2022-09-13
2216,Micheal,Conner,normajones@example.net,48,IL,28511.77,2021-12-26
2217,David,Fox,daniel43@example.org,30,WA,38162.2,2023-08-14
2218,Thomas,Massey,katherinerussell@example.org,85,MA,35790.58,2025-09-15
2219,Eric,Lewis,charleshayes@example.com,54,PA,45083.01,2023-04-27
2220,Chase,Scott,,18,NY,46211.6,2022-04-13
2221,Amanda,Shepard,gallegoscrystal@example.com,82,FL,-4819.53,2022-10-27
2222,Selena,Patterson,stonecody@example.net,41,FL,33676.28,2022-04-11
2223,Kimberly,Smith,acevedonancy@example.org,31,PA,41737.11,2024-03-26
2224,James,Myers,meyerskathryn@example.com,66,TX,10713.7,2022-05-27
2225,Stanley,Flores,corythompson@example.org,47,TX,5642.27,2022-11-26
2226,Matthew,Williams,lhicks@example.com,58,NY,23295.08,2024-06-29
2227,Todd,Boone,phines@example.org,84,PA,24790.8,2024-09-26
2228,Tracey,Guerra,kara01@example.org,64,CT,27856.61,2023-02-25
2229,Angela,Leon,vdeleon@example.com,23,NY,16405.77,2022-10-26
2230,Michelle,Durham,ricklewis@example.net,32,ZZ,14180.57,2023-07-03
2231,Jennifer,Brown,shannon09@example.org,57,FL,11293.67,2024-03-03
2232,Victoria,Carpenter,prattjustin@example.org,70,ZZ,49248.12,2026-04-23
2233,Jennifer,Chavez,brandi26@example.net,72,MA,42838.69,2025-03-01
2234,Cindy,Garrett,qkane@example.com,-10,CA,8964.86,2025-10-13
2235,Darlene,Malone,hdavis@example.com,80,NY,19818.49,2022-05-11
2236,Kristen,Riley,dylancunningham@example.com,84,NY,5960.89,2021-09-26
2237,Vincent,Collins,stephaniezamora@example.org,68,TX,34751.86,2022-07-22
2238,Kimberly,Weiss,kimberly66@example.net,31,PA,3235.52,2024-06-06
2239,Sharon,Russell,branchthomas@example.com,43,CA,10013.17,2024-10-31
2240,Stephen,Butler,maygordon@example.org,69,NY,11643.48,2023-03-07
2241,Sherry,Ramsey,markbates@example.com,72,FL,13925.92,2024-11-18
2242,Rachel,Meyer,hufftina@example.org,52,TX,17804.87,2026-02-13
2243,Susan,Clay,invalid-email,69,FL,25570.73,2024-09-06
2244,Matthew,Dunn,richardhines@example.net,36,FL,5401.83,not-a-date
2245,Ryan,Adams,wberry@example.com,50,FL,24863.69,2024-10-13
2246,Sandra,Robinson,gstokes@example.net,35,NJ,4980.17,2025-10-14
2247,Nicole,Miranda,ashley14@example.org,24,NY,24906.75,2025-07-08
2248,Raymond,Hernandez,melissa40@example.org,21,PA,19131.65,2025-10-18
2249,Frank,Goodwin,smithmelissa@example.com,59,PA,15137.63,2024-08-19
2250,Rebecca,Price,wilsontina@example.com,30,NY,33054.03,2024-02-25
2251,Charles,Barnett,madison00@example.org,-1,FL,39636.57,2023-07-05
2252,Brian,Wong,cartercatherine@example.net,43,CT,33104.66,2023-03-29
2253,Shawn,Ayala,monicaavery@example.net,80,IL,13083.26,2023-09-09
2254,Douglas,Blair,dananelson@example.com,61,IL,27331.0,2023-11-02
2255,Carol,Myers,kleinshane@example.org,22,TX,44006.28,2025-04-06
2256,Kathryn,Jenkins,caitlyncooper@example.net,33,TX,22505.78,2025-08-17
2257,Julie,Vasquez,,66,FL,22982.81,2024-06-17
2258,Sarah,Jones,andrew88@example.com,22,PA,27833.33,2021-12-19
2259,James,Harris,christopheranderson@example.com,56,PA,24573.98,2023-06-03
2260,Sarah,Harris,irodriguez@example.org,35,CT,35786.16,2023-12-15
2261,Jamie,Ferrell,erikamiller@example.org,80,NY,28442.76,2021-08-19
2262,Daniel,Christensen,mandypetty@example.com,80,IL,34268.71,2022-04-17
2263,Tyler,Berry,nicholas33@example.com,78,FL,28112.77,2022-01-01
2264,Elizabeth,Phillips,brittany29@example.com,38,IL,2786.86,2021-11-14
2265,Michelle,Carter,invalid-email,51,FL,29552.26,2023-01-21
2266,Brian,Hayes,marilyn67@example.net,66,WA,33824.39,2022-03-04
2267,Donald,Ford,kcontreras@example.org,54,CA,3071.2,2022-01-03
2268,Mary,Fowler,lshannon@example.net,23,PA,41846.71,2025-10-08
2269,Curtis,Lee,ijackson@example.com,62,WA,1344.99,2025-04-22
2270,Travis,Simon,bhall@example.org,61,TX,4867.5,2026-01-03
2271,Amber,Mcdowell,amyferrell@example.com,62,CA,20596.48,2021-10-11
2272,Jeremy,Christensen,vasquezjacqueline@example.net,25,MA,12380.7,2025-03-24
2273,Roy,Becker,chavezisabel@example.com,57,WA,4247.09,2025-12-08
2274,Tyler,Mccullough,michellesmith@example.org,26,CT,5723.56,2023-07-07
2275,Douglas,Hopkins,henrysoto@example.com,39,NJ,26920.84,2025-01-01
2276,Christopher,Long,alexis58@example.com,22,FL,32888.39,2026-04-27
2277,Gloria,Sullivan,jessicamills@example.org,72,WA,25737.99,2021-12-29
2278,Ashley,Murphy,wnovak@example.net,71,CT,1020.11,2026-05-29
2279,Angela,Ferguson,joe99@example.net,78,WA,1111.82,2023-01-28
2280,Amy,Smith,davidsellers@example.com,58,TX,28517.68,2025-08-16
2281,Stephanie,Holt,eileendaniels@example.net,59,WA,4886.28,2024-08-15
2282,Heather,Romero,deborah49@example.com,80,NY,34543.2,2025-11-11
2283,Chelsea,Spencer,,44,CA,24836.57,2024-10-05
2284,William,Rivers,dominguezscott@example.com,61,PA,30741.39,2026-04-02
2285,Joe,Stephens,mmyers@example.net,64,TX,10087.93,2025-06-24
2286,Diane,Johnson,xhill@example.org,27,ZZ,10704.01,2026-06-14
2287,Bryan,Burton,isimpson@example.com,51,NJ,14866.01,2023-07-22
2288,Edward,Hanson,twagner@example.org,69,MA,31228.61,2025-10-26
2289,David,Black,invalid-email,29,WA,4736.68,2024-04-17
2290,Erin,Smith,faithsparks@example.com,61,CT,3363.49,2021-11-21
2291,Joseph,Johnson,karla66@example.net,85,FL,21355.29,2024-09-23
2292,Gina,Carroll,nunezgary@example.net,62,NY,32576.84,2022-07-06
2293,Julie,Phelps,john86@example.com,56,IL,40206.34,2024-08-07
2294,James,Gomez,jacob32@example.net,73,IL,15667.65,2024-04-18
2295,Barbara,Adams,ogreer@example.org,71,TX,12563.24,2024-05-12
2296,Rachel,Armstrong,petersonfrank@example.org,83,FL,33578.01,2025-01-20
2297,Sabrina,Lopez,jennifer72@example.com,41,NJ,31392.2,2023-07-30
2298,Tanya,Jackson,mirandawalker@example.net,84,PA,28842.16,2024-09-02
2299,Glenda,Garcia,castropeter@example.com,45,FL,13396.8,2021-10-04
2300,Debbie,Stone,jherring@example.com,73,WA,36330.75,2021-09-16
2301,Luke,Freeman,mallory30@example.org,25,IL,10032.4,2023-03-02
2302,Cindy,Rich,housedaniel@example.com,77,PA,12018.7,2024-08-17
2303,Fred,Gonzalez,brandi40@example.org,56,TX,20513.01,2025-10-29
2304,Jason,Parker,kelly15@example.com,26,MA,42298.35,2022-08-23
2305,Jay,Thompson,lisaalvarez@example.net,52,CT,32302.13,2022-02-12
2306,Lauren,West,brandon94@example.org,50,WA,11806.49,2025-02-12
2307,Dawn,Rodriguez,johnsonmichael@example.com,48,NY,7498.11,2023-07-19
2308,Allison,Bright,mhoffman@example.net,21,MA,39852.24,2025-10-22
2309,Katherine,Smith,david88@example.net,57,FL,24269.12,2025-11-30
2310,Michael,Martin,savannahgrant@example.com,73,TX,32346.1,2023-09-18
2311,Stephanie,Shields,csparks@example.net,22,MA,7967.92,2023-11-04
2312,Kenneth,Jackson,gmccarthy@example.com,35,NJ,12919.84,2026-07-20
2313,Patricia,Ramirez,jessica65@example.com,53,IL,8799.26,2025-07-27
2314,Mckenzie,Roberts,kevinmendez@example.org,23,FL,39111.69,2026-06-21
2315,Lisa,Patterson,anthony00@example.org,25,NY,15695.24,2022-05-30
2316,Kurt,Fowler,charlesyoung@example.net,56,NY,45028.74,2026-01-07
2317,Nicole,Wilcox,miranda13@example.org,70,CA,33583.6,2023-04-02
2318,Timothy,Boyd,lpeters@example.net,29,TX,47158.11,2022-02-18
2319,Kevin,Rosales,ncruz@example.net,35,MA,-4242.13,2024-02-01
2320,Victor,Jefferson,,82,NY,26097.88,2025-03-25
2321,Kelly,Gutierrez,andersonmeghan@example.net,85,CT,24822.56,2025-02-24
2322,Samantha,Roberts,foxlinda@example.org,29,MA,29991.07,2025-03-03
2323,Lindsey,Rodriguez,jamesbrown@example.org,58,CA,41616.71,2024-08-31
2324,Natasha,Brewer,claire06@example.net,67,MA,46775.0,2021-09-02
2325,Christopher,Sanchez,tracy38@example.com,45,PA,5340.7,2023-05-11
2326,Amanda,Wang,fstone@example.net,45,CT,21973.77,2023-11-30
2327,Kristin,Yoder,qmarshall@example.net,50,WA,2796.27,2026-07-02
2328,Anna,Baker,nicholashuffman@example.org,65,NY,15824.5,2023-04-05
2329,Christine,Dixon,invalid-email,72,FL,34136.92,2022-11-02
2330,Curtis,Brown,jenniferhorne@example.net,53,PA,18149.9,2023-12-23
2331,Bryan,Mcdaniel,scottlove@example.org,65,CT,1053.71,2026-04-06
2332,Diana,Levy,nguyengerald@example.net,-1,NJ,34534.12,2026-05-30
2333,Renee,Lewis,,48,CT,27636.4,2023-10-08
2334,Mark,Nash,bowmanjoel@example.net,57,CA,45157.85,2022-05-08
2335,Peggy,Nguyen,jacqueline39@example.net,33,IL,43347.65,2022-08-25
2336,Angela,Parker,umartinez@example.net,74,TX,393.31,2023-12-12
2337,Julia,Snyder,lindseyroberts@example.org,68,CT,15044.41,2024-06-27
2338,Jose,King,ucarr@example.org,48,CT,10519.32,2022-07-14
2339,Sean,Summers,,38,FL,31567.64,2023-11-01
2340,Fernando,Rivera,,70,NJ,13701.83,2022-03-12
2341,Tracy,Woodard,devon88@example.org,28,FL,23554.56,2022-04-14
2342,Anthony,Leonard,taylormichael@example.net,70,CA,35869.3,2025-08-02
2343,Michelle,Kelley,benjaminwilliams@example.net,30,PA,34924.11,2024-01-29
2344,Lisa,Parks,gstone@example.net,82,NY,17592.82,2023-10-28
2345,Frances,Steele,elizabeth52@example.org,59,FL,34760.5,2024-10-26
2346,Preston,Brown,harrisjoshua@example.com,24,PA,31507.82,2022-10-24
2347,Paul,Miller,daniel15@example.org,35,NJ,20033.09,2026-05-28
2348,Monica,Duncan,johnsonedward@example.net,57,CA,28790.47,2022-06-20
2349,Sara,Mcmahon,elizabeth14@example.org,32,PA,12480.18,2024-01-09
2350,Desiree,Moss,brianmorrow@example.org,34,WA,-4568.52,2024-07-07
2351,Victoria,Miller,hdavis@example.org,58,FL,23918.27,2023-08-15
2352,Cynthia,Dennis,clarkdavid@example.net,35,CT,8673.95,2026-04-03
2353,Susan,Ortiz,brianobrien@example.net,59,CT,9933.19,2024-12-31
2354,Darren,Reyes,andersonhenry@example.org,71,CA,9094.46,2024-09-20
2355,Anthony,Taylor,dorothy87@example.org,66,WA,11224.36,2022-08-15
2356,Cindy,Blair,carterjames@example.com,20,IL,32355.33,2023-04-27
2357,Amanda,Guerrero,qcurtis@example.com,47,NY,48706.38,2025-07-07
2358,Dale,Duran,gregory14@example.org,43,CT,35063.06,2025-08-01
2359,Felicia,Garrett,sandraheath@example.net,39,NJ,20051.75,2024-12-15
2360,Tina,Hernandez,nicholas09@example.org,72,XX,13007.89,2025-02-19
2361,Michael,Ponce,efranco@example.net,29,INVALID,8506.14,2025-04-24
2362,Aaron,Galvan,david97@example.org,33,NJ,35929.17,2025-07-07
2363,Jeremy,Chavez,joshuacoleman@example.com,73,FL,41362.87,2024-05-19
2364,Amber,Hughes,jasonjohnson@example.org,81,NY,11224.2,2026-01-27
2365,Kimberly,Johnson,bconrad@example.org,-10,MA,47302.62,2023-06-11
2366,Fernando,Hall,kramirez@example.net,52,CT,37322.15,2024-09-23
2367,Scott,Griffith,reynoldsmichelle@example.org,66,PA,21565.43,2023-09-11
2368,David,Heath,petersonjose@example.org,44,WA,10778.33,2025-10-09
2369,Gabrielle,May,jacquelinedelacruz@example.org,54,MA,20916.55,2022-11-18
2370,David,Jensen,kfrye@example.net,70,PA,1438.66,2023-11-21
2371,Rodney,Buchanan,woodbrittany@example.com,51,MA,30884.01,2023-06-29
2372,Ronald,Thompson,johnskinner@example.org,49,CA,29145.15,2025-10-25
2373,John,Hamilton,williamsbrian@example.org,76,NY,516.01,2025-08-14
2374,Willie,Williams,shafferjill@example.com,35,CA,48719.96,2024-05-26
2375,Craig,Ross,burnsrodney@example.org,68,MA,35666.8,2024-05-09
2376,Zachary,Burnett,seth29@example.org,72,WA,12811.28,2025-12-22
2377,Daniel,Cooper,fordjames@example.org,30,IL,2937.62,2023-09-04
2378,Cristian,Brown,martinnovak@example.com,60,MA,23546.62,2023-06-09
2379,Alyssa,Hill,james62@example.org,63,WA,46966.1,2025-02-25
2380,Angel,Cunningham,michaelvillarreal@example.net,23,NJ,12682.84,2023-05-30
2381,Ronald,Jordan,tyler31@example.net,250,CT,48876.19,2021-08-28
2382,James,Lambert,catherinemoore@example.com,65,PA,48402.89,2026-03-30
2383,Mary,Preston,fmorrow@example.com,23,WA,8968.61,2024-07-23
2384,Alicia,Rivas,dsmith@example.com,39,IL,24641.99,2023-08-25
2385,Ronald,Collins,,61,FL,6595.98,2021-11-19
2386,Brianna,Estrada,sloanbenjamin@example.net,58,IL,21646.48,2024-11-27
2387,Brenda,Stephens,hooveranna@example.net,51,NY,15663.48,2025-12-03
2388,Crystal,Adams,edwardselizabeth@example.net,34,FL,43583.98,2021-12-17
2389,Kristen,Williams,,53,CA,46311.85,2025-09-28
2390,Sarah,Foster,pfowler@example.org,54,CT,30646.58,2022-08-16
2391,Brittany,Jennings,jreyes@example.net,51,IL,15650.52,2023-02-04
2392,Robert,Reyes,hernandeztodd@example.org,39,CA,36843.46,2024-01-22
2393,Ashley,Wright,,80,PA,27783.74,2025-04-26
2394,Tammy,Santiago,brandi19@example.com,74,NJ,9446.0,2025-09-01
2395,Carl,Carson,,24,MA,9157.07,2022-09-14
2396,Brent,Murray,danieljenkins@example.org,78,CT,8177.75,2024-12-08
2397,Donna,Mccoy,cody81@example.org,77,TX,5801.2,2023-06-24
2398,Jacqueline,Gilbert,hlester@example.org,81,NJ,22075.98,2026-07-07
2399,Sydney,Simon,sarah80@example.org,80,FL,24649.43,2026-06-27
2400,Sarah,Shannon,amanda21@example.com,36,NY,17480.22,2026-05-14
2401,Nicole,Boyd,ashleyalexander@example.net,44,CT,9032.75,2023-07-02
2402,Sarah,Ryan,cainjordan@example.org,39,IL,41128.59,2023-09-23
2403,Luke,Estrada,meganjames@example.org,250,WA,49900.23,2023-02-17
2404,Richard,Duran,villawilliam@example.com,-10,IL,38342.38,2025-01-02
2405,Brittany,Moody,gcastro@example.org,41,TX,46020.66,2023-12-13
2406,Karen,Lane,dbeck@example.com,49,FL,33845.43,2021-11-05
2407,Michael,Reeves,rebecca19@example.com,60,NJ,14214.06,2022-03-12
2408,Ronald,Snyder,gregorymitchell@example.net,33,TX,18677.92,2024-05-25
2409,Jeffrey,Sharp,daniel79@example.net,31,CA,7688.77,2024-12-25
2410,Raymond,Carter,dyersara@example.net,28,FL,41534.96,2024-10-30
2411,Mary,Bennett,jenniferwalls@example.com,79,FL,31417.84,2021-10-04
2412,Shawn,Edwards,wallaceeric@example.com,52,WA,32900.32,2022-02-21
2413,Douglas,Zavala,bethany36@example.com,60,NJ,32808.64,2024-05-06
2414,David,Shaw,josephross@example.net,75,CA,47370.92,2024-02-21
2415,Christina,Beard,tracifoster@example.org,34,MA,43163.94,2026-08-02
2416,Karen,Wallace,colemancindy@example.org,54,CA,39907.35,2022-01-28
2417,Charles,Lutz,invalid-email,27,IL,47595.01,2022-11-15
2418,Donna,Benitez,yolandamarks@example.net,66,NY,19942.92,2023-09-02
2419,Jesse,Alvarez,vkline@example.org,40,MA,48252.47,2026-07-16
2420,Bradley,Scott,moraleskimberly@example.net,69,NY,1025.6,2021-09-28
2421,Gabriel,Knox,karen72@example.com,44,PA,19425.15,2022-04-03
2422,Connor,Stewart,marksheidi@example.com,69,CT,32358.4,2021-10-09
2423,Ashley,Morales,harrisonjoy@example.net,37,NY,14927.33,2021-12-16
2424,Zachary,Graves,paynestephanie@example.net,73,CT,45186.71,2021-08-24
2425,Richard,Whitaker,collinmiller@example.com,34,CA,33276.01,2023-09-13
2426,Melanie,Garcia,marydean@example.com,65,IL,9993.56,2024-10-06
2427,Stacey,Gardner,hollyperkins@example.net,75,TX,23821.98,2024-09-22
2428,Scott,Conrad,sbradley@example.org,72,NY,37824.53,2023-04-09
2429,Brianna,Werner,rodriguezchristina@example.net,65,WA,9317.79,2024-08-17
2430,Henry,Kirk,pvang@example.net,72,NY,2021.9,2026-04-11
2431,Pamela,Williams,joneschristian@example.net,61,FL,33822.0,2025-04-10
2432,Jeremy,Carlson,,37,FL,26363.94,2023-09-08
2433,Jenna,Martinez,mark90@example.com,85,NY,14535.15,2024-01-23
2434,Brandon,Wheeler,lindsay48@example.net,73,NY,45360.39,2022-11-19
2435,Brandon,Knapp,invalid-email,79,CT,7430.33,2025-12-10
2436,Christina,Reynolds,ywilliams@example.com,34,CT,42076.9,2022-12-10
2437,Alexis,Gibbs,leroy57@example.com,84,TX,14774.08,2023-05-02
2438,Patricia,Duncan,invalid-email,24,IL,3826.63,2025-08-29
2439,Anthony,Anderson,jonathan66@example.org,23,IL,5381.61,2025-11-26
2440,Jack,Barnes,brian65@example.net,72,TX,4724.22,2024-09-03
2441,Jeremy,Brown,lmartin@example.org,50,CA,-4415.03,2022-07-04
2442,Kelly,Richmond,epatterson@example.net,28,IL,813.43,2024-11-30
2443,Lance,Taylor,christina60@example.org,77,PA,39308.85,2022-01-10
2444,Juan,Lucero,watsonteresa@example.net,68,NJ,4164.53,2025-09-16
2445,John,Robles,aholder@example.net,56,CA,29360.42,2021-09-15
2446,Thomas,Black,folson@example.net,76,FL,31190.52,2022-04-09
2447,Nancy,Thompson,,51,CA,48335.98,2022-04-22
2448,Jennifer,Sparks,daniellecoleman@example.org,41,MA,9254.37,2025-04-14
2449,Samantha,Brown,invalid-email,51,NY,21689.95,2023-10-13
2450,Heather,Blair,murraymichael@example.net,20,NJ,19746.69,2022-06-23
2451,Tonya,Gould,kylemartinez@example.net,19,PA,32790.05,2025-02-08
2452,Jesse,Nguyen,michael40@example.org,76,TX,43439.03,2025-01-04
2453,Ruben,Torres,invalid-email,80,CT,30924.97,2022-05-12
2454,James,Beard,taylorjames@example.net,64,TX,40232.04,2026-07-23
2455,Justin,Medina,nfleming@example.net,29,PA,6755.7,2025-09-17
2456,Christopher,Gonzales,pduran@example.net,42,NY,40798.41,2023-02-06
2457,Darlene,Newton,mjackson@example.net,42,NJ,10461.47,2024-04-29
2458,Gina,Weiss,agomez@example.net,36,MA,21789.42,2024-05-06
2459,Laurie,Jones,crivers@example.com,42,NY,15045.89,2023-04-11
2460,Cynthia,Johnson,markgardner@example.org,77,PA,23699.45,2022-12-19
2461,Patricia,Rivera,nicolesmith@example.net,20,NY,8305.27,2025-07-28
2462,Joy,Robertson,galexander@example.com,37,FL,48193.34,2024-03-15
2463,Carl,Coleman,joshuaking@example.net,78,NJ,42989.82,2026-05-30
2464,Jose,Simmons,lorikoch@example.net,49,MA,14741.57,2021-12-17
2465,Carrie,Robinson,smithgina@example.net,68,NJ,16692.5,2024-12-24
2466,John,Larson,amandahorne@example.net,31,TX,48974.35,2024-12-08
2467,Morgan,Moss,hmcneil@example.net,81,WA,29791.98,2025-07-07
2468,Nicole,Duran,torrestricia@example.com,55,NJ,24374.83,2024-07-11
2469,Dean,Mendoza,mary24@example.com,80,IL,29551.96,2022-10-17
2470,Lisa,Hensley,lpage@example.com,-1,MA,35714.52,2022-04-17
2471,James,Hawkins,brittanymartin@example.org,85,NJ,21100.23,2022-10-28
2472,Laura,Hernandez,gallowaydonna@example.com,58,IL,3175.53,2021-10-12
2473,Samantha,Moore,tonyaholmes@example.net,71,FL,5847.04,2026-04-03
2474,Jennifer,Hawkins,garymartinez@example.org,62,FL,34875.72,2021-09-15
2475,Jerry,Small,brownalexa@example.com,20,PA,14400.54,2023-10-20
2476,Danny,Kent,hespinoza@example.org,42,FL,17192.37,2024-05-15
2477,Lisa,Lopez,srobles@example.org,47,IL,10985.12,2026-03-21
2478,Joe,Tran,debra19@example.net,61,WA,42672.69,2025-05-29
2479,Kristi,Hill,jamesparker@example.net,77,PA,44158.67,2023-03-20
2480,Erica,Davis,gonzalezkendra@example.org,67,TX,41654.04,2023-12-02
2481,Karen,Moon,woodlisa@example.com,64,FL,39987.75,2026-05-25
2482,Brianna,Kim,riverarebecca@example.org,38,WA,10360.43,2023-10-24
2483,Teresa,Barnett,eadams@example.org,29,FL,6454.83,2026-02-27
2484,Phillip,Watson,fletcherjanet@example.org,43,PA,30287.45,2026-07-26
2485,Aaron,Griffin,craig99@example.com,30,TX,47152.73,2025-06-30
2486,Terrance,Mills,richardsonanna@example.org,81,CT,11735.95,2023-10-13
2487,Amy,Phillips,nicholasswanson@example.net,24,NJ,17939.34,2024-09-28
2488,Erik,Lawson,riceamber@example.net,51,CA,33846.39,2024-05-29
2489,Rachael,Knight,rrice@example.net,40,IL,1598.5,2024-11-01
2490,Kimberly,Jones,,26,CA,21531.02,2023-06-13
2491,Megan,Hudson,mjohnson@example.org,47,NY,28099.07,not-a-date
2492,Sherry,Anderson,shawn89@example.net,80,CT,49683.14,2025-10-15
2493,Jacob,Smith,tranadam@example.net,63,NJ,38504.74,2023-06-23
2494,Donald,Jones,gward@example.com,52,PA,42670.41,2026-06-28
2495,David,Tucker,janice27@example.com,83,WA,33474.29,2023-07-23
2496,Jackson,Jones,juanfranklin@example.net,24,FL,39949.34,2023-08-24
2497,Devin,Adams,donaldhahn@example.com,32,NY,39082.62,2024-03-11
2498,Charles,Brown,jennifer54@example.org,31,IL,2098.47,2022-02-27
2499,Angela,Becker,todd05@example.com,31,PA,31496.31,2025-07-13
2500,David,Kirk,davidkane@example.com,44,CA,7851.63,2025-10-14
2501,Jennifer,Smith,brownreginald@example.net,55,FL,38098.23,2026-02-15
2502,Robert,Sampson,ijackson@example.com,81,NY,7714.79,2025-11-14
2503,Theodore,Thompson,samanthacarr@example.net,64,CA,40958.04,2026-01-22
2504,Joshua,Brown,hmeyer@example.org,33,MA,21955.42,2022-06-08
2505,Jose,Chavez,taylorrobert@example.com,71,NJ,12265.8,2026-05-05
2506,Amy,Velazquez,adam10@example.com,78,CA,14337.91,2026-05-07
2507,Darlene,Mullins,davisautumn@example.org,39,NY,13300.78,2024-09-07
2508,Megan,Blackwell,zavaladiane@example.com,71,CA,31472.02,2022-07-24
2509,Christopher,Beard,jeremy70@example.net,49,PA,37660.31,2022-04-24
2510,Bradley,Ford,rwheeler@example.org,-1,XX,39360.79,2021-08-27
2511,Timothy,Escobar,wileyaudrey@example.com,35,TX,20670.47,2024-06-10
2512,Mark,Carter,laurenboyd@example.com,70,FL,47592.03,2024-08-06
2513,Ashley,Grimes,mcooper@example.com,84,CA,47187.01,2023-01-10
2514,Thomas,Wilson,chunglaura@example.net,74,PA,38507.59,2026-04-06
2515,Tiffany,Harris,lisa13@example.net,84,NY,4238.91,not-a-date
2516,Austin,Cook,,58,TX,49097.25,2023-08-25
2517,Gabrielle,Jones,jason57@example.com,39,TX,3073.42,2024-04-02
2518,Nicole,Allen,robertbrown@example.com,22,PA,45125.56,2026-07-12
2519,Ryan,Mcgee,jlee@example.org,25,IL,48633.06,2026-08-01
2520,Wendy,Macdonald,amyponce@example.com,71,TX,44289.14,2025-08-19
2521,Patrick,Jarvis,invalid-email,56,CA,45461.54,2023-04-15
2522,Brian,Velasquez,janet65@example.com,19,CT,45010.43,2024-09-24
2523,Michael,Diaz,kmoore@example.org,36,TX,22309.45,2025-04-12
2524,Alec,Johnson,rachel51@example.org,44,IL,31217.98,2024-02-06
2525,Holly,Cross,prestoncory@example.org,74,CA,44383.74,2026-08-14
2526,Steven,Romero,rdavis@example.org,69,XX,44048.73,2022-05-06
2527,Linda,Padilla,dfleming@example.net,28,NJ,26871.67,2025-02-22
2528,Gary,Johnson,samantha54@example.net,67,PA,26023.49,2026-05-03
2529,Felicia,Bolton,estradaian@example.com,54,MA,4640.98,2025-07-23
2530,Rachel,Howard,smithmichelle@example.net,57,IL,17035.44,2026-03-24
2531,Christian,Rodriguez,michellearias@example.com,38,NJ,1394.56,2026-06-20
2532,Diana,Parks,scott95@example.org,51,MA,41611.45,2023-10-28
2533,Bradley,Davenport,hubbardjanet@example.org,56,TX,49347.74,2023-12-14
2534,Andrea,Galvan,dawn31@example.org,32,NJ,42079.17,2021-09-05
2535,Philip,Bernard,taramejia@example.org,51,IL,17723.67,2022-08-25
2536,Phyllis,Wilson,michael03@example.com,24,NY,22436.84,2021-11-10
2537,Cheryl,Compton,caleb84@example.net,18,FL,16949.01,2024-09-12
2538,Clayton,Walker,nicole92@example.net,48,WA,28279.86,2023-06-06
2539,Kathleen,Sanchez,gina52@example.org,47,CA,14960.08,2023-06-10
2540,Chad,Brown,khudson@example.org,35,TX,25983.33,2024-11-07
2541,Raymond,Patterson,jonespaul@example.com,-10,NY,16392.35,2024-01-08
2542,Bradley,Dominguez,wendymason@example.net,42,CA,22715.48,2025-01-12
2543,Jennifer,Huber,ashleyroberts@example.net,36,TX,41421.88,2025-02-15
2544,Valerie,Atkins,smithtravis@example.com,28,NY,3109.68,2025-06-05
2545,Meghan,Cook,robinsoncynthia@example.org,34,FL,10739.22,2021-12-30
2546,Jason,Gray,david62@example.com,27,CA,33841.12,2022-02-28
2547,Amanda,White,burtondoris@example.net,69,WA,27948.42,2025-02-22
2548,Edward,Mccormick,mark11@example.org,68,CT,29215.19,2025-04-26
2549,Anthony,Williams,ccombs@example.com,72,FL,34450.89,2022-11-08
2550,Dana,Haley,pdixon@example.org,130,TX,41190.59,2022-05-22
2551,Rebecca,Davis,ywallace@example.org,36,IL,6356.2,2024-09-17
2552,Adam,Kemp,susan75@example.net,76,PA,48401.59,2024-05-31
2553,Tina,Hayes,christopherwatkins@example.net,83,IL,5902.91,2025-06-27
2554,Larry,Foster,invalid-email,45,FL,23667.78,2025-08-27
2555,Harold,Smith,stephengomez@example.org,38,IL,18466.6,2022-01-08
2556,Steven,Ford,nealdavid@example.com,33,WA,42615.89,2022-03-16
2557,Laurie,Wilkinson,jenniferpierce@example.org,32,NY,18479.3,2022-07-30
2558,Jackie,Jackson,carlosmeadows@example.net,55,NJ,26138.87,2025-07-24
2559,Alexa,Browning,parksariana@example.com,33,CA,15246.23,2022-03-01
2560,Daniel,Kim,martin81@example.net,65,CT,14699.06,2024-07-29
2561,Lawrence,Brady,sjackson@example.org,21,PA,7106.99,2023-07-17
2562,Zachary,Fletcher,sally78@example.net,71,INVALID,46841.03,2024-08-26
2563,Jason,Kelley,jfranklin@example.net,57,CT,10779.07,2026-03-06
2564,Timothy,Jackson,martin40@example.net,80,NJ,6116.4,2022-02-10
2565,Willie,Jackson,dmartin@example.org,62,NY,43521.33,2024-05-22
2566,Christina,Herrera,derekdougherty@example.org,71,FL,28652.95,2022-11-22
2567,Joshua,Freeman,diana28@example.net,75,CA,39067.47,2022-03-07
2568,Robert,Ashley,invalid-email,78,WA,6640.48,2022-04-07
2569,Courtney,Smith,walterstiffany@example.com,35,IL,31823.01,2026-04-27
2570,Heather,Robinson,davidgonzales@example.com,75,FL,7449.13,2025-11-19
2571,David,Liu,nathanlee@example.org,59,NY,39990.58,2024-02-24
2572,Robert,Mercado,mking@example.org,70,TX,11641.11,2025-01-16
2573,Mallory,Cooper,,68,CA,27049.72,2023-05-31
2574,Rebecca,Davis,davidjones@example.org,74,CT,32295.83,2024-11-21
2575,Vicki,Davis,harrisonnicholas@example.net,39,NJ,28599.74,2021-11-01
2576,Shirley,Perkins,davidglover@example.com,57,IL,32257.98,2022-11-14
2577,Tammy,Weaver,carl66@example.org,28,MA,47758.42,2022-05-21
2578,Christopher,Melton,barnesalexis@example.org,24,WA,26087.69,2023-06-20
2579,Angela,Richardson,zskinner@example.com,78,IL,44843.21,2026-05-28
2580,Natalie,Williams,jackiespears@example.org,33,IL,8987.17,2024-06-25
2581,Linda,Cox,turnerjustin@example.com,20,CT,39337.85,2023-02-19
2582,Barry,Sanford,rpetty@example.com,130,WA,22211.47,2024-08-27
2583,Jacob,Walker,tcooper@example.net,59,TX,29444.65,2024-08-27
2584,Gary,Lopez,paulhamilton@example.org,80,NJ,16997.83,2022-01-27
2585,Tanya,Scott,vwade@example.com,41,TX,1202.85,2026-05-03
2586,Angela,Flores,craigrobertson@example.net,85,CA,19100.55,2024-10-24
2587,Stephanie,Ferguson,mavery@example.net,29,NY,48989.31,2024-09-20
2588,Jodi,Conrad,danielleramsey@example.net,39,CT,7201.71,2022-01-20
2589,Carolyn,Fleming,jeffrey85@example.org,50,NY,7711.37,2026-01-26
2590,Jennifer,Rivers,stacey25@example.net,70,PA,2945.69,2021-12-02
2591,Amanda,Walker,stacy03@example.org,59,PA,1358.56,2022-01-09
2592,Mary,Charles,xsullivan@example.net,25,CT,19496.99,2022-12-19
2593,Michelle,Osborne,khendricks@example.net,58,PA,20641.14,2022-12-22
2594,Mark,Chavez,jennifer53@example.com,59,CT,18775.66,2026-06-20
2595,Samuel,Elliott,phillip98@example.com,33,NJ,10127.97,2026-06-12
2596,Bryce,Clark,david25@example.com,48,FL,25431.06,2023-06-25
2597,Amanda,Odonnell,sara94@example.net,82,TX,47467.85,2022-01-25
2598,Matthew,Hodges,marcuscase@example.net,52,NJ,15916.82,2023-07-16
2599,Kevin,Griffin,invalid-email,70,NY,24208.58,2025-12-25
2600,Joshua,Allen,bakerpaul@example.com,70,MA,45686.75,2021-11-23
2601,Elizabeth,Baker,johnmerritt@example.com,20,CT,27703.76,2025-09-18
2602,Kevin,Stewart,jason07@example.net,250,MA,38148.91,2023-09-11
2603,Diane,Ellis,woodwarderin@example.org,34,CT,28412.28,2021-10-12
2604,Debbie,Simon,wbentley@example.org,75,NY,42313.89,not-a-date
2605,David,Richardson,jdavis@example.com,82,MA,39144.08,2023-03-23
2606,Jason,Ochoa,jocelyn26@example.net,36,CA,27021.99,2025-08-15
2607,Jordan,Richard,fwilliams@example.org,39,MA,26876.78,2024-11-05
2608,Frank,Wong,,72,IL,22587.1,2026-01-04
2609,Lori,Walker,iford@example.net,18,FL,48055.72,2023-10-13
2610,Evelyn,Russell,taylorrodriguez@example.org,55,PA,27.15,2024-11-10
2611,Brandon,Hines,lisa78@example.org,79,XX,29893.39,2021-10-02
2612,Sharon,Nguyen,johnsonsamantha@example.com,66,CA,42121.93,2025-11-30
2613,Gregory,Anderson,jacob73@example.org,45,WA,42034.21,2023-10-05
2614,Cassandra,Perez,hammondjeff@example.com,54,NJ,8070.82,2024-04-11
2615,Courtney,Miller,rebekahgonzalez@example.org,26,CT,4485.76,2023-07-10
2616,Michael,Fletcher,uthompson@example.org,-1,PA,36253.69,2024-08-20
2617,Jacob,Barber,wbowers@example.org,53,TX,10542.51,2025-03-24
2618,Tammy,Bell,reneehernandez@example.org,82,CA,44196.58,2024-10-31
2619,Kelli,Ramos,,61,CT,48982.02,2021-08-21
2620,Michael,Wells,kimberlyperez@example.org,75,CT,12296.41,2023-10-01
2621,Christopher,Bell,harrisonchristopher@example.org,59,CA,10531.19,2024-05-22
2622,Stephen,Dixon,ylawson@example.org,60,NJ,45700.91,2025-06-15
2623,Lindsay,Gallegos,patrickgarcia@example.com,35,NJ,30439.34,2022-04-03
2624,Randy,Gomez,invalid-email,18,NJ,33635.32,2024-10-16
2625,Ian,Davis,,70,IL,44763.41,2026-04-01
2626,Kathleen,Ferguson,kimberly73@example.com,80,TX,26906.57,2023-11-05
2627,Jose,Thomas,,27,IL,1547.38,2026-05-24
2628,Samantha,Romero,,74,NY,17649.74,2023-05-13
2629,Veronica,Hodge,jenniferortega@example.net,66,WA,-4420.24,2024-10-15
2630,Jack,Navarro,richard62@example.net,40,NJ,6238.19,2026-08-07
2631,Matthew,Watson,mcculloughjohn@example.net,65,MA,22228.88,2025-08-01
2632,Timothy,Lindsey,wyattdanny@example.org,46,NJ,37921.05,2022-12-28
2633,Gabriela,Vasquez,careyadam@example.net,63,MA,4498.33,2023-03-17
2634,Melissa,Dodson,delgadomario@example.org,56,MA,11712.9,2026-01-28
2635,Charles,Hampton,richardbrown@example.com,81,CA,1839.8,2024-12-14
2636,Jermaine,Clayton,ysandoval@example.org,81,WA,10454.32,2023-03-15
2637,Joshua,Alvarez,lucas91@example.org,43,TX,5547.33,2026-04-26
2638,Donna,Richardson,rmadden@example.org,53,WA,25016.28,2022-01-07
2639,Katie,Nunez,ronnie09@example.net,39,IL,9688.51,2022-02-01
2640,Jennifer,Vargas,brittanyhayes@example.com,40,NY,29408.23,2023-06-03
2641,Jack,Woods,shepherdandrew@example.org,26,PA,12981.22,2023-10-22
2642,Eric,Smith,udavis@example.net,47,IL,36444.94,2022-01-30
2643,Kyle,Everett,karenjordan@example.net,53,MA,42383.36,2023-08-26
2644,Amanda,Holland,hjohnson@example.com,20,IL,30722.83,2022-09-16
2645,Frederick,Henry,zhall@example.net,76,NJ,46894.52,2026-07-23
2646,Jacob,Kim,bleonard@example.com,24,CA,21627.41,2026-06-06
2647,Heather,Maynard,awong@example.com,70,CT,6085.88,2022-10-26
2648,Dana,Clark,james91@example.net,84,FL,24778.74,2025-06-25
2649,Mark,Lopez,hunter12@example.org,84,NJ,44190.12,2022-06-04
2650,Brenda,Bell,hamptontom@example.com,46,NJ,13896.65,2022-12-29
2651,Justin,Bowman,timothy00@example.org,71,IL,22443.07,2023-09-26
2652,Anna,Foster,amy67@example.com,18,TX,9730.41,2023-02-13
2653,Seth,Cole,nicole16@example.org,28,WA,40383.65,2023-07-24
2654,Michael,Vazquez,scottmark@example.org,46,INVALID,47888.78,2023-09-01
2655,Michael,Hale,lgonzalez@example.net,49,MA,8224.08,2023-07-25
2656,Joseph,Simmons,sydneyalexander@example.org,57,NY,31299.73,2026-01-17
2657,Ariana,Howard,nwalker@example.org,30,NJ,23998.32,2025-02-08
2658,Brittney,Ball,michealrodriguez@example.net,21,WA,39861.05,2022-06-09
2659,Robert,Clark,jimmy15@example.net,60,CT,12357.68,2023-01-30
2660,Alice,Horn,cheryl54@example.com,78,MA,47940.13,2024-12-02
2661,John,Compton,nancy43@example.com,24,CA,25983.75,2025-03-06
2662,Kristen,Conner,,48,NY,38787.47,2024-07-30
2663,Karen,Sanchez,joshua74@example.org,74,NY,31267.44,2024-07-04
2664,Joseph,Ortiz,foxerica@example.net,33,NY,48726.28,2025-02-17
2665,George,Walker,,22,TX,15663.97,2024-01-07
2666,Savannah,Mcneil,cory21@example.org,26,PA,3100.11,2026-08-15
2667,Kathleen,Griffin,vazquezdarius@example.com,74,NJ,15073.55,2025-06-10
2668,Timothy,Turner,james65@example.com,73,NY,5091.38,2023-12-30
2669,Brenda,Villarreal,benjaminsmith@example.com,25,IL,2610.16,2023-01-09
2670,Ryan,Torres,hernandezcheryl@example.net,66,TX,4791.51,2021-11-26
2671,Anthony,Merritt,daniel13@example.net,70,MA,43229.14,2025-12-14
2672,Mathew,Long,allison96@example.org,19,FL,19196.0,2023-04-15
2673,Matthew,Byrd,jmaynard@example.com,72,WA,30961.53,2026-06-27
2674,Christian,Berry,sherylgreen@example.com,61,NJ,22703.84,2024-05-24
2675,Jaime,Dominguez,fhughes@example.org,60,WA,9624.07,2022-09-30
2676,Amber,Watson,kennethwhite@example.com,31,NJ,29758.76,2022-06-02
2677,Emily,Taylor,jamesellis@example.org,26,WA,39470.82,2022-12-16
2678,Jared,Rodriguez,jesse79@example.com,42,WA,6299.08,2024-02-26
2679,Heather,Owen,iharrington@example.org,83,CT,17769.56,2021-10-17
2680,Lacey,Hinton,jennifer29@example.com,79,WA,22231.22,2023-07-16
2681,Brandi,Williams,lucasteresa@example.com,-1,PA,39851.28,2026-01-29
2682,Caleb,Baker,turnermckenzie@example.org,25,PA,15583.34,2022-05-29
2683,Amanda,Moody,stacey22@example.net,73,IL,47987.07,2024-09-05
2684,Juan,Myers,shanerogers@example.org,63,CT,29183.3,2022-08-17
2685,Dennis,Mcknight,albertsmith@example.com,36,PA,23476.19,2023-08-22
2686,Victoria,Lewis,halljeffrey@example.com,61,CT,18441.5,2023-09-03
2687,Scott,Gross,santiagoronald@example.com,19,IL,29322.0,2023-06-17
2688,Lisa,Kim,ethomas@example.net,36,NJ,-4538.76,2024-09-06
2689,Karen,Edwards,thompsondarlene@example.org,24,TX,17190.81,2021-11-29
2690,Shelly,Thompson,jessicahawkins@example.com,43,MA,39263.19,2025-09-17
2691,George,Johnson,jennifer20@example.org,61,MA,33393.01,2024-05-01
2692,Stephen,Potts,davisjennifer@example.org,77,WA,34620.69,2024-12-10
2693,David,Williams,brian64@example.net,60,WA,14981.58,2026-01-18
2694,Steven,Parsons,deckerthomas@example.net,60,PA,5242.39,2025-02-01
2695,Manuel,Green,deanmarisa@example.org,23,FL,10970.29,2026-04-06
2696,Brendan,Ward,amandaknapp@example.org,18,MA,34661.03,2025-07-29
2697,Taylor,Hernandez,whitelevi@example.org,77,WA,10656.93,2025-08-24
2698,Brenda,Watts,ilong@example.com,79,CA,40363.57,2025-03-12
2699,Robin,Hardy,staceywashington@example.net,66,MA,20015.63,2022-07-27
2700,Ashley,Shepard,corymiller@example.org,18,CA,494.6,2022-03-24
2701,Stephen,Palmer,heidihaas@example.net,63,NJ,27734.58,2023-09-17
2702,Samantha,Mendez,gibsonbrandon@example.com,36,CT,22020.41,2023-02-02
2703,Barry,Soto,carmengomez@example.net,64,NJ,48765.46,2026-06-29
2704,Christina,Benson,carlymoss@example.org,43,MA,14205.04,2024-02-07
2705,Gerald,Thomas,vdougherty@example.com,46,CT,35941.83,2022-11-18
2706,Angela,White,wardkeith@example.org,61,IL,12298.21,2022-03-13
2707,Gregory,Shelton,brittany63@example.org,43,NJ,8803.87,2025-05-02
2708,Aaron,Ryan,jamesroberts@example.com,51,INVALID,1049.69,2023-11-06
2709,Rebecca,Smith,lromero@example.com,35,TX,32743.46,2021-09-09
2710,Steven,Brock,daltonchristina@example.com,32,CA,46805.71,2025-06-18
2711,Gabrielle,Jones,jake77@example.com,57,FL,12007.5,2024-10-01
2712,Rebecca,Sanders,ernestrich@example.net,65,PA,47058.09,2023-03-20
2713,Jesse,Lopez,ywells@example.org,73,NY,5924.67,2022-06-07
2714,Michael,Hernandez,zmiller@example.com,34,MA,9584.06,2024-05-06
2715,Donald,Jacobs,valdezashley@example.org,66,CA,-3191.87,2022-05-21
2716,Justin,Jones,jrobinson@example.net,72,MA,46050.68,2023-03-22
2717,Katherine,Haynes,phall@example.com,42,IL,14709.14,2024-12-22
2718,Lisa,Brewer,margaretsharp@example.net,37,CA,12358.58,2025-06-14
2719,Hector,Reynolds,rogersjonathon@example.net,53,PA,42575.13,2021-10-07
2720,Elizabeth,Morgan,jamierodriguez@example.net,80,MA,36364.93,2024-04-28
2721,Melissa,Williams,janetmoore@example.net,78,WA,3243.65,2022-01-18
2722,Melissa,Davis,,83,TX,37565.4,2024-03-10
2723,Rhonda,Rodriguez,amanda68@example.com,83,CA,24929.39,2024-04-23
2724,Victoria,Evans,garciabrandi@example.net,77,PA,16091.16,2023-04-07
2725,Angela,Brown,vanessa20@example.org,65,IL,34725.48,2025-08-09
2726,Gregory,Reilly,hramos@example.com,81,FL,13416.77,2022-11-08
2727,Lee,Murphy,slittle@example.com,69,WA,32486.86,2025-05-18
2728,Kimberly,Wilson,nramsey@example.com,44,MA,44744.23,2024-12-04
2729,Daniel,Thomas,lstokes@example.org,250,MA,19795.0,2022-08-07
2730,Andre,Vaughn,mitchellcheryl@example.net,57,TX,44435.45,2022-09-19
2731,Teresa,Campbell,kpace@example.net,38,CA,12726.46,2025-12-17
2732,Christopher,Huffman,whernandez@example.com,28,PA,37581.14,2024-07-28
2733,Brooke,Austin,pearsonwillie@example.org,55,FL,25941.04,2022-03-09
2734,Andrea,Brown,bhenderson@example.net,47,WA,2057.15,2025-01-27
2735,Gary,Smith,,83,WA,16818.7,2024-04-30
2736,James,Foster,smithcrystal@example.com,75,FL,21625.28,2025-09-06
2737,Joseph,Mercado,andreasmith@example.com,65,FL,15851.02,2024-05-25
2738,Evan,Butler,donnacunningham@example.net,66,NJ,8978.29,2021-12-11
2739,Shannon,Ferguson,dmartin@example.com,47,CT,32267.74,2026-04-20
2740,Michaela,Thompson,nicolemason@example.com,63,NY,14725.89,2024-12-30
2741,Nicole,Harris,vrussell@example.org,82,IL,27332.59,2024-02-28
2742,Cynthia,Ware,dthompson@example.org,28,CT,46330.3,2022-11-14
2743,Andrea,Sanford,smithcharles@example.org,130,NY,3567.43,2024-12-13
2744,Kylie,Harris,jenniferhernandez@example.net,22,IL,10015.33,2024-05-02
2745,William,Arellano,rachael79@example.net,43,CA,12501.18,2025-11-30
2746,Allison,Nguyen,sullivanpaula@example.com,53,XX,35282.13,2023-07-24
2747,Debra,Henderson,margaret20@example.net,35,IL,45619.13,2026-02-16
2748,Amanda,Garcia,john19@example.org,19,CT,14092.26,2023-12-20
2749,Sean,Ortiz,shull@example.org,62,TX,47290.75,2023-05-24
2750,Brittney,Riley,amberevans@example.net,19,FL,32704.55,2024-02-13
2751,Jessica,Smith,,37,TX,11378.92,2026-05-26
2752,Reginald,Cruz,cherylgomez@example.org,44,FL,11686.16,2022-04-28
2753,Shane,Parker,matthewwalker@example.com,77,FL,17032.98,2024-12-27
2754,Courtney,Smith,irojas@example.net,28,CA,42290.08,2025-12-10
2755,Andrew,Adams,nthomas@example.com,72,TX,10479.24,2023-09-30
2756,Vanessa,Torres,zandrews@example.com,75,IL,1505.2,2021-09-27
2757,Adam,Casey,rparker@example.com,35,WA,43687.51,2022-11-27
2758,Michael,Williamson,,57,NJ,24990.01,2025-08-24
2759,Laurie,Boone,jenkinsjohn@example.com,63,CA,11274.53,2024-03-24
2760,Crystal,Clark,osbornkelly@example.net,72,TX,38142.08,2024-04-20
2761,Joseph,Stewart,elizabethrobertson@example.com,56,CA,29347.75,2026-01-05
2762,Mark,Jackson,martindonald@example.com,22,PA,-1521.83,2021-10-29
2763,Ricardo,Tran,smithamy@example.com,60,WA,31491.97,2024-04-21
2764,Johnny,Meyer,aaronwiley@example.net,68,TX,10210.23,2024-05-29
2765,Nancy,Ballard,timothy88@example.org,68,NY,26724.53,2024-09-22
2766,Jillian,Green,tranrobert@example.org,42,FL,5431.92,2021-09-14
2767,Sara,West,invalid-email,75,CT,4662.08,2021-11-10
2768,Michael,Myers,xgarcia@example.net,31,IL,8881.8,2023-05-31
2769,James,Pruitt,paul18@example.com,80,NJ,9334.61,2025-06-20
2770,James,Gonzales,ryan90@example.net,26,TX,14190.88,2025-06-09
2771,Robin,Gaines,schmidtfernando@example.net,47,CT,32978.49,2025-08-26
2772,Anthony,Welch,ronaldoneal@example.org,26,FL,2872.66,2021-11-13
2773,Joseph,Phillips,david90@example.com,84,NJ,8591.29,2024-01-20
2774,Elizabeth,Blevins,xcardenas@example.org,70,TX,7851.77,2023-02-19
2775,Benjamin,Thomas,darrylkent@example.net,32,PA,26822.65,2024-08-14
2776,Monica,Taylor,ltate@example.org,79,NY,19449.64,2022-04-04
2777,Alan,Young,scott04@example.com,44,PA,43522.45,2023-03-03
2778,Rachel,Torres,gail55@example.net,57,TX,40894.81,2022-09-30
2779,Samuel,Jackson,amandaedwards@example.com,78,PA,30185.47,2025-10-14
2780,Tara,Roberts,jeffery29@example.org,57,WA,10148.64,2021-08-25
2781,John,Anderson,staceyarias@example.org,76,CT,10085.14,2026-04-12
2782,Kimberly,Young,cynthiaford@example.org,36,FL,3198.5,2023-10-05
2783,Joseph,Day,christinapeters@example.net,69,WA,40378.29,2025-01-03
2784,Angela,Jackson,george52@example.net,85,CA,45515.13,2025-12-05
2785,Craig,Wilson,,80,FL,23134.77,2021-12-18
2786,Matthew,Williams,coxcarol@example.com,23,NY,14395.59,2023-11-15
2787,Kyle,Ruiz,danielle52@example.com,76,CA,35015.83,2023-10-28
2788,Allison,Paul,daniel71@example.com,56,TX,30651.38,2024-07-14
2789,Jacqueline,Whitney,sgonzalez@example.net,40,TX,12456.74,2022-08-25
2790,Mathew,Freeman,walkerdavid@example.org,73,FL,19233.25,2023-09-27
2791,Morgan,Jones,johnnewman@example.net,41,WA,4776.71,2026-07-15
2792,Ronald,Johnson,,23,MA,44277.09,2021-12-21
2793,Laura,Castillo,sgonzalez@example.net,38,CT,44127.79,2023-10-22
2794,Leslie,Brown,davidholt@example.com,55,NY,34902.2,2023-04-07
2795,Donna,House,timothyshaffer@example.net,45,FL,20563.91,2021-11-18
2796,William,Boyer,roger73@example.com,33,CA,3826.68,2023-01-11
2797,Patrick,Miller,yramos@example.org,31,IL,38326.95,2024-08-05
2798,Raymond,Frederick,jeffrey62@example.net,59,TX,22546.8,2024-08-27
2799,Jonathan,Bennett,vgreen@example.org,50,MA,25303.23,2024-09-05
2800,Barbara,Tyler,rodriguezamanda@example.net,77,NJ,3659.77,2023-05-02
2801,Jeremy,Smith,marissasutton@example.com,77,TX,17182.89,2022-06-14
2802,Janet,Fernandez,salvarado@example.com,69,MA,19833.72,2022-06-25
2803,Kenneth,Hill,christine97@example.net,19,CT,5734.14,2023-06-27
2804,George,Bartlett,madison75@example.net,35,CA,33514.78,2025-03-08
2805,Michael,Meyer,kirbybrett@example.org,77,FL,23067.85,2021-12-27
2806,Julie,Ford,wilkinskevin@example.net,28,IL,32851.13,2022-07-27
2807,Charlene,Heath,,74,PA,23539.39,2024-04-11
2808,Ruth,Baker,lisa43@example.com,53,XX,8529.45,2024-02-11
2809,Morgan,Mills,ghendrix@example.org,20,WA,5025.76,2022-07-17
2810,Jeff,Johnson,karen81@example.org,55,NY,26732.69,2024-07-10
2811,Chelsea,Odom,hillsabrina@example.net,68,PA,3879.26,2021-09-08
2812,Lori,Rojas,marthagriffin@example.net,19,CT,7674.82,2021-11-12
2813,Leslie,Castro,lmiddleton@example.org,63,PA,10833.62,2022-09-26
2814,Kristina,Davis,,22,IL,10808.32,2023-12-15
2815,Kaitlyn,Mack,,24,IL,32050.61,2025-05-10
2816,David,Allen,smithsusan@example.net,31,TX,34517.34,2022-04-05
2817,Ashley,Wells,debbieedwards@example.org,74,NJ,29910.27,2022-11-06
2818,Ronald,Berry,margaret18@example.net,24,TX,38355.71,2022-03-31
2819,Justin,Brown,kevinespinoza@example.org,49,CA,45437.82,2023-08-20
2820,Rebecca,Cantu,wharris@example.com,43,NY,801.92,2022-05-01
2821,Scott,Robinson,william96@example.net,21,NJ,16855.83,2022-11-10
2822,Michael,Lindsey,bushcourtney@example.net,42,NY,11028.39,2023-03-29
2823,Morgan,Potter,odavis@example.com,30,PA,36200.57,2023-11-19
2824,John,Curtis,phoover@example.net,23,TX,-131.98,2024-01-26
2825,Jacob,Reed,garciakelly@example.com,59,CA,28102.71,2026-06-01
2826,Christina,Keller,thomaswhite@example.org,42,WA,10355.97,2025-11-28
2827,Amy,Fisher,vortiz@example.org,68,TX,6040.2,2023-02-08
2828,Adriana,Gray,jonathan61@example.org,45,NY,17828.82,2026-02-06
2829,Cindy,Horton,cynthia35@example.net,250,NJ,20106.97,2025-12-29
2830,Cynthia,Evans,brad51@example.org,58,NJ,19459.33,2022-07-30
2831,Ann,Smith,abaird@example.com,76,MA,3300.81,2022-05-06
2832,Robert,Henderson,bakerjonathon@example.com,53,WA,18449.0,2023-11-25
2833,Allison,Riley,laura09@example.com,26,MA,20554.84,2024-07-04
2834,Brady,Simpson,,81,NY,35626.56,2022-07-02
2835,William,Gallagher,sheena87@example.com,39,CT,47951.74,2025-12-27
2836,Karen,Bell,mariahwang@example.net,59,TX,33895.03,2025-05-17
2837,Shawn,Singleton,chavezpamela@example.org,35,CA,8766.55,2024-11-03
2838,Roger,Tran,mccormickkatherine@example.com,58,FL,3375.67,2025-07-06
2839,Kathy,Johnson,stacey98@example.net,20,WA,45605.16,2026-02-20
2840,William,Harris,vramos@example.com,-10,TX,25551.31,2026-06-11
2841,Jeffrey,Young,ecampbell@example.com,47,IL,29373.43,2021-09-13
2842,John,Hall,jacobscindy@example.org,19,MA,1060.67,2026-05-06
2843,Michael,Hunt,lcosta@example.net,33,CT,11819.82,2022-04-09
2844,Dean,Baker,tarabradshaw@example.org,72,MA,30988.31,2024-11-28
2845,George,Kane,carrjennifer@example.com,25,PA,18726.18,2023-11-19
2846,Dennis,Adams,carl07@example.net,55,MA,7583.53,2024-08-03
2847,Janet,Garcia,erikwatson@example.org,44,NJ,11903.2,2025-11-01
2848,Dawn,Brown,tklein@example.org,74,CA,6713.35,2026-05-29
2849,Sandra,Thomas,amy70@example.net,58,NJ,26043.64,2025-04-14
2850,Angela,Hernandez,kbird@example.com,71,CT,37527.55,2022-08-27
2851,Gregory,Miller,ywilkinson@example.org,47,CA,17136.42,2022-07-23
2852,Alexis,Collier,geraldgarcia@example.net,44,IL,2703.7,2025-10-10
2853,Brett,Lee,gfox@example.net,49,MA,30403.16,2023-07-16
2854,Brent,Smith,pwest@example.org,66,IL,16081.85,2021-11-29
2855,Sarah,Maxwell,wheelerkimberly@example.org,130,NJ,3230.84,2023-08-03
2856,Leah,Griffith,duncanjames@example.net,80,NY,47683.06,2024-07-19
2857,Alejandro,Marshall,,24,PA,46913.73,2022-04-25
2858,Stephanie,Hart,johnsonsteven@example.net,34,NY,8683.79,2023-12-10
2859,Jake,Osborne,fjackson@example.org,44,MA,25371.23,2022-08-27
2860,Lisa,Knight,pwilkerson@example.com,72,FL,15573.15,2024-02-10
2861,Jacob,Johnson,leslie46@example.org,43,MA,21200.84,2026-08-17
2862,Daniel,Jackson,wellsadam@example.com,49,CT,14267.64,2023-03-01
2863,Richard,Lucero,mandymalone@example.com,75,MA,13593.04,2025-12-01
2864,Sarah,Anderson,douglas60@example.org,79,NY,47550.66,2023-05-06
2865,Jason,Matthews,thomasjessica@example.net,64,TX,18885.87,2025-04-14
2866,Brandy,Torres,esalinas@example.org,78,FL,21134.86,2023-07-06
2867,Andrew,Craig,wmay@example.com,73,PA,40980.19,2022-02-07
2868,Sandra,Ruiz,pearsoncarrie@example.com,79,NJ,38096.46,2025-03-26
2869,Andrew,Arellano,josephcooper@example.net,72,NY,37942.92,2023-06-06
2870,Amber,Rodriguez,andersondaniel@example.net,56,WA,26859.88,2022-03-08
2871,Stephanie,Herrera,,40,CT,19022.51,2026-08-07
2872,Jacqueline,Oconnor,jscott@example.com,57,FL,14161.29,2025-08-03
2873,Rebekah,Palmer,dmartinez@example.com,79,NY,16661.71,2026-08-18
2874,Rebecca,Porter,larry40@example.net,78,MA,7736.22,2025-05-18
2875,Samuel,Sandoval,daviladaniel@example.org,42,NJ,641.71,2024-02-01
2876,Christine,Bradley,kimbradley@example.com,82,CA,24572.69,2024-06-27
2877,Jessica,Rice,philliphayden@example.net,71,TX,48524.63,2022-04-09
2878,James,Nguyen,joshuaadams@example.com,65,ZZ,24477.56,2022-12-26
2879,Shirley,Williams,davidandrews@example.net,27,TX,44249.98,2023-09-07
2880,Joshua,Lopez,jacksonwhitney@example.org,33,TX,46606.48,2025-05-08
2881,Travis,Mcmillan,michellehoward@example.com,38,MA,38147.54,2021-08-21
2882,Jared,Robinson,smithamy@example.com,50,CA,25480.42,2022-11-16
2883,Kelly,Klein,lchavez@example.org,80,CA,34822.77,2024-09-10
2884,Aaron,Meyer,martinezdavid@example.org,67,XX,36783.21,2021-09-30
2885,Stephanie,Jefferson,vbradley@example.net,49,FL,1725.38,2022-05-24
2886,Jimmy,Jennings,sarahharmon@example.net,64,NJ,34873.57,2024-12-31
2887,Sierra,Ray,nsingh@example.org,36,CT,30271.78,2023-07-29
2888,Amber,Quinn,amy18@example.com,36,ZZ,12370.74,2024-01-13
2889,Jonathan,Sanchez,johnsoncandice@example.net,38,NJ,5836.53,2024-03-16
2890,Gabrielle,Wright,zamorajennifer@example.org,29,TX,19883.35,2026-05-26
2891,Christopher,Davis,floreseileen@example.net,28,IL,45497.46,2024-11-10
2892,Heather,Rivera,katherinemccarty@example.com,72,PA,41487.48,2022-05-20
2893,Andrew,Fields,jonesjames@example.org,50,CT,25032.34,2023-01-08
2894,Robert,Griffin,mharding@example.net,66,WA,15398.94,2022-11-19
2895,Brandi,Padilla,jreynolds@example.net,70,NY,5463.7,2021-11-25
2896,Brian,Taylor,patrickjasmine@example.net,62,PA,13451.07,2026-03-09
2897,Haley,Hernandez,denisepalmer@example.net,44,TX,34950.45,2026-03-31
2898,Keith,Smith,htaylor@example.com,18,PA,40819.47,2024-02-19
2899,Chad,Baker,rebecca73@example.com,-10,NY,3492.07,2024-10-26
2900,James,Collins,maxwellgibson@example.org,71,IL,20842.12,2023-02-08
2901,Erik,Davis,andrearivera@example.net,54,TX,8531.71,2022-03-19
2902,Robert,Jones,kristievillegas@example.com,65,PA,35202.36,2024-06-15
2903,Justin,Cline,,43,FL,9099.22,2023-12-15
2904,Gerald,Brown,dortiz@example.org,32,FL,28354.61,2022-04-09
2905,John,Thomas,johnsonjennifer@example.net,45,PA,10047.04,2026-03-03
2906,James,Strong,fjones@example.org,41,MA,12967.6,2021-10-11
2907,Rebecca,Potts,alexander66@example.com,70,FL,31341.87,2022-10-02
2908,Lisa,Vance,larry04@example.net,31,PA,3990.49,2022-07-09
2909,Drew,Gonzales,melissaevans@example.org,28,TX,6234.08,2022-03-02
2910,Christopher,Young,victor34@example.com,26,CA,1483.33,2025-11-10
2911,Jordan,Bailey,amiller@example.net,48,FL,24259.72,2022-06-23
2912,Shelby,Sherman,margaretbarnett@example.org,30,NJ,3052.82,2023-08-09
2913,Valerie,Hicks,ypadilla@example.com,18,WA,39460.36,2026-04-17
2914,Krista,Cisneros,joshuajones@example.net,23,NY,10553.42,2026-01-11
2915,Nicole,Ortiz,rdixon@example.net,18,TX,30149.24,2023-02-06
2916,Stuart,Miller,invalid-email,52,FL,23661.59,2021-09-15
2917,Robert,Cantu,vincent74@example.org,61,WA,21472.68,2022-04-05
2918,Lawrence,Nelson,,65,CA,49972.26,2026-01-10
2919,Karen,Kelley,hernandezmatthew@example.net,48,CA,33253.91,2023-10-18
2920,Johnny,Rodgers,frank49@example.org,66,WA,2862.08,2021-09-19
2921,Reginald,Vazquez,dawn11@example.org,63,CA,40313.51,2024-12-26
2922,Cheyenne,Schroeder,schmidtsteven@example.org,18,FL,43527.08,2025-12-02
2923,Roy,Parker,erica48@example.net,69,PA,1284.02,2025-08-31
2924,Jennifer,Rice,brenda68@example.org,33,IL,13973.38,2026-08-07
2925,Richard,Cline,reedcorey@example.org,49,CA,22595.9,2026-08-07
2926,Hunter,Martin,,78,IL,20656.33,2022-07-25
2927,Michelle,Wilson,nwilliams@example.net,42,NJ,49309.07,2026-05-22
2928,Rodney,Colon,tylergarcia@example.net,59,NJ,31688.87,2024-11-03
2929,William,Brown,harrisbryan@example.net,23,CA,33896.47,2022-08-22
2930,Brooke,Pierce,millerlindsey@example.org,47,WA,24226.81,2026-04-29
2931,Jason,Ellison,pli@example.org,28,CA,21395.81,2025-05-20
2932,Tyler,Garcia,jgill@example.com,78,NY,36713.89,2021-11-10
2933,Kara,Wilkerson,jhenson@example.com,55,WA,9753.85,2025-01-19
2934,Christina,Potter,bowenjonathan@example.net,36,IL,43811.7,2024-11-14
2935,Megan,Fields,michelle01@example.org,82,NJ,6393.07,2022-08-30
2936,Samuel,Walker,jasminjohnson@example.org,29,CT,41617.71,2024-06-03
2937,Erica,Hood,ruizkimberly@example.net,77,PA,44820.43,2025-06-08
2938,Jennifer,Mcdonald,brodriguez@example.net,32,FL,33132.11,2025-01-31
2939,Daniel,Gilbert,davidharris@example.net,48,MA,10582.04,2026-01-11
2940,Brianna,Travis,timothy18@example.org,29,NY,21744.67,2024-01-22
2941,Mary,Williams,gcastro@example.org,21,PA,46450.17,2022-07-17
2942,Justin,Smith,kristen78@example.org,59,TX,38315.44,2021-09-14
2943,Denise,Caldwell,james23@example.com,46,CT,33296.63,2026-06-15
2944,Francis,Holloway,yrichards@example.com,33,PA,46136.81,2024-08-23
2945,Kathryn,Arnold,qgreen@example.com,80,NY,39777.02,2021-09-24
2946,Lauren,Fleming,carl91@example.org,60,MA,46589.0,2024-07-10
2947,Toni,Huynh,christopherbrown@example.org,26,CA,18850.52,2025-10-29
2948,Patricia,Colon,ejones@example.org,66,IL,48312.4,2022-09-20
2949,Michael,Krause,patricia24@example.org,73,MA,11177.54,2025-02-23
2950,Heather,Harvey,beckyroberts@example.com,32,CT,4384.02,2024-02-24
2951,Jeffrey,Smith,rodgerscaroline@example.org,29,CA,37029.06,2025-09-14
2952,Leslie,Perez,craigbuck@example.com,42,NY,28641.95,2024-01-06
2953,Michael,Aguirre,zwolfe@example.net,34,CA,47703.43,2025-08-08
2954,Jerry,Parrish,jesse81@example.org,18,CT,3094.25,2021-08-24
2955,Andre,Wilson,rhonda64@example.org,42,TX,48992.47,2024-02-01
2956,Lori,Richards,hfoley@example.com,58,CA,39875.91,2023-12-30
2957,Andrea,Flores,taylorkaylee@example.com,34,IL,33187.14,2026-03-04
2958,Mark,Garcia,brittanyhubbard@example.com,46,NY,19765.62,2024-03-01
2959,Matthew,Green,odickerson@example.org,76,CA,7235.04,2025-06-11
2960,Lisa,Murray,jessicasmith@example.com,55,MA,24991.63,2025-07-26
2961,Ryan,Rojas,kelsey67@example.com,76,PA,30073.27,2022-05-04
2962,Michael,Alexander,murraybruce@example.net,36,NJ,29944.02,2023-12-14
2963,Michael,Trujillo,pschmidt@example.org,57,IL,49516.76,2024-01-15
2964,Jennifer,Robinson,ostewart@example.net,33,CT,49842.43,2021-09-17
2965,Jacob,Ramos,pittmanwesley@example.com,79,ZZ,24751.28,2025-02-28
2966,Emily,Reyes,annacook@example.com,66,NJ,49057.14,2025-01-21
2967,Richard,Hernandez,,60,PA,41394.23,2026-08-14
2968,Shane,Patterson,alexdelgado@example.com,44,MA,35020.37,2025-01-18
2969,Douglas,Dougherty,sherryclark@example.net,24,PA,42838.94,2026-06-20
2970,Richard,Butler,michaelmartinez@example.net,68,CT,49219.48,2023-10-15
2971,William,Alvarez,russellemily@example.org,38,NJ,27397.15,2025-08-14
2972,Zachary,Mayer,ogarza@example.org,61,TX,33894.93,2021-12-02
2973,Matthew,Wood,jordanreed@example.org,62,TX,19553.15,2025-01-25
2974,Sherry,Munoz,thomaslane@example.net,85,CT,14118.2,2022-01-19
2975,Rebecca,Carlson,,42,IL,19688.62,2023-03-16
2976,Erin,Rojas,vcole@example.com,34,CA,37613.32,2024-02-18
2977,Nicole,Porter,max26@example.org,24,CT,22876.63,2024-07-25
2978,Michelle,Allen,dylan27@example.org,38,WA,6878.05,2025-12-07
2979,Kara,Anderson,henrymccarthy@example.org,79,CT,44860.9,2026-05-09
2980,Dylan,Garcia,huffmaria@example.net,-10,MA,40217.92,2026-01-25
2981,Ronald,Martinez,krodriguez@example.org,43,NJ,18111.29,2025-07-13
2982,Eric,Ware,daniel48@example.com,31,INVALID,18827.79,2024-07-08
2983,Jesse,Brooks,houstonstephanie@example.org,72,PA,46299.27,2022-09-01
2984,Melissa,White,roachjulie@example.net,30,CA,48707.94,2025-08-09
2985,Alexander,Shea,jack64@example.com,40,NJ,5867.34,2025-10-11
2986,Bruce,Payne,hayesnicole@example.org,83,CA,29669.62,2026-03-29
2987,Linda,Miller,seanosborne@example.com,37,TX,12250.05,2025-01-21
2988,Shelly,Carter,jasongutierrez@example.com,130,MA,19832.24,2022-07-20
2989,Sabrina,Bennett,melissaroy@example.com,56,WA,47727.77,2022-06-07
2990,Joshua,Wallace,ruthsmith@example.org,66,NY,38886.54,2026-06-04
2991,Antonio,Sanders,jordan25@example.net,66,CT,31616.68,2025-04-11
2992,Lisa,Pierce,halejeffery@example.net,74,CA,580.12,not-a-date
2993,Steven,Moore,fwhite@example.org,32,NY,6102.58,2026-02-08
2994,David,Hughes,denise49@example.com,83,MA,1151.34,2021-12-05
2995,Maria,Higgins,vfoster@example.org,79,CT,34686.29,2023-11-25
2996,Gabriel,Newman,tiffany97@example.com,30,WA,9054.83,2024-10-01
2997,Courtney,Brooks,gsharp@example.net,79,TX,14918.17,2023-10-22
2998,Lisa,Barnes,wchaney@example.com,34,NY,16261.45,2025-11-12
2999,Andrew,Williams,ortegasandra@example.net,41,TX,40643.4,2026-06-07
3000,Megan,Larson,jacobjones@example.com,20,TX,27803.01,2025-07-07
3001,Shirley,Macias,christineramirez@example.net,85,INVALID,3196.58,2024-06-29
3002,Austin,Perez,michaellee@example.org,33,MA,48284.05,2022-07-01
3003,Susan,Sanchez,williamslisa@example.net,33,PA,43100.17,2025-08-29
3004,Maurice,Mcpherson,montgomeryjessica@example.com,41,NJ,27736.09,2023-01-19
3005,Laura,Vega,perezrichard@example.net,58,NY,1957.16,2025-09-12
3006,Lindsey,Mitchell,cindyfischer@example.org,44,PA,4391.05,2022-08-06
3007,Francis,Horn,lellison@example.com,50,NJ,4230.52,2022-04-17
3008,Lisa,Johnson,daviddecker@example.com,33,IL,14928.9,2025-05-25
3009,Christopher,Hobbs,wallacemathew@example.net,39,TX,48855.15,2023-08-06
3010,Rebecca,Carr,stephaniewilson@example.org,18,MA,15030.0,2026-06-20
3011,Richard,Jones,invalid-email,84,CT,32957.88,2022-06-07
3012,Rebecca,Cruz,danielle93@example.com,74,PA,28853.57,2023-05-05
3013,Valerie,Davis,,58,IL,45539.16,2022-10-11
3014,Timothy,Hall,banderson@example.com,63,WA,26910.47,2023-12-31
3015,Edward,Farrell,gking@example.org,44,NY,33130.85,2025-02-20
3016,Pamela,Simmons,ostokes@example.org,23,MA,1836.7,2021-08-27
3017,Brittany,Keller,leslie24@example.org,36,CT,42804.26,2022-08-03
3018,Janet,Brown,michellegomez@example.com,45,PA,30107.22,2022-02-06
3019,Jason,Ingram,perkinsdaniel@example.org,45,WA,17953.26,2024-12-18
3020,Brandon,York,dlowery@example.net,34,WA,21100.75,2022-05-01
3021,Steven,Dickson,heather42@example.org,50,CT,19089.12,2026-06-27
3022,Walter,Young,courtney58@example.org,38,TX,22803.39,2024-08-02
3023,Jill,Costa,kelsey77@example.org,50,TX,47009.97,2023-10-16
3024,Cynthia,Gallegos,suzannegilmore@example.org,36,IL,10188.14,2024-07-29
3025,Valerie,Jordan,howardchristina@example.org,52,MA,35722.25,2022-06-18
3026,Tanner,Daniels,susan40@example.net,83,WA,8202.15,2023-04-20
3027,Wesley,Mueller,mariaweaver@example.com,37,CA,49622.45,2025-02-16
3028,Jennifer,Woods,bkramer@example.net,73,TX,1295.49,2024-03-03
3029,Raymond,Martinez,michaelbradshaw@example.net,49,NY,13506.26,2026-01-03
3030,Jillian,Miller,kjackson@example.org,32,IL,20339.06,2022-07-20
3031,Michael,Fischer,michaelflynn@example.net,60,NY,-4746.35,2023-08-30
3032,Katherine,Zhang,ajackson@example.org,60,CT,7316.48,2024-07-30
3033,Johnathan,White,davissonya@example.org,46,CT,493.17,2022-11-10
3034,Joshua,Roberts,brookefrench@example.net,66,MA,18931.62,2025-02-21
3035,Robert,Jackson,awilliams@example.com,31,NY,8786.57,2021-08-19
3036,Samantha,Snow,mccartymichael@example.org,57,WA,41067.16,2022-07-23
3037,Thomas,Mitchell,smithjesse@example.org,80,NY,26448.01,2021-11-18
3038,Kathleen,Andrews,nathangonzalez@example.net,54,IL,13552.7,2022-07-09
3039,Ethan,Huff,millerbrittany@example.com,30,NJ,8537.37,2025-11-22
3040,Heather,Barnes,huynhdouglas@example.com,67,PA,17258.64,2024-12-05
3041,Luke,Campbell,mcleankaitlin@example.org,69,FL,29615.51,2024-01-02
3042,Ryan,Anderson,jeffery85@example.org,51,NJ,34332.92,2021-09-14
3043,Mark,Ford,josephdavis@example.com,37,PA,7133.51,2024-12-05
3044,Meredith,Nunez,tonyamercado@example.com,52,NJ,45922.08,2022-03-16
3045,Dawn,Sparks,justin16@example.com,65,MA,33910.76,2022-04-26
3046,James,Garcia,joshua41@example.net,71,FL,9155.23,2022-08-13
3047,Guy,Harrison,emills@example.com,63,FL,25111.46,2026-02-07
3048,Karen,Henderson,kristymunoz@example.org,53,INVALID,26029.73,2024-10-01
3049,Brady,Ramirez,elamb@example.com,47,CT,31781.76,2025-12-04
3050,Craig,Pierce,boltonmary@example.com,29,INVALID,20325.74,2024-09-24
3051,Anne,Thompson,blakejackson@example.net,58,NY,31733.83,2022-09-23
3052,Kyle,Ingram,mackgary@example.com,27,MA,47243.35,2023-05-11
3053,Kimberly,Flynn,carmstrong@example.net,39,WA,2870.58,2025-06-09
3054,Alex,Howard,kendra53@example.com,54,IL,46479.45,2025-11-04
3055,Derrick,Hansen,campbelltaylor@example.org,19,TX,33851.65,2024-03-18
3056,Jessica,Adams,krauseaaron@example.com,35,FL,24890.26,2022-10-07
3057,Nancy,Garrett,timothy42@example.org,33,TX,695.01,2023-08-03
3058,Joshua,Morris,conleyantonio@example.org,42,NJ,35708.0,2024-01-07
3059,Chris,Powers,torresmeghan@example.net,62,MA,49711.1,2023-09-08
3060,Clifford,Walker,joshua70@example.com,85,WA,2117.8,2025-04-09
3061,Christopher,Goodwin,natalie46@example.com,75,PA,33726.11,2022-04-16
3062,Natalie,Fischer,ztran@example.org,85,MA,8740.71,2023-06-21
3063,Kenneth,Benson,lisa99@example.org,64,PA,25684.22,2026-04-29
3064,Edward,Alvarez,barbararodriguez@example.net,24,TX,24775.39,2023-03-04
3065,Blake,Gibson,psmith@example.com,39,CA,48486.42,2023-09-10
3066,Nicole,Johnson,perezjohn@example.com,61,MA,41586.32,2026-03-17
3067,Brittany,Sanchez,sandersdeanna@example.net,33,CT,14958.9,2022-09-08
3068,Lisa,Ruiz,kelleyderek@example.net,55,CT,10653.3,2022-07-20
3069,Robert,Mathews,invalid-email,68,MA,46152.82,2023-11-23
3070,Deborah,Jordan,waynerivera@example.net,83,NJ,46770.72,2025-09-03
3071,Brandon,Ruiz,ashleyharris@example.net,80,NJ,17787.2,2025-09-12
3072,Heather,Steele,barcher@example.net,76,CA,14917.53,2025-11-07
3073,Lauren,Little,anthonydana@example.net,31,NJ,17486.08,2022-04-28
3074,Maria,Benson,bakermelissa@example.com,41,TX,17726.62,2025-06-16
3075,Kathy,Gardner,cvega@example.org,30,TX,24602.31,2023-09-01
3076,Jamie,Combs,moralesfrancisco@example.net,28,IL,25715.93,2026-02-11
3077,Alexis,Lee,katiehicks@example.net,37,TX,6192.13,2022-01-12
3078,Wanda,Velasquez,tracyhoffman@example.com,80,NJ,7781.52,2025-02-22
3079,Tammy,Hammond,stevenellis@example.org,50,MA,23534.93,2024-04-20
3080,Lynn,Parker,george94@example.org,65,CT,18224.78,not-a-date
3081,Jennifer,Garza,teresamiller@example.org,41,IL,40577.19,2026-06-03
3082,Kevin,Mayo,rodriguezmichael@example.net,31,ZZ,32813.98,2024-09-07
3083,Robert,Johnson,egeorge@example.net,74,PA,6993.72,2023-05-02
3084,Amanda,Lee,jonathan98@example.org,73,NJ,17961.84,2026-06-05
3085,Joseph,Hoffman,donna30@example.net,43,NY,9478.35,2022-05-14
3086,Monica,Gregory,owensamber@example.com,23,PA,19727.3,2023-12-28
3087,Michelle,Smith,invalid-email,60,NJ,8015.63,2022-09-28
3088,Daniel,Ware,garciadebra@example.com,43,FL,47984.94,2026-01-17
3089,Beverly,Sharp,rachelvaldez@example.org,52,NY,21054.77,2023-04-11
3090,James,Cole,wilsonbrian@example.net,81,PA,-1870.45,2026-07-09
3091,Robert,Evans,nhobbs@example.org,69,IL,36299.73,2024-03-13
3092,Amber,Holmes,gibsonrichard@example.net,67,PA,5486.64,2022-06-17
3093,Sonya,Pierce,marissa85@example.org,31,NJ,6306.18,2024-12-07
3094,Andrew,Thomas,stephanie27@example.net,62,IL,682.45,2023-01-04
3095,Charles,Fernandez,rgiles@example.org,48,NJ,33915.52,2025-03-25
3096,Nicole,Cruz,jacksonthomas@example.com,61,TX,48821.93,2022-04-17
3097,Angela,Moreno,allendavid@example.org,19,TX,24009.65,2024-10-23
3098,Linda,Gamble,qlee@example.com,54,FL,4130.74,2022-12-24
3099,Mark,Larson,invalid-email,72,MA,30880.66,2025-01-13
3100,Nancy,Yoder,whitejill@example.com,83,PA,12473.34,2025-09-07
3101,Sarah,Thomas,dianebrooks@example.com,32,CT,49712.85,2024-08-13
3102,Brenda,Mcmillan,summerellis@example.org,49,TX,9920.62,2021-09-04
3103,Andrea,Adams,tsullivan@example.org,31,IL,30555.02,2022-11-18
3104,Nicholas,Juarez,andersonkaren@example.org,42,WA,31445.4,2023-07-05
3105,Dean,Hubbard,bobby53@example.net,37,MA,6023.06,2025-06-15
3106,Jonathan,Molina,xclarke@example.com,69,NJ,13693.08,2025-01-11
3107,Tara,Russo,mary88@example.org,42,PA,21315.15,2022-03-24
3108,Morgan,Hudson,xwright@example.com,43,NY,43217.51,2026-04-30
3109,Ricardo,Hernandez,susanhall@example.org,66,TX,26248.56,2023-07-16
3110,Lindsay,Munoz,ecampbell@example.org,47,MA,16808.89,2023-07-01
3111,Lance,Velasquez,denniswilliams@example.com,79,NJ,25493.18,2022-07-24
3112,Alice,Lopez,ielliott@example.org,24,CT,5502.75,2023-07-21
3113,Raymond,Levy,wthompson@example.com,64,CT,47149.94,2024-09-06
3114,Brittany,Preston,briannamclaughlin@example.net,71,MA,15992.04,2024-05-16
3115,Jason,Walton,zgrimes@example.net,24,PA,2044.46,2024-03-16
3116,Jennifer,Hayes,nathannorman@example.org,24,CA,10598.88,2023-02-20
3117,John,Fox,millsmichelle@example.com,78,CT,45424.1,2026-02-09
3118,Lisa,Davis,,30,TX,9242.0,2022-01-20
3119,Vickie,Powell,smithcarl@example.com,80,CA,16714.11,2021-11-17
3120,Tiffany,Hale,,32,NY,33447.38,2025-05-14
3121,Carlos,Sparks,melissaharrell@example.net,34,CA,18028.44,2026-04-24
3122,Chad,Turner,harrislisa@example.com,64,WA,26443.1,2023-03-29
3123,Rachel,Bridges,landerson@example.net,65,MA,32512.42,2024-05-01
3124,Deanna,Wall,vphillips@example.net,44,WA,19202.47,2026-05-02
3125,Derek,Kerr,christine20@example.net,31,PA,31477.93,2022-07-18
3126,Matthew,Hall,invalid-email,33,NJ,29328.07,2026-05-06
3127,Curtis,Harding,kmartinez@example.net,42,MA,35233.0,2026-03-29
3128,Tiffany,Johnson,richard20@example.org,250,NY,47090.9,2024-01-01
3129,Michael,Burton,westricky@example.org,61,CT,36267.53,2026-04-25
3130,Ryan,Cook,whernandez@example.net,43,IL,36038.47,2026-03-18
3131,Dawn,Wise,collinslaura@example.com,23,PA,9585.34,2024-02-01
3132,David,Martin,tamaradouglas@example.com,50,IL,48756.31,2024-12-07
3133,Leslie,Sullivan,williamstracy@example.org,64,FL,31493.23,2024-11-04
3134,Charles,Ewing,bryan61@example.net,33,TX,3385.42,2025-06-10
3135,Harry,Williams,martha99@example.net,71,IL,46566.62,2021-12-26
3136,James,Washington,stevelee@example.net,82,NJ,8346.76,2022-07-20
3137,Kelly,Davies,melanie48@example.net,53,PA,14482.82,2021-08-19
3138,Joseph,Reynolds,ibrady@example.com,25,MA,37035.76,2025-12-18
3139,Kim,Edwards,leblancnicole@example.net,68,FL,34234.71,2025-10-26
3140,Robert,Jones,hartmancrystal@example.net,83,NY,8275.91,2024-06-02
3141,Kimberly,Howard,invalid-email,83,TX,28124.93,2025-12-14
3142,Brittany,Miller,patrick40@example.net,67,TX,30360.92,2025-09-14
3143,Angela,Gomez,cooperamy@example.org,44,PA,180.03,2025-04-11
3144,Lindsey,Morris,tgreen@example.net,45,WA,34836.09,2023-08-05
3145,Michael,Guzman,weeksbrandon@example.com,83,FL,25190.89,2025-09-27
3146,Aaron,Mitchell,patriciaowen@example.net,85,CT,15170.51,2023-03-11
3147,Patricia,Wilson,traci39@example.net,46,CT,35412.74,2024-05-12
3148,Gregory,Brock,beckerbrianna@example.com,33,PA,11196.47,2025-06-23
3149,Katie,Rodgers,allennathan@example.net,48,CT,1954.53,2024-05-28
3150,Gabrielle,Ramirez,kelleramanda@example.org,36,CT,46362.4,2022-05-22
3151,Marc,Franklin,christopher64@example.net,52,NJ,32120.66,2023-10-27
3152,Caroline,Camacho,matthewbutler@example.org,49,MA,26729.75,2021-11-28
3153,James,Duke,joseph08@example.net,18,CA,31634.14,2026-02-18
3154,Kathleen,Pittman,uwilliams@example.net,65,CA,4162.31,2024-06-04
3155,Victoria,Williams,blakeshelton@example.org,51,PA,20417.14,2024-08-18
3156,Christina,Fernandez,michelle11@example.org,55,CA,49263.06,2025-01-13
3157,Renee,Cochran,vgarcia@example.net,19,CA,10963.98,2023-01-04
3158,Matthew,Williams,laurenallen@example.net,53,PA,12799.36,2022-03-24
3159,Brittney,Powell,virginia22@example.org,20,IL,32865.88,2023-03-14
3160,Caroline,Ruiz,alvarezstephanie@example.com,31,TX,47282.82,2025-03-10
3161,Kenneth,Barber,boyererika@example.net,50,WA,27543.89,2025-06-30
3162,Samantha,Woodard,wallacebryan@example.com,74,MA,16213.15,2025-05-12
3163,Mackenzie,Armstrong,barbarafisher@example.com,44,WA,31490.03,2025-08-26
3164,Whitney,Anderson,,68,PA,22302.8,2025-06-05
3165,Nicholas,Smith,theresataylor@example.com,73,CA,7416.71,2021-12-31
3166,Amanda,Smith,todd87@example.org,79,NY,24798.06,2022-09-17
3167,Paul,Morales,sarah06@example.org,76,PA,40779.9,2021-11-02
3168,Randy,Hamilton,invalid-email,40,MA,28482.9,2026-01-25
3169,Christopher,Schultz,mary98@example.net,41,CT,1052.37,2022-03-27
3170,Michele,Willis,mcneilbrian@example.net,38,PA,40874.96,2022-10-26
3171,Anthony,Diaz,franklinmatthew@example.net,130,NY,7176.12,2022-08-19
3172,Sherri,Sherman,xhorton@example.org,72,MA,22751.21,2025-12-02
3173,Autumn,Holloway,nwilliams@example.net,250,NY,36215.35,2024-04-19
3174,Bradley,Roy,fbailey@example.com,35,NJ,30164.68,2024-12-09
3175,Jonathan,Nelson,bradleymitchell@example.net,66,TX,1035.8,2026-06-12
3176,Juan,Mitchell,jeffrey11@example.net,19,NJ,6608.95,2021-09-17
3177,Ann,Higgins,wbailey@example.net,28,CT,7131.78,2022-09-09
3178,Olivia,Bruce,raymond62@example.org,19,NJ,47880.88,2024-08-13
3179,Gina,Hernandez,djensen@example.com,31,IL,36806.58,2025-02-16
3180,Noah,Young,agarcia@example.org,61,NY,10116.08,2023-03-07
3181,Rodney,West,shane26@example.com,79,WA,44619.51,2021-09-17
3182,James,Marsh,diazmichael@example.org,38,CT,16587.82,2023-07-04
3183,James,Smith,uhall@example.net,37,MA,2793.78,2026-05-22
3184,Rodney,Lamb,rodney58@example.com,52,IL,6153.78,2024-06-29
3185,Nathaniel,White,charles39@example.com,23,NY,27232.11,2023-03-03
3186,Ashley,Brown,uschmitt@example.net,31,IL,44322.84,2023-06-17
3187,Colton,Cain,usilva@example.net,71,PA,60.52,2023-12-07
3188,Ashley,Moss,invalid-email,46,NJ,11333.76,2025-11-14
3189,Richard,Lewis,paul18@example.org,67,PA,17665.5,2022-08-09
3190,Marco,Lawson,courtney87@example.com,54,MA,46084.55,2024-05-14
3191,Adam,Parks,ingramtara@example.net,67,NY,24591.03,2025-02-07
3192,Melanie,Solis,weaverjohn@example.org,32,MA,5086.81,2025-08-30
3193,Craig,Lopez,morrisonryan@example.org,54,CA,3814.5,2022-09-19
3194,Melissa,Thomas,rlewis@example.org,60,NY,18024.68,2022-09-07
3195,Yesenia,Sullivan,bill82@example.com,28,NJ,30225.32,2022-10-31
3196,Frank,Foster,lbennett@example.net,40,TX,26524.03,2022-07-26
3197,Frederick,Kennedy,christyfletcher@example.org,41,TX,7511.0,2025-03-28
3198,Michelle,Pearson,,56,WA,40878.13,2024-07-04
3199,John,Frey,hendersonjacob@example.org,62,NY,13554.66,2024-03-19
3200,Kelly,Lewis,troy19@example.net,81,CA,46644.09,2024-04-04
3201,Pamela,Smith,urivera@example.org,27,NJ,43085.7,2023-04-10
3202,Joseph,Peterson,cbrown@example.com,37,PA,16012.8,2023-10-25
3203,Hannah,Dean,andreawalker@example.org,67,FL,36067.17,2021-08-25
3204,Marisa,Kramer,jasonmoore@example.com,79,NY,5658.2,2026-08-07
3205,Jenny,Hernandez,invalid-email,72,CT,7233.39,2022-08-26
3206,Charles,Tanner,friedmanrichard@example.com,59,PA,9093.62,2025-04-13
3207,Anthony,Lang,clarkmichael@example.org,67,CA,15965.79,2023-07-11
3208,Austin,Mendez,,72,FL,34671.04,2024-10-13
3209,Christopher,Holloway,tmoody@example.net,70,WA,39675.08,not-a-date
3210,Rachael,Nelson,wkennedy@example.com,-1,PA,40107.05,2024-03-01
3211,Ronnie,Fisher,ashley06@example.org,49,TX,20932.98,2021-09-13
3212,Billy,Mann,lindabates@example.com,81,IL,26688.53,2024-10-20
3213,Laura,Acevedo,sonya14@example.net,47,TX,4180.89,2023-11-15
3214,Leslie,Tucker,danschaefer@example.net,71,IL,28893.82,2025-02-16
3215,Ashley,Washington,megan91@example.com,46,NY,11759.65,2024-08-16
3216,Janice,Simmons,lisa04@example.net,18,MA,49695.27,2025-02-21
3217,Dorothy,Thomas,bhampton@example.com,20,CA,27918.72,2022-09-18
3218,David,Walker,patricia12@example.org,35,NY,2978.87,2022-06-01
3219,Amy,Padilla,guerrerorenee@example.com,62,CA,42437.57,2024-09-17
3220,Anna,Morgan,allen12@example.net,35,CT,23019.42,2023-11-19
3221,Judith,Huerta,derricklee@example.net,71,MA,10536.87,2026-06-30
3222,Jacqueline,Torres,oevans@example.org,46,NJ,37349.77,2023-05-04
3223,Jennifer,Francis,gbrown@example.net,33,PA,18873.04,2024-04-06
3224,Regina,Anderson,ifox@example.net,21,TX,18584.21,2024-01-18
3225,Mark,Payne,carlos80@example.com,31,WA,3688.51,2025-02-13
3226,Vanessa,Gonzalez,barbara56@example.com,38,NJ,7344.33,2023-12-21
3227,Tiffany,Greene,peter58@example.com,36,NY,12252.29,2025-01-24
3228,Cindy,Bradley,rlee@example.net,19,WA,41553.4,2022-11-03
3229,Adam,Oliver,zmoore@example.org,71,PA,38270.89,2021-11-19
3230,Amy,Berry,robertcruz@example.org,78,PA,37405.36,2021-09-01
3231,Robert,Kelly,jessica86@example.com,56,FL,20576.12,2023-04-14
3232,Elizabeth,Mills,wmorris@example.com,61,FL,39069.85,2026-01-28
3233,Michael,Esparza,jonathanjordan@example.org,19,CT,5563.33,2021-08-31
3234,Paul,Griffin,invalid-email,25,NJ,30208.68,2025-01-18
3235,Michael,Perry,jonathan12@example.org,40,IL,8017.44,2026-02-03
3236,Michelle,Green,,68,TX,33995.18,2025-08-22
3237,Marissa,Harris,bbarr@example.org,76,IL,35570.34,2024-03-12
3238,Jesus,Flores,ucamacho@example.org,51,WA,25093.62,2023-11-23
3239,Susan,Russell,maciaskenneth@example.com,47,TX,46572.51,2022-05-27
3240,Jason,Day,thompsonlaura@example.com,52,NY,-1780.72,2025-04-16
3241,Amber,Fitzgerald,anthonyfranklin@example.com,34,MA,20020.12,2025-05-14
3242,Jason,Contreras,silvaryan@example.org,25,MA,19614.55,2025-10-01
3243,Thomas,Washington,rtaylor@example.com,27,FL,23870.81,not-a-date
3244,Angela,Rodriguez,paul48@example.org,69,TX,8241.22,2023-02-15
3245,Robin,Marshall,karen67@example.com,65,TX,9736.53,2026-07-28
3246,Terri,Smith,tyrone39@example.com,31,NY,3890.43,2025-01-06
3247,Pamela,Silva,taylortoni@example.org,60,NJ,11976.5,2022-06-23
3248,Christina,Nelson,solistara@example.com,38,IL,5323.23,2026-03-11
3249,Caroline,Farmer,abigail90@example.com,45,WA,548.85,2022-08-03
3250,Larry,Williams,elliottscott@example.com,57,MA,27584.57,2023-12-27
3251,Amanda,Stevens,stephanie14@example.org,22,MA,13458.4,2024-03-14
3252,Ronald,Adams,,23,WA,49324.7,2022-04-11
3253,Catherine,Buchanan,zhorton@example.com,79,NJ,2402.45,2022-02-28
3254,Robert,Sanchez,garysnow@example.org,29,CT,423.94,2025-04-26
3255,Michael,Dunn,gabriel67@example.com,63,CT,47936.95,2026-04-10
3256,Jason,Sweeney,alee@example.com,82,MA,15723.62,2023-08-25
3257,Megan,Lewis,watsontina@example.net,68,CA,48692.54,2026-04-01
3258,Lauren,Davis,kenneththomas@example.com,30,CA,20364.33,2025-10-01
3259,Lorraine,Hart,ldean@example.org,82,NY,25108.86,2026-04-20
3260,Sarah,Young,ohardy@example.net,37,NJ,29358.78,2024-01-01
3261,Shannon,Shaw,hoopernicole@example.org,66,FL,29317.91,2023-12-28
3262,Maria,Brown,rstewart@example.net,22,CT,8061.15,2024-05-05
3263,Dana,Brown,lisa79@example.com,77,NY,44260.19,2025-02-23
3264,Chad,Moody,ucrawford@example.org,29,MA,44220.1,2024-08-07
3265,Chris,Cardenas,cameronkaitlyn@example.com,36,PA,49670.83,2024-03-15
3266,Michael,Brown,jmorrison@example.net,82,IL,49613.94,2023-02-22
3267,William,Franklin,jjackson@example.org,84,CA,22374.01,2024-02-28
3268,Andrea,Ramos,aliciacallahan@example.org,34,CA,14542.08,2025-01-21
3269,Raymond,Hernandez,lmaldonado@example.org,73,NJ,44534.0,2026-04-24
3270,Kristie,Morrison,joanna88@example.org,67,MA,10441.03,2022-05-28
3271,Ashley,Mccormick,yboone@example.org,27,PA,28345.04,2024-03-09
3272,Dennis,Stokes,zsmith@example.com,81,NY,40236.32,2025-03-17
3273,Melissa,Carlson,williamsbrenda@example.org,36,CT,27356.8,2024-01-14
3274,Dwayne,Peters,otran@example.org,29,FL,4705.7,2023-01-03
3275,Jasmine,Bates,mstanley@example.com,58,PA,46702.8,2026-03-29
3276,John,Stewart,dhenry@example.net,38,NY,14005.87,2024-09-14
3277,Michelle,Logan,wendylee@example.com,64,CA,4461.46,2025-01-31
3278,Alexander,Tucker,jodicannon@example.net,40,FL,12897.2,2026-02-16
3279,Jeffery,Morris,crystal57@example.net,78,CT,38157.32,2026-02-27
3280,Michael,Schneider,rwilliamson@example.net,74,PA,46991.47,2022-09-29
3281,Joshua,Short,bradley58@example.net,80,NJ,18173.61,2022-09-05
3282,Teresa,Collins,pam01@example.org,54,TX,20451.66,2026-04-25
3283,Tiffany,Mcguire,gonzalezamanda@example.com,34,FL,18336.61,2022-03-14
3284,Courtney,Long,manningbrandi@example.com,58,CA,4174.53,2026-01-09
3285,Shannon,Griffin,russodouglas@example.net,70,IL,22504.61,2026-07-02
3286,Linda,Burton,ronald44@example.com,23,WA,48871.58,2026-07-07
3287,Autumn,Carter,lorihenderson@example.com,25,MA,34987.26,2026-05-27
3288,Lisa,Jones,sharonaustin@example.com,19,PA,42652.99,2022-09-22
3289,Victor,Stanley,kellysierra@example.com,55,TX,7910.29,2023-11-24
3290,Sally,Guzman,elainehall@example.net,69,NY,11152.56,2023-08-07
3291,Anita,Paul,taylormaria@example.com,77,NY,17446.9,2024-06-05
3292,Sandra,Stanley,wendyperez@example.org,77,IL,45006.33,2023-02-18
3293,Nicholas,Haney,casey54@example.net,77,NY,4291.13,2022-11-14
3294,Ryan,Price,tlozano@example.com,31,TX,38410.83,2025-08-09
3295,Meghan,Fletcher,hthompson@example.com,43,TX,16436.03,2025-05-07
3296,Ashley,Gardner,dorseytony@example.net,58,CA,49821.91,2026-04-17
3297,Sarah,Wilson,ramosmatthew@example.org,80,MA,35114.54,2026-02-13
3298,Chase,Beck,ecunningham@example.net,130,NY,13918.75,2025-10-20
3299,Justin,Murillo,kristinevans@example.com,22,IL,7787.06,2024-12-20
3300,Paul,Preston,lisa37@example.com,78,PA,32010.82,2023-01-26
3301,Jill,Anderson,,58,WA,1566.16,2026-08-14
3302,Tasha,Townsend,cainroger@example.net,66,NJ,46822.98,2023-05-16
3303,Sarah,Johnson,lmann@example.org,64,TX,48928.04,2024-06-03
3304,Jacob,Bennett,vmartinez@example.com,45,NJ,10574.64,2026-08-01
3305,Robert,Cisneros,taylorlawrence@example.com,20,TX,13492.41,2026-03-18
3306,Joshua,Shepherd,taylormelinda@example.org,40,NY,7086.89,2022-04-20
3307,Holly,Robinson,jonesvanessa@example.net,53,TX,4085.46,2023-10-27
3308,Rodney,Walker,nfreeman@example.net,75,TX,26238.9,2021-09-17
3309,Thomas,Chavez,murphycynthia@example.com,51,PA,41527.45,2025-09-14
3310,David,Carter,jasonfrank@example.com,29,TX,17100.96,2021-12-11
3311,Kevin,Foster,ryan42@example.com,56,PA,9930.27,2025-09-13
3312,Daniel,Reyes,ywalton@example.org,71,FL,23774.97,2021-12-18
3313,Brenda,Christensen,oenglish@example.com,38,TX,17734.62,2023-05-31
3314,Katherine,Fowler,yjennings@example.com,67,NJ,28045.42,2025-09-10
3315,Kenneth,Williams,saranovak@example.net,43,NY,36136.18,2023-04-01
3316,Teresa,Paul,matthew34@example.com,36,CA,33203.15,2026-04-05
3317,Jonathan,Dunn,itaylor@example.net,58,NJ,7525.31,2022-10-10
3318,Aaron,Harrison,suejones@example.com,76,PA,-2192.62,2023-01-05
3319,Jessica,Dominguez,gloria49@example.org,58,NY,39600.84,2022-05-17
3320,Christopher,Green,dfox@example.net,70,CT,26034.58,2025-10-02
3321,Jason,Anderson,robertsbrandy@example.com,18,FL,47166.19,2022-11-07
3322,Tyler,Graham,,34,FL,31945.82,2025-08-27
3323,Wayne,Brown,fhanna@example.com,30,NJ,10931.14,2022-08-30
3324,Christopher,Davis,wrightryan@example.net,42,TX,34822.3,2023-09-11
3325,Crystal,Landry,tuckeramy@example.net,39,WA,18877.83,2023-11-30
3326,Brandon,Powers,rodney25@example.com,62,MA,47618.84,2025-10-29
3327,Richard,Kelley,thomasronald@example.net,19,CA,40688.97,2024-11-30
3328,John,Stokes,watsonjose@example.net,20,CT,44832.75,2025-05-07
3329,Alexander,Johnson,jameslopez@example.net,82,NY,34965.86,2023-10-16
3330,Matthew,Holland,renee05@example.org,76,TX,20519.34,2022-06-22
3331,Joyce,Davis,anthonyortiz@example.org,63,IL,21292.46,2022-02-23
3332,Charles,Flores,andrewbird@example.com,60,NY,46317.44,2023-10-03
3333,John,Allison,davidfarrell@example.com,76,TX,18656.07,2021-10-26
3334,Vickie,Hall,jackthompson@example.com,38,IL,21793.81,2023-07-10
3335,Diana,Davis,jeffersondaniel@example.org,54,TX,31705.36,2022-11-29
3336,Kristopher,Walker,leedarlene@example.com,30,NY,40296.99,2022-07-16
3337,Nicholas,Dudley,ericquinn@example.com,31,NY,32481.23,2023-04-24
3338,Michelle,Shelton,david42@example.net,70,NY,24820.25,2023-08-19
3339,Kendra,Evans,apatterson@example.org,30,FL,25168.08,2022-12-13
3340,William,Jordan,gordon09@example.com,22,CT,42585.26,2022-11-14
3341,Karen,Fields,pweber@example.com,45,MA,38844.01,2024-12-10
3342,Andrea,Weber,christygreer@example.com,66,NY,9778.01,2023-08-28
3343,Kim,Cook,wendyholden@example.com,78,NY,17530.68,2023-06-27
3344,Marvin,Boone,tony62@example.com,77,TX,45399.68,2025-07-27
3345,Monica,Dixon,gbutler@example.com,68,NJ,46980.84,2023-12-30
3346,Victoria,Robinson,ssweeney@example.com,46,IL,14180.22,2022-06-05
3347,Natalie,Waters,sandra66@example.net,51,CT,41924.21,2023-03-22
3348,Jesus,Clark,omartinez@example.net,71,MA,207.88,2024-05-22
3349,Matthew,Wright,james67@example.net,71,NJ,776.5,2022-05-21
3350,Dakota,Wells,danielleboyer@example.net,37,CA,42038.48,2026-04-21
3351,Stephanie,Mcgee,mariolewis@example.net,84,WA,-1620.17,2023-01-24
3352,Amy,Porter,ksanchez@example.org,39,WA,49641.46,2023-09-12
3353,Craig,Cross,kennethruiz@example.net,48,IL,48674.52,2022-10-24
3354,Charlene,Preston,,42,WA,32221.72,2025-01-01
3355,Vincent,Garcia,heatherdavis@example.org,24,WA,21455.12,2021-09-30
3356,Lindsay,Wells,sbrown@example.org,67,PA,20155.95,2025-07-04
3357,Kerri,Hahn,amanda67@example.net,58,IL,7922.18,2026-02-25
3358,Andrew,Kemp,kdennis@example.org,47,NY,35501.24,2022-03-22
3359,Tiffany,Werner,lbowers@example.com,34,IL,5918.64,2025-07-19
3360,Scott,White,mary92@example.com,68,CT,41866.89,2025-11-05
3361,Kenneth,Christensen,,38,CA,10188.13,2023-12-07
3362,Kaitlin,Richards,alexander69@example.com,29,NJ,21871.05,2024-02-28
3363,Elizabeth,Holder,whiterobert@example.com,37,NJ,30904.98,2025-03-23
3364,Ashley,Davis,,28,WA,19120.24,2023-09-10
3365,Pamela,Walker,jeffrey10@example.org,34,FL,31723.16,2026-05-31
3366,Daniel,Bell,wilsonkimberly@example.org,63,PA,11986.09,2024-06-21
3367,Joseph,Richards,leejesse@example.com,46,CT,9691.45,2022-09-16
3368,Samantha,Barnes,ndouglas@example.net,49,TX,38519.58,2022-12-31
3369,Laura,Campbell,christopher01@example.com,24,CT,4148.17,2024-02-06
3370,Jay,Jones,regina11@example.com,36,NJ,31919.33,2021-09-07
3371,Justin,Pena,ingrambrandon@example.com,31,NY,22956.39,2024-11-29
3372,Sandra,English,hernandezanna@example.com,33,NY,7091.77,not-a-date
3373,Sara,Powell,adkinscharles@example.net,51,PA,4638.86,2024-08-23
3374,John,Thomas,jonathanwoodard@example.com,81,CA,45635.96,2023-02-22
3375,Jose,Moore,clarkjames@example.com,44,TX,5033.59,not-a-date
3376,Timothy,Joyce,tuckersheila@example.net,20,TX,3678.8,2022-02-17
3377,Samantha,Reyes,nguyentimothy@example.net,27,MA,34366.82,2026-01-19
3378,Krystal,Wilson,kirstendavis@example.net,66,CA,31677.59,2023-03-07
3379,Melanie,Smith,kevinmarshall@example.org,75,PA,8990.32,2022-06-10
3380,Sarah,Peters,robertsdavid@example.net,19,PA,32983.32,2023-12-06
3381,Crystal,Stewart,,22,NY,48795.79,2022-09-12
3382,Ryan,Sweeney,travis46@example.org,62,FL,49745.8,2024-08-28
3383,John,Kramer,johnsondana@example.com,18,PA,26087.43,2024-09-14
3384,Daniel,Odom,pattonyolanda@example.org,50,NY,9642.26,2022-11-17
3385,Edward,Bailey,jonesjohn@example.com,21,IL,1151.91,2022-09-20
3386,Brett,Carlson,lchurch@example.com,83,PA,10815.33,2021-12-18
3387,Amy,Olsen,gary52@example.net,64,NY,-3998.83,2024-02-12
3388,Larry,Jones,cynthiacampbell@example.net,21,CA,6928.25,2025-09-04
3389,Sarah,Owens,abigail56@example.com,28,PA,13379.53,2024-08-27
3390,William,Hendrix,tinajohnson@example.org,79,MA,47661.47,2024-08-02
3391,Courtney,Cross,qhayes@example.com,62,IL,32596.23,2022-09-03
3392,Michael,Wagner,melissalopez@example.net,77,FL,21803.1,2025-04-03
3393,Stanley,Price,kathleenward@example.com,69,MA,12504.66,2021-10-05
3394,Patrick,Smith,alvaradochristopher@example.net,43,CT,48093.56,2026-03-28
3395,Daniel,Walker,ahicks@example.org,-1,WA,39657.66,2022-12-08
3396,Kristin,Hunt,mcdowelladam@example.net,57,PA,39704.98,2026-07-15
3397,Robert,Weaver,chambersvanessa@example.org,80,TX,44142.87,2024-01-23
3398,Amanda,Smith,gjackson@example.net,72,WA,37353.96,2022-03-10
3399,Michael,Sparks,donaldthomas@example.org,58,WA,5377.96,2022-07-15
3400,Angela,Campbell,thomas28@example.org,67,TX,9986.04,2023-06-03
3401,Catherine,Larson,smithchristopher@example.net,63,CA,44894.73,2025-05-22
3402,Joseph,Jacobs,perezpamela@example.org,26,FL,8362.45,2025-02-26
3403,Sharon,Reed,mckenziesonya@example.com,22,IL,12653.18,2022-08-08
3404,Tammy,Acevedo,fredday@example.net,70,CT,30194.1,2022-04-15
3405,Margaret,Moody,oroberts@example.net,85,CA,19915.33,2026-04-25
3406,Michael,Burns,georgesteven@example.org,32,PA,40452.02,2021-10-11
3407,Sara,Smith,johnsonkevin@example.net,72,PA,17887.23,2023-01-26
3408,Michelle,Harding,,27,INVALID,32847.73,2025-07-26
3409,William,Escobar,keith86@example.com,65,PA,38975.73,2023-01-26
3410,Nicole,Anderson,thompsondarlene@example.net,33,NJ,15929.46,2024-05-29
3411,Chelsey,Johnson,katelynjimenez@example.net,19,CA,10688.62,2024-11-04
3412,Tammy,Nunez,stevenrichards@example.org,59,MA,28082.03,2024-12-20
3413,Connor,Holloway,pking@example.net,67,CT,30090.1,2023-08-24
3414,Barbara,Flores,angela57@example.com,85,MA,5146.01,2024-08-05
3415,Kevin,Tate,jacob06@example.net,53,WA,47313.55,2026-06-16
3416,Ashley,Williams,michael28@example.net,27,WA,44633.2,2025-08-21
3417,Ruben,Bennett,pricerobert@example.org,71,TX,15889.16,2022-10-19
3418,Katelyn,Watson,millerlucas@example.com,58,MA,9856.16,2023-09-15
3419,Sara,Barnes,evansrachel@example.org,81,FL,2339.59,2022-05-01
3420,Jeffrey,Smith,james69@example.net,53,TX,5962.95,2022-06-08
3421,Chloe,Sanders,kevin72@example.com,250,XX,30071.53,2025-08-24
3422,Lisa,Schmidt,johntaylor@example.com,67,MA,28820.69,2022-07-03
3423,Kevin,Smith,hillshawn@example.org,54,NJ,32183.33,2023-03-04
3424,Jennifer,Peterson,uburke@example.net,18,FL,14218.29,not-a-date
3425,Stephen,Singleton,cruzmary@example.net,69,NJ,44791.48,2025-09-05
3426,Alexis,Ramirez,shannon33@example.org,85,NJ,16869.49,2024-12-01
3427,Christine,Morgan,michael31@example.com,20,NY,23494.67,2024-10-31
3428,Sandra,Taylor,rperez@example.org,71,CT,13733.68,2026-03-11
3429,Donald,Graham,rebeccavaughn@example.net,62,TX,3988.36,2022-01-31
3430,Eric,Washington,,58,FL,30616.03,2023-02-21
3431,Richard,Weaver,rebeccahoward@example.org,68,CT,34822.85,2024-08-01
3432,Rachel,Reyes,thomasmooney@example.org,76,FL,42433.62,2023-08-12
3433,Valerie,Weiss,maddoxdavid@example.org,33,CA,46885.19,2024-07-25
3434,Vincent,Turner,adrian20@example.com,31,NJ,11200.72,2022-02-08
3435,Brenda,Rodriguez,dawnlewis@example.net,19,XX,5256.78,2022-10-05
3436,Cassandra,Miller,smithdebbie@example.org,59,ZZ,11317.06,2025-03-05
3437,Deborah,Jordan,vthomas@example.com,29,MA,36205.4,2025-03-18
3438,Erica,Graves,,65,IL,49478.25,2023-03-06
3439,Jessica,Riley,jeremymitchell@example.com,24,CT,44165.97,2025-04-08
3440,Tiffany,Taylor,christophercruz@example.net,23,NY,2400.17,2023-12-23
3441,Sabrina,Ferguson,mitchellnicholas@example.com,56,NY,13186.36,2025-04-20
3442,Mary,Wallace,mendezsierra@example.com,66,CT,34933.24,2022-08-11
3443,Christina,Gaines,santiagoterri@example.com,35,WA,23034.69,2026-06-24
3444,Jennifer,Morgan,gregory76@example.org,34,CA,43094.74,2022-04-04
3445,Kristen,Moore,underwooddeborah@example.com,70,FL,33411.76,2024-05-15
3446,Richard,Jones,moorejohn@example.net,84,IL,12026.17,2022-03-15
3447,Timothy,Payne,ojohnson@example.com,79,FL,48817.47,2024-10-17
3448,James,Sanchez,jamestucker@example.net,59,FL,11291.53,2023-05-30
3449,Eric,Melton,hcardenas@example.net,51,CT,35569.07,2023-01-20
3450,William,Gutierrez,invalid-email,63,IL,41777.1,2024-08-30
3451,James,Williams,shawnrogers@example.org,49,MA,34748.25,2024-06-25
3452,Amanda,Velez,morganwarner@example.org,27,FL,3013.35,2022-09-01
3453,Jordan,Cooper,njames@example.org,19,MA,23407.52,2026-06-27
3454,Kari,Nichols,dakota83@example.net,67,MA,24382.28,2024-02-12
3455,Matthew,Jones,paula82@example.org,61,MA,40699.77,2022-02-07
3456,Kimberly,Contreras,olsenlinda@example.org,85,IL,42922.94,2025-02-18
3457,Philip,White,oglenn@example.com,57,FL,32764.47,2021-12-13
3458,Drew,White,leslie53@example.org,82,NY,45706.26,2024-01-29
3459,Mary,Chambers,sarah69@example.com,46,CA,19278.79,2026-07-09
3460,Jorge,Alexander,brianna22@example.com,75,WA,25673.2,2025-09-14
3461,Becky,Erickson,smithrichard@example.org,69,MA,3431.97,2023-03-17
3462,Susan,Lane,,72,PA,34313.3,2025-12-04
3463,Douglas,Chambers,wcannon@example.com,31,PA,23047.71,2026-01-05
3464,Jennifer,White,jodipark@example.net,31,NY,12028.12,2023-11-02
3465,Kimberly,Scott,michelle12@example.net,76,PA,13337.83,2022-03-08
3466,Samuel,Patton,rachel22@example.org,78,IL,22632.05,2023-02-04
3467,Trevor,Pierce,mitchellmichael@example.com,51,NY,46346.39,2025-03-31
3468,Steven,Wiley,darren84@example.net,28,CA,21573.68,2024-11-28
3469,Stephen,Harris,claytonchavez@example.net,37,TX,25109.52,2025-11-02
3470,Sherry,Meza,jamesbrewer@example.org,83,CA,2657.85,2025-02-05
3471,Sara,Hale,levi67@example.com,52,CA,4890.63,2025-06-18
3472,Sean,Foster,qmccoy@example.org,66,TX,9696.58,2025-11-16
3473,Kristen,Morton,hgonzalez@example.org,42,TX,8832.26,2026-07-29
3474,Nicole,Petersen,underwoodmary@example.net,53,IL,30372.41,2025-01-04
3475,Kelly,Hull,paulking@example.net,84,TX,5459.23,2022-08-25
3476,Victoria,Lewis,ylowe@example.org,24,MA,47948.59,2026-05-15
3477,William,Mays,vjimenez@example.net,46,NY,2656.89,2022-01-22
3478,Jamie,Smith,invalid-email,22,WA,13308.91,2026-02-01
3479,Nancy,Greene,hartmitchell@example.com,26,IL,5051.6,2023-01-12
3480,Jennifer,Williams,dustinhowell@example.org,46,WA,34975.61,2026-03-05
3481,Sarah,Brooks,jonesrachel@example.com,69,TX,19644.27,2023-08-04
3482,Thomas,Cobb,fernandezbrandon@example.net,46,CT,24758.58,2025-04-20
3483,Barbara,Todd,mitchelldanielle@example.org,39,MA,17381.66,2023-01-15
3484,Joseph,Brown,gcruz@example.com,54,WA,14398.93,2022-01-04
3485,Jason,Rivera,hilldebbie@example.com,18,NY,9253.94,2023-03-08
3486,Luis,Wagner,bobbyfowler@example.org,79,CT,42628.2,2026-03-30
3487,Zachary,Stewart,seth77@example.net,48,PA,15755.62,2022-12-11
3488,Christopher,Ho,mooresteven@example.net,26,PA,9367.22,2022-02-22
3489,Phyllis,Rose,timothygarcia@example.org,76,PA,48112.15,2022-03-01
3490,Zachary,Price,krodriguez@example.net,78,TX,16702.71,2023-12-25
3491,Marie,Gonzales,elizabethmoore@example.org,40,XX,44062.88,2024-01-06
3492,Bobby,Flores,cooktiffany@example.org,39,NJ,29700.26,2023-07-04
3493,Jonathan,Schneider,chapmanrobert@example.com,78,XX,50.32,2025-02-28
3494,Amy,Wright,vanessalane@example.net,49,FL,5469.3,2025-06-26
3495,William,Campbell,jross@example.org,20,WA,34002.31,2023-12-22
3496,Kimberly,Olson,jonesmark@example.com,55,MA,26263.46,2026-04-12
3497,Ronald,Washington,adamgolden@example.org,39,PA,38762.83,2021-08-30
3498,Kristina,Peterson,rachelmurray@example.com,30,CT,40194.63,2025-05-27
3499,Russell,Castro,jonathanjones@example.com,60,FL,24533.09,2025-09-08
3500,Jennifer,Martin,nancywood@example.com,62,IL,12866.98,2023-10-07
3501,Tammy,Smith,ameyers@example.net,80,CT,18214.47,2026-03-19
3502,Sandra,Martinez,fowlerkathy@example.org,19,CA,15056.7,2024-05-30
3503,Jennifer,Jackson,eleon@example.com,60,IL,38726.31,2026-03-26
3504,Stephanie,Wilson,donald27@example.net,79,NY,13496.87,2024-02-25
3505,Peter,Smith,smithrebecca@example.org,84,NJ,7395.02,2021-12-30
3506,Margaret,Moran,donald44@example.com,70,MA,32968.35,2022-09-18
3507,Erica,Williams,sallison@example.net,36,CA,24891.61,2023-11-13
3508,Terry,Todd,rmichael@example.net,49,WA,37050.62,2024-07-18
3509,Thomas,Bennett,zbailey@example.com,73,CA,10315.38,2025-06-25
3510,Richard,Williams,pwarren@example.org,29,MA,46032.36,2023-01-26
3511,Joseph,Smith,edwin42@example.net,66,NY,48272.65,2023-07-14
3512,Jennifer,Gonzalez,sweber@example.org,75,IL,8747.61,2022-04-08
3513,Christopher,Jones,john90@example.com,62,CA,19551.31,2021-09-26
3514,Heather,Mendoza,robertfarmer@example.com,71,CT,15466.16,2024-02-05
3515,Danielle,Wilson,benjamin10@example.org,23,WA,26003.89,2023-08-14
3516,Maria,Hernandez,johnsonantonio@example.com,61,WA,6148.06,2023-05-17
3517,Ashley,Clark,megan59@example.com,76,WA,48407.65,2025-12-13
3518,Samantha,Harris,keith83@example.com,62,CT,5509.53,2024-02-03
3519,Christopher,Lopez,ashley79@example.org,19,FL,46361.65,2025-09-21
3520,Patrick,Waller,ymercer@example.com,36,FL,34046.15,2025-01-10
3521,John,Moore,christophercooley@example.com,84,CT,31189.76,2025-02-04
3522,Lisa,Russell,dustin82@example.com,38,CT,24341.24,2023-08-06
3523,Mason,Garrison,vanessajimenez@example.org,26,CT,779.62,2023-01-31
3524,Benjamin,Johnson,andrewmyers@example.org,23,MA,14150.86,2022-01-23
3525,Elizabeth,Bennett,floresbridget@example.net,33,NJ,24418.32,2025-06-17
3526,Joshua,Holloway,zrich@example.net,18,TX,17612.78,2022-08-24
3527,Brian,Newman,vanessaflores@example.com,18,NJ,12571.67,2025-11-09
3528,Renee,James,lisadavis@example.org,62,CT,39263.16,2021-11-30
3529,Benjamin,Williams,cameronramos@example.org,82,IL,7751.85,2025-04-08
3530,Lisa,Collins,thompsondawn@example.org,29,CT,7132.21,2023-04-24
3531,Stephanie,Brown,colleenwilliams@example.net,43,TX,29261.24,2022-10-13
3532,Sandra,Mccarthy,fbutler@example.org,28,CT,10942.89,2025-06-26
3533,Phillip,Ferguson,huntlisa@example.org,78,CA,12436.43,2026-07-23
3534,Emily,Patterson,baileytracey@example.net,67,TX,19955.68,2023-02-23
3535,Stephen,Terry,kayla05@example.net,30,CT,46009.71,2022-09-25
3536,Victoria,Roy,johnsonmichael@example.net,57,PA,28195.38,2026-05-14
3537,Emily,Harmon,atkinsryan@example.org,59,WA,6958.82,2024-08-27
3538,Christine,Roberts,codyrichards@example.org,43,CT,6784.54,2025-05-14
3539,Donald,Henderson,thomasrussell@example.com,43,CT,15249.8,2024-11-14
3540,Katherine,Garcia,ssimmons@example.org,56,WA,46355.93,2024-03-06
3541,Timothy,Kane,dominiquedaniels@example.org,77,IL,9168.61,2023-09-05
3542,Joel,Gardner,angel62@example.com,73,NY,6930.49,2026-04-03
3543,George,Moore,creynolds@example.net,74,CA,25190.76,not-a-date
3544,Zachary,Hudson,sethsanders@example.com,63,FL,17709.69,2026-07-31
3545,Mark,Lopez,,77,TX,48072.35,2025-09-03
3546,Ariana,Rodriguez,invalid-email,77,NJ,45627.91,2022-05-24
3547,Marcus,Morrison,bjames@example.net,21,TX,4421.45,2025-10-29
3548,Rhonda,Wood,stewartsandra@example.net,35,WA,45342.44,2026-05-04
3549,Kelly,Mejia,,49,WA,25610.34,2024-01-18
3550,Brandi,Armstrong,brittanyrush@example.com,34,WA,27163.48,2025-12-20
3551,Michael,Davis,hmiller@example.com,55,NJ,37766.76,2024-04-05
3552,Benjamin,Marks,kim09@example.org,68,PA,20147.11,2022-12-10
3553,Brooke,Little,fhoffman@example.com,18,FL,40374.05,2024-10-30
3554,Victoria,Sims,schroederbrittany@example.org,84,FL,41959.9,2022-04-01
3555,Jessica,Hernandez,brownwilliam@example.net,28,NJ,13508.74,2021-10-24
3556,Joshua,Duncan,moralesdawn@example.com,31,CA,29716.98,2022-05-18
3557,Howard,Perez,rickyclark@example.org,55,WA,24073.4,2024-10-20
3558,Alfred,Jackson,smithstephanie@example.net,60,NJ,6072.13,2022-08-11
3559,Shelby,Burnett,rebeccacurtis@example.com,83,NJ,35078.63,2022-04-29
3560,Jacqueline,Andrews,john40@example.net,84,PA,28102.46,2025-09-04
3561,Troy,Casey,romankathryn@example.com,81,PA,11177.18,2023-08-03
3562,Elizabeth,Harper,fgregory@example.com,37,CT,31411.97,2021-11-17
3563,Omar,Leach,michaeltorres@example.com,18,FL,31183.2,2022-09-22
3564,Mark,Jones,jrios@example.net,-10,NY,3357.1,2024-12-11
3565,Robert,Pennington,elizabethbrennan@example.net,37,WA,43994.95,2022-08-16
3566,Kenneth,Figueroa,donnamcintosh@example.net,84,NY,12360.3,2024-05-14
3567,Roy,Moore,ncollier@example.com,31,FL,1232.82,not-a-date
3568,Maria,Holmes,ericvalencia@example.com,82,FL,19535.69,2023-12-30
3569,Alice,Smith,john69@example.net,33,CT,20227.87,2022-09-22
3570,Maria,King,monicadaniel@example.net,41,MA,42086.04,2025-01-31
3571,Michelle,Johnson,invalid-email,51,WA,34066.02,2025-08-19
3572,Michael,Le,amandamorales@example.org,33,TX,7312.32,2025-04-18
3573,Alan,Ellis,gerald93@example.net,20,PA,7084.31,2021-11-10
3574,Taylor,Perez,invalid-email,48,PA,25575.75,2022-12-24
3575,Kristina,Reed,allensara@example.org,43,FL,24023.32,not-a-date
3576,Matthew,Haney,gomezerica@example.net,55,NY,47954.57,2025-02-12
3577,Adam,Riddle,barrettsusan@example.org,81,CA,33384.98,2023-03-11
3578,Matthew,Dyer,reginacarlson@example.net,68,TX,34882.64,2025-01-24
3579,Gabrielle,Holloway,,31,FL,20844.82,2022-07-28
3580,Lauren,Hardy,rodriguezjohn@example.com,72,PA,-4135.81,2024-07-06
3581,Joshua,Melton,dhoward@example.com,76,NY,28210.45,2022-05-18
3582,Ryan,Lowe,lindacooper@example.net,19,WA,15138.08,2021-11-20
3583,Michael,Walker,angelarhodes@example.com,74,NJ,45405.42,2023-02-04
3584,Stephanie,Green,zdavila@example.net,63,PA,23395.36,2025-10-02
3585,Connie,Richards,clayton74@example.com,76,CT,456.0,2025-10-11
3586,Larry,Sutton,whale@example.com,38,CA,25031.92,2022-04-23
3587,Jacob,Bruce,pbryant@example.com,82,MA,17441.7,2022-11-19
3588,Cody,Bridges,contrerasmaria@example.com,85,TX,25652.26,2026-06-13
3589,Jennifer,Farmer,kathleenscott@example.org,40,PA,17593.35,2022-07-02
3590,Roger,Palmer,dixonkristen@example.com,61,FL,35759.12,2023-08-05
3591,Alexis,Howell,colemanjim@example.net,35,CT,39248.05,2025-10-17
3592,John,Tyler,sandraharper@example.org,56,TX,3410.51,2023-10-24
3593,Troy,Brown,antonio59@example.net,79,TX,48127.75,2024-05-01
3594,Samantha,Martinez,ralexander@example.org,41,WA,35425.01,2026-05-16
3595,Stephanie,Lewis,mariaschmidt@example.net,82,IL,12961.3,2024-04-14
3596,Benjamin,Shaw,sandovaldebra@example.org,59,WA,47759.73,2022-05-11
3597,Cathy,Allen,michael28@example.org,62,WA,30873.75,2025-07-23
3598,John,Sanchez,thomaswang@example.com,69,NY,2246.46,2023-07-11
3599,Jack,Lynch,higginskelly@example.org,38,MA,4827.02,2025-05-17
3600,Courtney,Lee,boydjasmine@example.net,31,FL,46711.7,2023-02-16
3601,Ryan,Gilbert,rosemiller@example.org,78,CA,37995.46,2025-01-22
3602,Melissa,Beck,rwebb@example.net,48,NY,44989.72,2022-03-02
3603,Alfred,Thomas,frysharon@example.net,40,TX,37790.69,2022-04-07
3604,Rebecca,Choi,browningjason@example.org,71,NY,3096.33,2024-03-06
3605,Meagan,Thomas,manningjessica@example.com,50,NY,1870.91,2022-10-10
3606,Christine,Moore,randyyoder@example.com,27,FL,38167.6,2023-11-05
3607,Erin,Graham,bwilson@example.com,21,PA,16057.96,2022-04-26
3608,Willie,Hayes,,75,TX,6660.83,2025-05-02
3609,Mary,Miller,brianhill@example.org,43,XX,12624.75,2021-09-06
3610,Vanessa,Smith,,74,CT,11274.83,2024-06-07
3611,Angela,Johnson,juliecollins@example.com,38,TX,40691.89,2026-01-13
3612,George,Stewart,zchavez@example.org,42,NY,29105.4,2022-10-27
3613,Kimberly,Nelson,joshuacohen@example.com,30,MA,1661.96,2025-01-11
3614,Kenneth,Jones,johncoleman@example.net,35,NJ,17978.05,2022-02-10
3615,Charles,Sanchez,seanjones@example.com,70,WA,27329.04,2022-02-17
3616,John,Brooks,gardnererik@example.org,27,CA,9265.22,2022-02-15
3617,Amanda,Payne,laura20@example.net,85,FL,9506.85,2025-05-02
3618,Gina,Jones,,44,WA,41378.79,2023-09-09
3619,Robert,Smith,wongjacqueline@example.org,82,CA,17824.26,2025-04-28
3620,Caroline,Owens,deborah67@example.org,35,NY,21943.9,2021-11-11
3621,Andrew,Anderson,holly10@example.com,66,NY,28457.62,2026-03-14
3622,Stephen,Hamilton,,34,IL,14911.35,2023-03-27
3623,Henry,Ellis,,33,FL,11528.68,2024-09-28
3624,Lauren,Torres,sarah69@example.com,60,NJ,11201.06,2022-05-05
3625,Randall,Morgan,greeneshawn@example.com,55,CT,19521.32,2022-01-08
3626,Scott,Navarro,wattsemma@example.net,63,NY,43622.13,2023-09-16
3627,Donald,Coleman,richard26@example.com,38,CT,3738.86,2026-04-02
3628,Scott,Robinson,watsontroy@example.com,48,IL,46590.45,2022-02-14
3629,Amy,Christian,cburgess@example.org,82,CT,19960.98,2025-04-12
3630,Jeff,Rios,elizabeth14@example.com,25,IL,34875.9,2025-07-27
3631,Nina,Thompson,nharris@example.org,32,WA,23548.94,2023-02-12
3632,Erin,Jones,gbutler@example.net,51,NJ,1613.74,2023-02-14
3633,Connie,Garcia,kennethperez@example.net,71,CT,10025.56,2023-08-13
3634,Amanda,Fisher,bgreen@example.com,25,PA,10211.67,2023-07-29
3635,Nicholas,Davila,ewatkins@example.org,60,NJ,11780.86,2022-09-18
3636,Andrea,Chan,aaronramirez@example.org,27,WA,45216.19,2024-01-24
3637,Carrie,Davidson,sdaniel@example.org,22,CA,49052.8,2025-06-17
3638,Barbara,White,kimberlymann@example.net,71,WA,36964.47,2022-03-14
3639,Dawn,Olson,reyescarmen@example.com,28,IL,23938.57,2021-12-14
3640,Rebecca,Williams,bethmiller@example.com,34,CT,36166.49,2022-06-26
3641,William,Campbell,stoneandrew@example.net,31,NJ,24829.84,2022-03-15
3642,Heather,Barton,epearson@example.com,46,CA,21575.78,2025-01-07
3643,Alicia,Daniel,marissa74@example.net,56,MA,1072.16,2024-09-14
3644,Claudia,Brown,sarahtaylor@example.com,25,NJ,38680.66,2022-04-02
3645,Joshua,Nash,vanessa58@example.net,43,IL,30406.94,2022-02-08
3646,Christine,Alvarado,reynoldstravis@example.net,66,NJ,27624.8,2025-08-21
3647,Melissa,Grimes,,24,TX,38284.08,2022-08-19
3648,Clinton,Carlson,marissa72@example.net,34,TX,35066.89,2025-12-19
3649,Robert,Barnes,chelsea37@example.net,35,NY,21897.64,2024-03-02
3650,Christopher,Combs,alicianorris@example.net,65,CA,9682.28,2024-11-15
3651,Paige,Brown,heidiwilson@example.org,73,NJ,11908.51,2024-11-05
3652,Alexander,Jones,ybailey@example.net,29,WA,502.48,2025-02-09
3653,Danny,Walker,robertmartinez@example.org,70,IL,28402.43,2022-01-06
3654,Christina,Rose,invalid-email,19,MA,40631.09,2024-08-22
3655,Brian,Alvarez,carolynbrady@example.com,27,NJ,6335.79,2024-03-18
3656,Mason,Walker,pmckee@example.net,41,CT,2185.97,2024-08-15
3657,Brenda,Blake,,62,WA,32760.45,2022-09-20
3658,Crystal,Thomas,kimberly51@example.com,49,CT,6485.81,2025-09-04
3659,Chad,Greene,marcusgilmore@example.org,68,FL,32879.14,2024-10-11
3660,Megan,Leach,marilyn62@example.org,27,NY,12509.94,2025-09-23
3661,Victoria,Mann,hshepherd@example.net,44,FL,35262.76,2024-05-05
3662,Jesus,George,,63,MA,22177.09,2023-03-23
3663,Clifford,Price,morrisonalan@example.com,56,CA,39010.42,2024-08-15
3664,Adrienne,Doyle,curtisroy@example.net,55,MA,26342.21,2023-02-28
3665,Nicole,Riley,rtaylor@example.net,52,CA,34888.58,2021-10-16
3666,Tricia,Carr,jacquelinemurray@example.net,82,NY,2699.88,2025-07-07
3667,Jacob,Curtis,barneswilliam@example.org,70,WA,24310.38,2026-01-07
3668,Jason,Howell,sarahchavez@example.com,28,MA,45602.46,2025-02-04
3669,David,Sandoval,theresa24@example.org,84,MA,15246.96,2024-11-19
3670,Debbie,Moss,clifford98@example.net,44,NY,18619.5,2022-10-12
3671,Lisa,Jenkins,jackyoung@example.com,36,NJ,48895.49,2023-03-05
3672,Alexis,Snow,bankskyle@example.com,74,FL,47652.25,2022-06-22
3673,Kathleen,Tran,eric02@example.net,20,FL,41816.26,2023-01-11
3674,Lindsey,Molina,invalid-email,52,CT,29412.01,2023-05-22
3675,Patricia,Davis,vsandoval@example.com,56,NY,-3804.16,2026-08-01
3676,Alan,Lang,dakota75@example.org,-10,FL,942.42,2024-09-26
3677,Christine,Brown,taylorflores@example.net,66,TX,22200.99,2022-04-21
3678,Mary,Branch,romeromakayla@example.com,46,MA,18966.35,2025-12-07
3679,Elizabeth,Underwood,johnsonjames@example.com,73,IL,2612.98,2023-03-25
3680,Joseph,Curry,austinfrye@example.org,57,NJ,27077.46,2024-01-13
3681,Jennifer,Reynolds,xgreene@example.org,62,NJ,45502.7,2024-06-25
3682,Jesus,Medina,carrollchristopher@example.org,61,CT,40512.18,2024-10-04
3683,Amber,Webster,houstonlaura@example.com,45,NJ,17047.22,2022-04-07
3684,Desiree,Trevino,aaron62@example.net,73,TX,39130.63,2025-05-10
3685,Joseph,Lee,emily89@example.org,25,NY,27664.71,2026-05-24
3686,Jonathan,Kennedy,crosbyjoan@example.com,54,IL,23175.13,2023-10-24
3687,Cheryl,Dennis,xparsons@example.com,84,CT,8127.44,2022-07-06
3688,John,Hoffman,iacevedo@example.net,66,FL,37281.69,2023-04-13
3689,Andrew,Adams,lori09@example.com,48,PA,45385.63,2022-06-12
3690,Katherine,Hansen,chelsea70@example.org,53,CT,4276.84,2024-06-24
3691,Lindsay,Jacobs,ncampbell@example.com,49,IL,14791.25,2024-08-20
3692,Mary,Ruiz,bradley71@example.net,68,NJ,30777.36,2024-03-31
3693,Adam,Gill,joshua88@example.com,64,CT,32961.5,2022-09-10
3694,Joshua,Mitchell,hestrada@example.com,19,NY,15344.76,2023-10-13
3695,Brianna,Carr,stephen61@example.com,59,CT,42379.63,2025-02-18
3696,Melissa,Johnson,fsilva@example.com,74,FL,863.33,2024-09-26
3697,Rebekah,Miller,laurengreen@example.net,19,FL,1850.19,2026-04-18
3698,Shane,Rogers,acalderon@example.com,63,FL,31887.15,2025-04-09
3699,Aaron,Morgan,racevedo@example.org,45,TX,2929.24,2023-07-22
3700,Eileen,Green,jamesbenson@example.com,28,CT,44852.21,2024-09-07
3701,Danielle,Graham,andrew45@example.org,58,NY,22021.98,2024-11-10
3702,Kimberly,Ortiz,toddcollins@example.org,51,CT,12977.04,2025-10-03
3703,Kara,Baker,laurahamilton@example.com,81,PA,11370.95,2025-10-16
3704,Amanda,Jackson,laurie14@example.org,40,PA,43561.96,2025-11-08
3705,Mark,Baird,ambersavage@example.com,24,MA,5722.33,not-a-date
3706,Gerald,Bennett,willie16@example.org,22,PA,34222.07,2024-03-21
3707,Karl,Sanchez,dvillarreal@example.net,74,WA,15866.72,2023-07-24
3708,Marcus,Bell,cortezchristopher@example.org,47,NJ,47585.19,2025-11-19
3709,Donald,Dunn,fburke@example.net,51,CT,805.91,2024-11-15
3710,Aaron,Carter,dylan77@example.com,63,IL,35915.96,2024-04-02
3711,Katherine,Williams,paulperry@example.org,48,CA,5458.17,2026-05-12
3712,Julie,Lewis,erin39@example.com,82,FL,5659.13,2023-08-25
3713,Kimberly,Gray,jessemedina@example.net,27,MA,10202.1,2026-06-13
3714,James,Wood,tdavis@example.net,65,TX,3569.66,2026-02-22
3715,Shane,Robinson,blackwellkevin@example.com,72,CT,7153.97,2023-12-09
3716,Olivia,Thompson,yzamora@example.org,59,WA,39408.22,2026-05-08
3717,Sean,Edwards,hicksrachel@example.net,60,TX,44869.61,2026-03-17
3718,Catherine,Cervantes,kristen59@example.com,65,FL,47123.98,2025-01-19
3719,Debra,Everett,devon53@example.com,55,WA,1557.87,2025-05-20
3720,Kristin,Humphrey,riverskristen@example.com,65,NJ,14543.63,2023-07-31
3721,Robert,Alvarez,bakeredward@example.com,37,WA,1276.76,2023-09-27
3722,Michael,Parker,tbell@example.org,45,CA,25539.81,2022-01-04
3723,Karen,Miranda,brianchapman@example.org,83,WA,35642.01,2024-11-06
3724,Brandon,Rosales,,45,TX,41536.34,2025-04-06
3725,Edward,Garner,matthew85@example.net,22,PA,19054.48,2024-12-01
3726,Michael,Peterson,,28,NY,47931.26,2026-05-05
3727,Russell,Johnson,hensleybenjamin@example.com,46,WA,25174.79,2021-10-10
3728,Yvonne,Doyle,brownjohn@example.com,71,IL,36652.28,2024-07-22
3729,Karen,Ward,mmiller@example.net,85,NJ,30355.1,2025-06-17
3730,Warren,Vargas,fbass@example.org,85,IL,22050.87,2024-05-15
3731,Felicia,Flores,kaitlynwest@example.com,52,MA,41800.45,2023-08-23
3732,Charles,Cross,fwest@example.net,55,MA,16434.23,2024-11-05
3733,Deborah,Dixon,ramirezsteven@example.net,64,MA,22791.06,2023-09-10
3734,Emily,Garrison,jkelley@example.net,32,MA,22250.37,2024-09-13
3735,Joy,Joseph,richard99@example.com,70,CA,3984.5,2021-09-18
3736,Dawn,Jones,jacquelineholt@example.org,82,NY,45731.78,2025-04-13
3737,Audrey,Lopez,bodonnell@example.com,79,WA,11517.49,2023-01-09
3738,Timothy,Allen,jthompson@example.org,71,MA,28467.11,2022-11-24
3739,Michael,Robinson,patelnicholas@example.com,34,IL,12247.2,2024-01-21
3740,Shannon,Sanchez,kingjessica@example.net,70,WA,33295.13,2023-05-01
3741,Jose,Evans,maria03@example.com,51,CT,17078.59,2024-08-29
3742,Julian,Smith,sabrinaperez@example.net,33,NY,20425.14,2024-01-14
3743,Jeremiah,Howard,medinajulie@example.net,82,PA,28800.59,2025-05-28
3744,Richard,Collins,gmendoza@example.org,43,PA,43820.28,2022-01-30
3745,James,Richardson,alankelly@example.com,19,PA,6039.44,2022-08-11
3746,Rachel,Waller,amanda15@example.org,51,IL,35569.09,2026-05-22
3747,Shari,Parsons,dana17@example.net,78,NY,6319.9,2024-08-23
3748,Matthew,Dean,lambalexandra@example.net,22,TX,1196.57,2026-01-24
3749,Laura,Jones,teresaspencer@example.com,39,NY,6618.89,2023-04-14
3750,Lindsey,Franco,bennettmichael@example.net,85,TX,45213.02,2022-07-09
3751,Amanda,Dunlap,matthewslarry@example.net,63,PA,20115.88,2022-02-02
3752,Patricia,Cannon,haneysusan@example.org,48,CT,5951.48,2025-09-23
3753,Michelle,Lopez,jadehendrix@example.org,61,WA,30437.87,2023-03-11
3754,Eric,Norris,audrey30@example.net,31,NJ,3687.63,2025-04-23
3755,Craig,Brown,eric34@example.org,63,FL,45533.71,2026-08-01
3756,Kenneth,Morales,johncook@example.net,75,TX,14464.56,2023-06-01
3757,James,Brown,floresbenjamin@example.org,79,PA,36672.16,2025-09-04
3758,Kenneth,Cole,powerscory@example.org,83,NY,7612.82,2024-09-18
3759,Pamela,Russell,elizabeth55@example.com,18,WA,29652.41,2023-09-01
3760,Mary,Reynolds,mark41@example.net,76,TX,16021.84,2025-05-05
3761,Isaiah,Garza,,40,IL,36126.66,2022-12-19
3762,Eric,Butler,donovansamantha@example.org,53,NY,11613.18,2021-09-29
3763,Teresa,Hardin,yhendrix@example.net,81,CA,2414.4,2024-09-17
3764,Andre,Woodard,ernestwright@example.net,84,IL,28991.41,2022-04-01
3765,Amanda,Butler,edwinmiller@example.com,72,CT,16140.0,2023-05-31
3766,Danielle,Jackson,khouston@example.com,58,PA,47675.68,2026-05-29
3767,Anthony,Lee,tyler10@example.org,23,MA,21526.88,2023-05-11
3768,Jerry,Bates,travis28@example.net,53,WA,43979.19,2023-11-29
3769,Jade,Moore,williamsdeanna@example.com,58,NY,17367.28,2026-03-13
3770,Joseph,Morgan,qmoss@example.org,39,NY,14392.16,2024-05-31
3771,Sheila,Thomas,christopher52@example.net,80,FL,11181.67,2025-09-09
3772,Mark,Forbes,mccarthydylan@example.net,39,CT,46960.24,2026-05-16
3773,Reginald,Shaffer,robertsanthony@example.org,51,WA,37673.44,2022-12-10
3774,Robert,Howard,olivia47@example.com,47,CT,7050.16,2025-02-04
3775,Catherine,Peterson,scottchristopher@example.net,44,IL,41939.5,2026-06-29
3776,Breanna,Rivera,qmccarty@example.org,39,NJ,29919.58,2021-10-22
3777,Rachel,Murphy,ryan23@example.net,23,IL,26895.8,2024-06-05
3778,Alyssa,Mcintosh,yluna@example.com,42,NJ,24418.29,2023-10-05
3779,Toni,Davila,charlesprice@example.org,21,CA,10157.05,2023-09-19
3780,David,Pennington,dyervictoria@example.net,72,FL,26044.69,2025-12-22
3781,Angela,Smith,timothy94@example.net,76,CT,45899.76,2025-05-26
3782,Rachel,Miller,lewisallen@example.com,33,FL,44443.99,2022-03-28
3783,Jennifer,Scott,jessica82@example.net,81,CT,4343.19,2024-06-24
3784,Kyle,Lawrence,,35,CT,36581.69,2021-11-14
3785,Michael,Parker,annchapman@example.org,32,CA,40182.05,2026-06-03
3786,Robert,Lewis,wilkinsmark@example.org,46,NY,16355.79,2022-04-06
3787,Jessica,Snyder,michelle86@example.net,82,CA,13805.4,2024-04-10
3788,Kayla,Davenport,norman29@example.org,83,NY,35340.49,2023-06-21
3789,Elizabeth,Bates,moniquemoore@example.org,130,NJ,21668.88,2025-03-20
3790,Rachel,Wolf,roseeric@example.com,84,CA,9519.93,2022-09-06
3791,Samuel,Hicks,ronald46@example.com,22,NJ,12295.69,2026-03-02
3792,Danielle,Shaw,zramirez@example.net,66,MA,33667.38,2022-09-22
3793,Teresa,Gross,mariah75@example.org,51,FL,7571.66,2022-01-10
3794,Michael,Gonzalez,wmorris@example.net,41,FL,14129.98,2025-07-27
3795,Mark,Fuller,thill@example.com,43,NY,47541.64,2026-06-17
3796,Christopher,Jennings,tara62@example.com,45,XX,21715.94,2023-11-07
3797,Kathleen,Combs,tylerchristine@example.com,80,IL,30560.86,2022-12-01
3798,Jeffrey,Austin,kristin15@example.net,40,NJ,20907.97,2023-10-24
3799,Olivia,Carr,bmoreno@example.org,51,WA,19014.51,2026-04-23
3800,Alan,Lamb,michaelgordon@example.org,48,CA,24211.65,2021-12-08
3801,Daniel,Mueller,millerjill@example.net,41,CT,42034.59,2024-01-04
3802,Danielle,Thompson,duane84@example.net,55,FL,24511.1,2025-08-04
3803,Jason,Barton,invalid-email,68,INVALID,17856.39,2024-06-21
3804,April,King,friedmanlinda@example.net,79,CT,4826.66,2026-06-27
3805,Joshua,Leon,reneespencer@example.org,32,CT,20979.7,2025-10-28
3806,Matthew,Robinson,,75,CA,12369.81,2023-08-20
3807,Julie,Garcia,mark46@example.org,72,NY,8809.72,2023-05-11
3808,Brenda,Stafford,gilbertsamuel@example.com,58,NY,17378.93,2026-04-16
3809,Makayla,Powell,tylerwilliams@example.com,68,PA,38684.09,2025-05-19
3810,Randall,Horton,claire11@example.net,79,FL,30052.94,2025-02-01
3811,Jennifer,Nicholson,riley28@example.com,48,NJ,14546.51,2025-04-28
3812,George,Miller,tara38@example.org,82,MA,44490.53,2025-12-08
3813,Emily,Gibson,ana12@example.com,70,NJ,28112.87,2022-07-18
3814,Jordan,Dunlap,raymond84@example.com,59,CT,33749.45,2025-05-17
3815,Aaron,Hoffman,guerramaria@example.org,70,TX,40451.53,2024-12-18
3816,Patricia,Terry,lawsoncalvin@example.com,72,TX,13034.97,2023-07-04
3817,Casey,Armstrong,kerry49@example.org,24,CT,24275.27,2023-04-30
3818,Emily,Jordan,christine28@example.net,46,CA,31813.31,2025-06-07
3819,Zachary,Schneider,cnelson@example.com,23,CT,22381.82,2023-05-21
3820,Kimberly,Aguilar,olsonmichael@example.com,46,WA,43781.1,2025-04-05
3821,Jose,Leon,danielletorres@example.com,-1,NY,47393.89,2024-04-26
3822,Diane,Garcia,lowen@example.org,60,PA,30248.06,2025-04-06
3823,Maria,Baker,tuckerstacey@example.net,20,NJ,40120.64,2022-11-02
3824,Michelle,Reed,brittney71@example.org,29,CA,45611.43,2024-12-14
3825,Daniel,Herring,steven34@example.net,26,NJ,25932.45,2026-06-09
3826,John,Jones,heather72@example.org,64,IL,9921.99,2023-05-24
3827,Michael,Hayden,richard13@example.com,38,IL,19776.31,2022-12-25
3828,Tammy,Walters,cody85@example.net,47,CT,40064.27,2023-07-03
3829,Jason,Ortega,johnthomas@example.com,65,CA,20669.76,2026-06-20
3830,Michael,Smith,todd94@example.com,49,NJ,1803.75,2023-06-11
3831,Walter,Valdez,ywilliams@example.net,20,IL,5126.04,2025-07-02
3832,Jose,Bowman,robertallen@example.net,68,FL,2114.26,2025-04-24
3833,Kristin,Little,bsmith@example.com,54,CT,1212.22,2022-02-20
3834,Richard,Watkins,gschultz@example.com,49,NJ,13622.91,2025-04-12
3835,Travis,Lawrence,terrimartinez@example.com,33,TX,32763.8,2025-03-14
3836,Ashley,Vang,victorcampbell@example.net,34,CT,43099.18,2025-06-19
3837,Benjamin,Murray,charlotteprice@example.org,27,NY,25225.48,2022-01-08
3838,Michael,Byrd,changsamuel@example.org,71,NJ,737.09,2026-05-02
3839,Steve,Gibbs,autumn78@example.com,37,NY,36793.67,2025-02-19
3840,Gregory,Rice,erin62@example.org,68,MA,41573.59,2025-05-18
3841,Michael,Cochran,elizabethtownsend@example.net,57,CA,21257.64,2023-10-03
3842,Richard,Wright,krystaltucker@example.org,20,CT,13702.49,2023-06-22
3843,Emily,Kelly,dwilliams@example.com,43,NY,13213.5,2022-04-10
3844,Amanda,Lewis,rasmussenjerry@example.com,78,TX,14561.93,2025-09-25
3845,Karen,Salazar,nelsonbrandon@example.com,29,MA,48344.32,2026-03-09
3846,Kyle,Vasquez,theresa36@example.com,53,FL,14221.15,2025-11-20
3847,Sandra,Edwards,ealexander@example.net,82,MA,19120.42,2022-12-21
3848,Sylvia,Gonzalez,,81,TX,47572.87,2025-03-28
3849,Linda,Schroeder,jbridges@example.org,31,FL,11203.04,2023-08-01
3850,Anthony,Thompson,howard63@example.net,21,TX,38560.29,2023-12-27
3851,Brittany,Baker,,75,CA,23840.32,2023-08-02
3852,Sheila,Garcia,emilykrueger@example.org,31,CT,16621.77,2022-01-04
3853,Courtney,Jackson,lindamiller@example.org,28,NY,28044.27,2024-07-23
3854,Kristine,Payne,meganpatrick@example.com,44,FL,29670.48,2023-08-09
3855,Katherine,Flores,crystal46@example.com,28,PA,20159.75,2025-02-18
3856,Henry,Parks,joshua11@example.net,78,IL,36151.62,2022-02-13
3857,Kelsey,Patel,,47,NJ,38370.42,2024-03-09
3858,Andrew,Morgan,harrismargaret@example.net,50,TX,15572.75,2024-05-01
3859,Hannah,Robinson,xpalmer@example.org,61,PA,1825.49,2024-04-26
3860,Rachael,Atkins,greenemily@example.org,70,NJ,13407.24,2021-10-08
3861,Charles,Stanley,jamesmorris@example.org,44,ZZ,39734.79,2026-02-17
3862,Daniel,Ramos,rhondasmith@example.org,81,CA,47973.76,2024-03-04
3863,Natalie,Foster,taylor70@example.net,48,CA,23068.6,2024-06-30
3864,Victoria,Stanley,igraham@example.org,79,IL,27740.36,2025-07-05
3865,Nicholas,Yang,aaron67@example.net,28,NY,21285.1,2025-10-28
3866,Dana,Lopez,porterbobby@example.net,27,TX,6364.12,2024-04-01
3867,Zachary,Hoffman,dakota69@example.org,19,PA,25996.95,2021-11-08
3868,Olivia,Lambert,pkirk@example.com,33,PA,9868.38,2025-08-12
3869,Jonathan,Jordan,daniel91@example.com,32,NJ,44275.14,2021-10-25
3870,Jennifer,Cohen,chelseasmith@example.com,81,PA,31308.25,2025-08-12
3871,Ashley,Sanford,obrewer@example.com,85,FL,6993.27,2022-04-14
3872,Lisa,Bolton,invalid-email,71,TX,462.93,2021-12-23
3873,Michelle,Hansen,lopezvictoria@example.org,33,TX,49787.22,2024-07-12
3874,Steven,Smith,gregory53@example.org,52,IL,16119.31,2024-08-16
3875,Dana,Sanders,kimberlypeterson@example.org,65,WA,32511.04,2023-08-22
3876,Adam,Thompson,wduncan@example.org,36,CT,26162.56,2024-05-20
3877,William,Richardson,wyatt29@example.org,44,WA,47599.77,2022-08-17
3878,Victoria,Gardner,james91@example.org,65,IL,30225.89,2023-09-03
3879,Shane,Mcclure,melissa74@example.com,78,FL,10530.86,2026-03-23
3880,Nicholas,Robinson,david21@example.com,60,PA,8211.91,2021-11-13
3881,Lindsey,Davis,invalid-email,78,NJ,15884.4,2024-03-13
3882,Cynthia,Mann,huynhmatthew@example.net,40,PA,23524.67,2023-11-26
3883,Trevor,Vasquez,mlyons@example.org,18,CT,35073.23,2023-05-12
3884,Vincent,Solomon,charles46@example.org,43,NY,26886.57,2023-04-13
3885,Sylvia,King,kathleenwelch@example.net,60,NY,3055.39,2023-03-28
3886,John,Cruz,darius87@example.com,77,WA,7822.65,2023-12-02
3887,Michelle,Graham,,62,IL,44167.16,2023-04-04
3888,Stephanie,Cameron,qrhodes@example.org,62,NJ,46393.97,2025-11-05
3889,Danielle,Kennedy,bradleyperez@example.com,53,CT,41037.72,2024-07-13
3890,Robert,Poole,wcook@example.com,72,WA,36466.16,2026-02-11
3891,Joseph,Oneill,chankevin@example.com,65,WA,38349.44,2026-02-12
3892,Michele,Willis,nswanson@example.org,50,IL,27050.85,2024-05-04
3893,Vicki,Hughes,megan27@example.org,43,NY,29631.96,2023-11-28
3894,Kimberly,Silva,lisa47@example.com,-1,MA,13999.28,2025-10-16
3895,Daniel,Williams,cmyers@example.com,51,WA,5116.11,2023-01-30
3896,Julia,Barnes,khernandez@example.com,84,WA,32241.51,2022-05-23
3897,Paul,Ray,william40@example.org,67,CA,28782.79,2024-07-13
3898,Chelsea,Scott,invalid-email,53,WA,33424.85,2023-09-19
3899,Megan,Gray,,78,MA,8404.97,2025-12-12
3900,Carlos,Stone,ecasey@example.org,47,MA,4566.91,2024-10-03
3901,Michelle,Ware,xgonzales@example.com,36,PA,8240.92,2021-11-01
3902,Destiny,Hudson,othomas@example.com,18,CA,3889.37,2023-12-22
3903,Isaiah,Mcgee,yjones@example.org,24,PA,25585.26,2021-11-27
3904,Samuel,Allen,david89@example.com,130,TX,33242.11,2022-06-29
3905,Donna,Johnson,karlmartin@example.org,59,CT,25018.76,2025-01-20
3906,Kimberly,Williams,jasonlawrence@example.org,33,MA,28007.26,2022-11-22
3907,Nicholas,Cobb,davenportstephanie@example.com,66,TX,35312.23,2024-06-18
3908,Terri,Zimmerman,rossmaurice@example.org,63,CT,41932.47,2022-08-02
3909,Samuel,Hobbs,kimberly94@example.org,58,IL,3909.98,2022-04-25
3910,Matthew,Olson,johnsonpatrick@example.com,45,PA,47274.5,2022-11-25
3911,Nina,Peters,amanda53@example.org,53,PA,41993.81,2022-03-19
3912,Beth,Molina,scottmichael@example.com,74,FL,34754.99,2026-02-26
3913,Alyssa,Smith,terriortiz@example.com,50,NY,27895.25,2026-06-27
3914,Michael,Owen,bhawkins@example.net,73,CA,8900.62,2024-04-13
3915,Susan,Stephens,sheltonbobby@example.net,64,FL,38537.24,2024-08-01
3916,David,Martinez,starkaustin@example.org,62,TX,10689.0,2024-09-27
3917,Jennifer,Nguyen,nbrandt@example.net,42,TX,18710.29,2025-07-06
3918,Dorothy,Fernandez,xknight@example.com,19,MA,22104.03,2022-06-06
3919,Nicole,Crawford,kingeric@example.com,85,MA,280.73,not-a-date
3920,Laura,Thompson,wellselizabeth@example.com,57,CA,4705.42,2023-03-07
3921,Danny,Smith,kathleenweaver@example.net,65,CT,25139.67,2021-08-31
3922,Adam,Nguyen,whitetony@example.com,19,WA,13651.39,2025-01-21
3923,Edward,Smith,jessicadouglas@example.org,53,FL,19914.7,2022-01-16
3924,Paige,Ward,stacey16@example.com,50,CT,31263.52,2024-04-12
3925,Christine,Barrett,brownpamela@example.com,21,FL,49861.58,2023-09-16
3926,Nancy,Flores,chanmichael@example.com,76,FL,8688.55,2025-01-14
3927,Ashley,King,marciahall@example.net,31,NJ,18476.69,2023-08-16
3928,Timothy,Kerr,kelly83@example.org,37,PA,43545.66,2021-09-12
3929,Tammy,Romero,pthomas@example.net,34,NY,20978.63,2024-05-29
3930,Raymond,Mann,simmonslaura@example.com,33,NJ,22168.9,2023-04-24
3931,Tiffany,Hernandez,richardjones@example.net,25,CA,4873.77,2024-12-13
3932,Matthew,Padilla,xsmith@example.org,53,MA,32755.26,2025-03-30
3933,Ariana,Crawford,bcaldwell@example.net,20,INVALID,-114.01,2022-04-11
3934,Charles,Anderson,allisoneric@example.net,58,PA,45286.24,2025-03-28
3935,David,Perez,taracole@example.org,64,IL,708.56,2025-10-15
3936,Barbara,Rosales,grichards@example.org,69,TX,41885.83,2024-08-07
3937,Dakota,Nichols,robin11@example.com,25,NY,9647.0,2025-11-04
3938,Laurie,Brewer,campbellfrederick@example.org,82,PA,36447.85,2026-02-25
3939,Steven,Rivas,hturner@example.com,28,PA,22169.94,2026-03-17
3940,Kerry,Cochran,brandimoore@example.org,53,WA,9934.17,2023-05-12
3941,Christopher,Frost,heatherthompson@example.net,82,TX,8648.41,2024-07-04
3942,Tiffany,Conner,pluna@example.net,18,CT,13688.16,2023-10-21
3943,Kristine,Castillo,,62,NY,17072.62,2026-01-18
3944,Michelle,Dean,kstone@example.net,29,WA,46513.64,2026-07-04
3945,Nicholas,Woods,rebecca43@example.net,29,NY,45900.55,2025-12-19
3946,Deborah,Conley,hinesjeremy@example.net,41,NY,9282.94,2024-11-13
3947,Danielle,Martinez,aperkins@example.org,20,PA,39436.83,2024-10-06
3948,Jennifer,Bradley,guzmanrobert@example.com,45,CA,23017.45,2024-01-18
3949,Timothy,Anderson,richardneal@example.net,49,CT,41865.42,2025-10-19
3950,David,Green,sandrawalker@example.net,42,PA,15524.35,2022-10-14
3951,Caitlin,Miller,sandra01@example.net,66,CT,8900.2,2023-04-17
3952,Steven,Rodriguez,goodwinjack@example.org,35,WA,15777.05,2023-08-12
3953,Rhonda,Green,robert00@example.net,46,MA,13639.97,2021-12-17
3954,Joseph,Hull,jeffrivera@example.net,43,XX,48963.91,2026-07-23
3955,Joshua,Owen,ericryan@example.org,51,FL,13227.26,2025-10-20
3956,Sydney,Holland,christina67@example.com,80,CA,28934.81,2025-08-14
3957,Christopher,Gomez,clarkegabriel@example.org,62,IL,22483.66,2025-05-05
3958,Steven,Chan,cnguyen@example.net,39,NJ,47483.26,2022-08-24
3959,Cassie,Smith,warnerdaisy@example.com,67,PA,26897.44,2023-02-19
3960,Shawn,Jones,kevin78@example.com,44,TX,17346.08,2022-11-17
3961,Joan,Nguyen,donna04@example.org,54,MA,17109.06,2024-11-02
3962,David,Harvey,jenniferbrady@example.net,82,IL,41492.88,2023-10-18
3963,Stephanie,Shepherd,sophia39@example.org,52,NY,25663.62,2023-02-28
3964,Jerry,Andrews,ramirezmelissa@example.net,44,CT,10912.75,2025-07-10
3965,Brittany,White,greg78@example.net,51,NJ,-42.49,2022-09-29
3966,Stephen,Wright,mcclainjohn@example.com,84,PA,23760.49,2022-10-17
3967,Matthew,Soto,brentodom@example.com,77,WA,16149.55,2023-03-08
3968,Megan,Hernandez,bmahoney@example.net,66,WA,45063.74,2024-06-25
3969,Nicholas,Klein,pmoore@example.org,59,NY,31473.6,2023-05-14
3970,Mario,Jones,martinezlorraine@example.com,19,PA,21070.39,2022-02-10
3971,Anthony,Erickson,stacey58@example.com,60,CA,32394.07,2021-11-25
3972,Briana,Burch,hilledwin@example.net,30,INVALID,45657.44,2025-09-21
3973,Emily,Shah,ftorres@example.net,57,PA,23342.06,2024-09-25
3974,Nathan,Watson,andersonjesse@example.org,41,INVALID,21950.44,2026-05-04
3975,Kelli,Jones,richardlynn@example.net,76,WA,28798.26,2026-07-02
3976,Michael,Smith,jessicacollins@example.com,73,TX,23678.6,2026-04-17
3977,Terri,Jensen,,49,CT,36168.62,2025-12-04
3978,Lee,Crawford,shannonphilip@example.org,61,FL,33927.79,2022-07-02
3979,Zachary,Banks,robert06@example.org,56,NJ,48538.28,2025-05-11
3980,Dennis,Christian,patricia63@example.com,47,IL,5392.77,2022-04-16
3981,Morgan,Smith,uayers@example.org,72,CT,47699.1,2023-01-29
3982,Brian,Lawson,invalid-email,69,WA,1427.76,2024-11-22
3983,Caitlin,Murray,torresgina@example.net,83,PA,46117.68,2026-06-15
3984,Andrew,Mahoney,mcgeebrittany@example.org,85,MA,47574.69,2021-11-07
3985,Sabrina,Hubbard,doconnor@example.net,35,PA,33170.32,2022-09-18
3986,Eduardo,Guerra,medinajamie@example.com,24,NY,15463.68,2025-08-18
3987,Paula,Douglas,jmays@example.net,36,CA,22935.68,2022-03-15
3988,Tammy,Kennedy,christopher56@example.net,39,FL,42.16,2021-11-10
3989,Michael,Johnson,zcook@example.net,36,MA,44147.74,2024-04-24
3990,Ethan,Mendoza,smithstacy@example.net,56,CT,4018.76,2024-01-28
3991,Madison,Ramsey,nunezsherry@example.com,48,MA,21827.44,2023-11-14
3992,Cynthia,Ellis,robert07@example.net,49,PA,34235.68,2022-09-30
3993,Jennifer,Norman,brandonross@example.com,65,NJ,23867.2,2026-05-24
3994,Abigail,George,dakota45@example.com,62,NY,23540.03,2024-09-02
3995,James,Murray,greentimothy@example.net,68,MA,45641.65,2021-10-22
3996,Ryan,Rose,ecole@example.net,66,FL,35311.21,2023-04-27
3997,Travis,Garcia,btorres@example.org,30,TX,6425.12,2023-05-22
3998,Cathy,Diaz,tclark@example.org,35,TX,38663.02,2026-04-07
3999,Christopher,Williams,jclark@example.org,54,TX,29846.94,2025-03-25
4000,Dennis,Moreno,roy33@example.com,27,CA,24415.47,2025-02-24
4001,Timothy,Allen,invalid-email,21,MA,44279.41,2024-01-14
4002,Brittany,Martin,srodriguez@example.net,40,MA,18456.63,2024-01-13
4003,Eric,Christian,josebrown@example.com,61,IL,41161.91,2026-05-30
4004,Kelly,Morris,sheakenneth@example.org,68,NY,32278.86,2024-03-02
4005,Julie,Johnson,ashleycrawford@example.net,35,FL,9398.53,2023-12-04
4006,Abigail,Mendoza,nicholas63@example.org,45,CT,21770.03,2022-08-23
4007,Laura,Campbell,,61,TX,32702.25,2024-07-14
4008,Kelly,Edwards,christine30@example.com,72,PA,14248.21,2025-02-02
4009,Jennifer,Rodriguez,redwards@example.com,67,FL,1741.33,2025-05-28
4010,Elijah,Harvey,michaelboyd@example.com,71,PA,8177.14,2022-06-01
4011,Matthew,Chavez,crystal00@example.org,84,NY,23246.14,2022-04-08
4012,Benjamin,Walker,benjamin67@example.com,28,CA,34303.28,2025-11-24
4013,Theresa,Garcia,christian58@example.net,30,TX,40177.51,2025-04-25
4014,Margaret,Garcia,kelseyhunter@example.org,19,PA,15951.29,2023-04-26
4015,Robert,Reynolds,hornjeff@example.org,82,TX,34314.93,2024-01-27
4016,Angela,Wise,creid@example.net,19,FL,32690.86,2024-06-01
4017,Lauren,Butler,donald69@example.com,69,TX,38567.98,2025-10-11
4018,Lisa,Foley,kevin20@example.org,56,TX,12932.45,2022-06-07
4019,Tiffany,Benson,johnstephens@example.com,32,WA,40356.25,2022-08-03
4020,Chad,Oneill,stevenevans@example.org,75,IL,18641.27,2022-10-06
4021,Charles,Houston,gentryanthony@example.org,78,CA,42208.42,2023-07-14
4022,Oscar,Matthews,morakristin@example.net,64,NY,39274.74,2025-06-11
4023,Elizabeth,Ortiz,qmiller@example.com,72,IL,37980.54,2026-04-15
4024,Kristin,Marks,rivaslisa@example.net,28,PA,347.84,not-a-date
4025,Leslie,Gould,pamelabarber@example.com,51,MA,25744.81,2024-06-07
4026,Elizabeth,Lewis,invalid-email,76,TX,2427.18,2023-01-14
4027,James,Jones,rodriguezmichaela@example.net,54,NJ,6077.57,2024-10-19
4028,Larry,Rush,sandra32@example.com,80,FL,18355.21,2024-10-24
4029,Sean,Matthews,collinsshannon@example.net,65,CT,21285.13,2023-06-09
4030,Aaron,Garner,romanraven@example.com,55,NJ,27137.42,2022-02-17
4031,Donna,Gordon,chadgonzalez@example.com,40,CT,17844.27,2025-09-05
4032,Michael,Lozano,leroy22@example.com,20,FL,16231.63,2023-04-10
4033,Tiffany,Greene,gibsonjoseph@example.org,22,WA,5584.16,2022-09-15
4034,Victoria,Cole,christine99@example.net,22,IL,36934.02,2023-11-18
4035,Cassandra,Hall,ericksonphillip@example.net,49,PA,4202.34,2023-01-28
4036,Jacob,Mccoy,chad60@example.org,30,PA,36339.37,2022-06-21
4037,Katherine,Hayes,shelbywarner@example.net,81,TX,44635.83,2021-11-10
4038,Tracy,Gould,,62,FL,34449.6,2021-10-06
4039,Amanda,Sullivan,kenneth12@example.com,49,IL,28453.41,2022-10-05
4040,Benjamin,Galvan,brownscott@example.net,23,NY,16329.42,2023-08-19
4041,Carol,Mcdowell,ohampton@example.net,22,PA,30467.67,2025-09-18
4042,Brittany,Hicks,mcdonaldrachael@example.org,30,TX,25631.61,2023-08-29
4043,Daniel,Mcneil,ayates@example.org,28,CA,46372.03,2023-11-09
4044,Stephanie,Hubbard,desireeedwards@example.com,56,TX,20036.98,2024-08-11
4045,Lisa,Cabrera,wallacedakota@example.org,41,CT,36079.7,2023-11-05
4046,Audrey,Blake,haneyjoshua@example.org,28,TX,48258.0,2022-06-25
4047,Christopher,Mitchell,duffylisa@example.com,42,WA,13048.79,2025-11-17
4048,Rodney,Ramirez,jesusstanley@example.com,56,WA,25701.98,2024-12-13
4049,Jessica,Mercer,nathaniel23@example.net,49,NJ,18711.82,2026-07-24
4050,Timothy,Frazier,jessicaward@example.org,78,MA,38035.95,2026-01-06
4051,Katherine,Collins,paulpowell@example.com,73,CT,37343.49,2022-09-14
4052,Paul,Rodriguez,dholland@example.org,41,CT,25078.15,2022-02-24
4053,Shawn,Nixon,kathryn24@example.net,23,WA,19933.53,2024-02-09
4054,Jennifer,Hickman,lauracain@example.com,41,CT,13633.97,2025-11-11
4055,Nicholas,Rivera,maryhernandez@example.com,70,MA,935.95,2024-12-04
4056,Paul,Chavez,greenchristian@example.org,71,PA,13738.43,2022-12-31
4057,James,Martinez,ylowery@example.com,77,WA,39512.91,2026-04-27
4058,Russell,Diaz,woodsjeremy@example.com,58,NY,11066.18,2023-12-12
4059,David,Gilmore,pricematthew@example.com,20,CA,11052.89,2025-02-13
4060,Briana,Salazar,karen64@example.com,54,WA,41348.75,2022-09-04
4061,Brittany,Benson,ssmith@example.net,71,WA,16437.6,not-a-date
4062,Debbie,Ward,bradfordjerry@example.net,67,FL,46493.63,2022-10-26
4063,Doris,Alvarez,ramseyvalerie@example.com,19,CA,17029.8,2026-05-27
4064,Brandy,Hernandez,david05@example.org,62,FL,7588.93,2024-09-26
4065,Glenn,Mercer,williamschristopher@example.org,81,ZZ,26612.02,2024-12-20
4066,Kara,Miller,roger61@example.net,39,TX,12784.63,2023-12-06
4067,Anna,French,taylorchristopher@example.org,22,WA,48386.18,2021-08-21
4068,Emily,Hawkins,dianalee@example.com,80,IL,49247.36,2024-12-17
4069,Nicholas,Berry,invalid-email,28,MA,37400.54,2025-09-24
4070,Melissa,Woods,emilyrobinson@example.org,85,CA,15201.64,2022-12-13
4071,Jose,Martinez,pfry@example.net,58,FL,33725.07,2026-08-05
4072,Melissa,Mcmillan,jenny19@example.org,21,PA,31243.13,2022-04-07
4073,Charles,Esparza,natashasmith@example.org,39,WA,17581.32,2025-05-21
4074,Alicia,Riggs,david61@example.net,73,TX,49791.29,2024-10-12
4075,Theresa,Walker,moorerobert@example.org,20,CT,27821.97,2025-01-31
4076,Samuel,Allen,,80,MA,18764.22,2021-12-17
4077,Melanie,Hamilton,copelanddylan@example.net,34,TX,30356.09,2024-12-18
4078,Jennifer,Gross,tiffanytaylor@example.net,33,NY,19787.48,2022-05-18
4079,Olivia,Trujillo,lbuck@example.com,45,NY,28537.25,2026-01-27
4080,John,Aguilar,megan22@example.com,40,PA,38343.73,not-a-date
4081,Christina,Gill,kevin84@example.org,69,IL,20425.81,2025-08-22
4082,Julie,Patterson,hhunter@example.org,45,TX,45022.95,2023-03-06
4083,Tasha,Walker,mscott@example.net,53,ZZ,38524.98,2024-03-25
4084,Luke,Porter,,31,CA,25115.23,2024-08-07
4085,Donna,Benson,invalid-email,68,MA,42952.83,2024-04-14
4086,Sarah,Williams,barbara20@example.net,81,FL,14314.17,2025-04-13
4087,Stephanie,Mckay,ajackson@example.org,75,PA,46195.53,2026-01-24
4088,Tammy,Foster,,40,TX,14420.39,2023-02-12
4089,Amanda,Smith,melvin99@example.net,60,FL,32809.53,2026-05-23
4090,Taylor,Perez,ycordova@example.net,30,TX,29007.89,2022-08-11
4091,Maria,Davila,kathryn19@example.net,71,TX,20514.69,not-a-date
4092,Jonathan,Hayes,jonestimothy@example.org,21,WA,11209.63,2026-07-28
4093,Sylvia,Bryant,jennifersimmons@example.com,82,NY,29978.41,2023-08-06
4094,Denise,Roy,garciamichael@example.net,70,NJ,16251.02,2023-02-02
4095,Melissa,Harris,hoganamy@example.com,49,PA,28465.31,2023-08-16
4096,John,Paul,belindamartin@example.com,78,NY,47592.3,2026-08-09
4097,Angelica,Dixon,suzanneroberson@example.org,20,WA,44175.62,2025-08-18
4098,Benjamin,Ruiz,,67,IL,25566.77,2025-03-19
4099,Tina,Farmer,amy22@example.org,42,PA,22888.44,2023-12-29
4100,Adam,Williamson,piercedevin@example.com,48,PA,23608.44,2022-11-24
4101,Emily,Kim,tracywolfe@example.org,43,CA,6632.5,2024-10-11
4102,Mark,Moore,michael10@example.org,26,NJ,10350.36,2026-06-02
4103,Nicole,Johnson,montgomeryhaley@example.com,77,FL,12252.35,2025-03-08
4104,David,Wiley,hannahsmith@example.com,74,MA,39837.68,2021-09-07
4105,Shannon,Anderson,benjamin83@example.org,77,IL,32068.96,2025-02-27
4106,James,Nelson,nataliebowman@example.org,-10,PA,12243.17,2026-08-12
4107,Mark,Harris,hooperkatrina@example.org,26,NJ,37430.43,2025-11-17
4108,Ann,Lin,pittsjenna@example.org,70,IL,49776.73,2022-04-02
4109,Mary,Mueller,ehuff@example.net,67,NY,39152.14,2025-01-05
4110,Albert,Clark,kingjoshua@example.com,51,IL,6049.1,2021-12-14
4111,Andrew,Garcia,dbaker@example.org,21,FL,24040.38,2021-10-13
4112,Amy,Roberts,andrea15@example.net,25,CT,40583.12,2024-11-29
4113,Tracy,Evans,kgreer@example.net,23,CA,19971.47,2021-08-25
4114,David,Davis,adam09@example.com,83,FL,21429.43,2024-09-16
4115,Tiffany,Perry,davidcopeland@example.net,33,NY,7299.19,2023-04-16
4116,Ernest,Sanchez,deanmcguire@example.net,51,ZZ,37678.89,2026-04-24
4117,Mark,Monroe,traceywong@example.net,32,PA,18323.23,2023-02-25
4118,Michael,Nelson,blevinsmelissa@example.com,61,PA,45648.73,2024-02-12
4119,Richard,Mays,caitlinwilliams@example.org,79,MA,13225.39,2022-01-24
4120,Robin,Parsons,luis62@example.com,60,NY,22912.1,2023-11-10
4121,Amy,Medina,invalid-email,80,MA,37849.03,2023-01-05
4122,Briana,Montes,scotttamara@example.net,61,CT,34459.71,2026-02-01
4123,William,Mann,iwilson@example.com,60,FL,34978.08,2021-12-20
4124,Pamela,Bridges,gregoryfrey@example.org,53,WA,1787.23,2023-06-22
4125,Jacqueline,Moyer,donna59@example.org,35,PA,26088.96,2021-11-09
4126,Jill,Gomez,cramos@example.com,21,MA,44008.53,2024-08-18
4127,Toni,Davis,kristenmayo@example.net,64,CT,15333.14,2022-10-01
4128,Jeanne,Blake,jjenkins@example.com,38,WA,31694.73,2026-01-01
4129,Mark,Parrish,millerpaul@example.net,78,FL,33663.94,2024-06-25
4130,Patricia,Kelly,cbuck@example.org,37,PA,7326.31,2026-01-09
4131,Donna,Brandt,darrenharris@example.com,55,TX,12865.29,2025-03-06
4132,Brooke,Bennett,sextonjames@example.com,47,NJ,42545.96,2023-10-18
4133,Kaitlin,Anderson,adrianmcneil@example.com,56,PA,29211.74,2023-01-13
4134,Rachel,Yang,jessicaarmstrong@example.net,51,CA,36056.97,2024-01-11
4135,Nicole,Singleton,stevenschultz@example.com,84,ZZ,23848.72,2025-02-10
4136,Savannah,Gaines,jasonrhodes@example.net,39,CA,32192.58,2024-05-03
4137,April,Gomez,williamgross@example.net,82,CA,26166.87,2025-12-08
4138,William,Hunt,paynekatie@example.org,66,FL,32418.83,2026-06-24
4139,Tanner,Horton,josephpeggy@example.org,85,FL,8769.37,2024-11-09
4140,Thomas,Crawford,,66,NJ,33437.24,2023-03-13
4141,Gabriella,Day,,26,CA,11241.26,2025-11-18
4142,Bradley,Powell,juliataylor@example.net,44,MA,7504.43,2025-06-27
4143,Matthew,Pena,kayla59@example.org,250,MA,17825.07,2025-01-29
4144,Anthony,Mcbride,john98@example.org,76,WA,45635.13,2026-03-28
4145,Zachary,Blevins,murraycatherine@example.net,19,IL,44906.73,2026-06-19
4146,Michael,Wyatt,oromero@example.net,43,CA,33212.2,2024-02-12
4147,Robert,Andersen,grayalicia@example.org,69,NY,47601.41,2026-08-03
4148,Erica,Burns,brianramos@example.net,82,NY,13573.68,2022-02-13
4149,Gloria,Owens,rdavis@example.net,28,NJ,22331.64,2025-12-07
4150,Leslie,Johnson,vasquezamanda@example.com,84,MA,12234.61,2024-07-20
4151,Edgar,Gonzalez,justin33@example.com,41,MA,11417.0,2024-07-16
4152,Cassandra,Anderson,,76,PA,2011.64,2022-01-24
4153,Yvonne,Taylor,kedwards@example.com,52,IL,13873.83,2022-10-27
4154,Heather,Page,mitchellshannon@example.com,42,NY,45307.05,2024-08-08
4155,Brian,Taylor,johnolson@example.org,34,IL,15138.04,2023-02-03
4156,Laura,Rivera,richardsjennifer@example.com,44,MA,12197.03,2023-06-22
4157,Heather,Hatfield,gentryeduardo@example.org,79,FL,4913.51,2023-09-09
4158,Thomas,Jones,qmccann@example.com,24,CA,39500.81,2024-06-13
4159,Lauren,Lloyd,mirandadaniel@example.net,27,MA,23914.95,2022-11-17
4160,Elaine,Davis,timoconnor@example.org,74,NY,23801.79,2025-11-05
4161,Mark,Kim,jgarcia@example.org,30,IL,29468.79,2025-12-24
4162,Rebecca,Weaver,dianachen@example.com,80,CT,28466.46,2023-07-25
4163,Justin,Grant,john04@example.com,73,NY,35999.07,2023-06-25
4164,Lisa,Peterson,brent63@example.net,74,MA,29446.88,2023-04-19
4165,Adam,Jimenez,sandra33@example.net,76,NJ,12587.39,2022-04-26
4166,Robert,Andersen,,70,WA,13537.16,2021-10-11
4167,Gregory,Harmon,richardbennett@example.net,40,CA,25364.65,2026-07-20
4168,Mary,Gould,kwu@example.org,83,CT,47571.78,2022-07-20
4169,Gina,Hernandez,vbrooks@example.net,56,CT,43363.05,2021-09-30
4170,Dalton,Mejia,reynoldssheena@example.com,49,CA,13764.42,2021-10-01
4171,Jennifer,Blanchard,thompsonbrian@example.net,82,CT,31296.09,2025-11-15
4172,Johnny,Carr,egraham@example.org,32,PA,24379.02,2026-03-12
4173,Patrick,Chandler,ginafischer@example.org,58,IL,23525.32,2024-07-28
4174,Cynthia,Combs,,38,PA,3277.97,2024-09-05
4175,Daniel,Horn,angelmiller@example.org,73,CT,4728.4,2026-03-26
4176,Bobby,Brown,,74,CA,31894.15,2023-12-13
4177,Kaitlyn,White,stewartchristine@example.com,41,MA,38939.59,2024-02-02
4178,Amber,Small,pamelamahoney@example.org,47,MA,15360.02,2023-08-20
4179,Edward,Steele,choitina@example.org,57,CA,38321.03,2023-09-27
4180,Barbara,Brown,jonathan65@example.net,78,NY,34237.32,2024-07-12
4181,Derrick,Ibarra,kortiz@example.com,44,WA,33594.36,2025-09-22
4182,Lynn,Lucas,scott45@example.org,59,PA,9595.2,2023-06-10
4183,Jeff,Pierce,taylor88@example.com,68,PA,42617.86,2021-09-13
4184,Adam,Terry,robert77@example.com,38,CA,47835.35,2025-07-05
4185,Brian,Hamilton,rebeccapalmer@example.net,78,WA,39437.43,2023-11-26
4186,Samantha,Gardner,raymondbrown@example.net,52,MA,46642.18,2022-04-25
4187,Laura,Thomas,emcdaniel@example.net,78,CT,18539.56,2024-11-07
4188,Nicholas,Wilson,smithjames@example.com,57,CA,36335.48,2022-01-02
4189,Zachary,Coleman,paul68@example.net,58,FL,15400.84,2021-09-07
4190,James,Vaughn,egray@example.net,68,TX,283.63,2025-10-28
4191,Cynthia,Thomas,priscillabeard@example.com,69,NJ,48434.0,2022-04-19
4192,Gail,Allen,emily41@example.com,63,PA,48749.29,2025-08-04
4193,Christopher,Munoz,angela87@example.org,53,NJ,40926.65,2026-04-15
4194,David,Smith,,43,MA,33102.73,2022-06-26
4195,Timothy,Banks,ruizjustin@example.com,50,CT,41627.59,2022-10-06
4196,Roger,Kelley,jessica96@example.com,21,CA,21374.92,not-a-date
4197,Deborah,Carter,santiagomark@example.org,66,CA,27903.41,2022-02-02
4198,Sara,Duncan,williamstaylor@example.org,43,MA,30877.79,2024-02-11
4199,Jillian,Johnson,alexanderwilliams@example.com,74,CT,5341.73,2024-12-16
4200,Annette,Martin,jacquelinewilliamson@example.org,49,PA,16274.15,2022-01-15
4201,Veronica,Jackson,ndiaz@example.net,79,WA,23493.59,2023-12-31
4202,Deborah,Craig,danielle96@example.com,23,TX,34390.05,2024-08-10
4203,Kaitlyn,Hayes,jonathan25@example.org,80,MA,14007.13,2023-07-20
4204,Erika,Gilbert,elizabeth20@example.com,66,NJ,5072.0,2022-01-18
4205,Justin,Bailey,scottwilliams@example.net,61,CT,26894.79,2025-11-20
4206,Christopher,Villanueva,invalid-email,74,CT,5551.54,2025-06-20
4207,Miranda,Clarke,xfigueroa@example.net,35,NY,16227.28,2024-09-02
4208,Nicolas,Wilson,awang@example.net,70,PA,43697.53,2023-03-27
4209,Tyler,Davis,qturner@example.org,56,WA,9999.72,2025-08-19
4210,Abigail,Gilbert,fblack@example.com,29,FL,12261.33,2022-12-30
4211,Cheryl,Robertson,stephanierobles@example.net,51,IL,26551.37,2023-08-21
4212,Justin,Williams,sean45@example.org,130,NJ,7023.38,2024-06-16
4213,Becky,Kim,jonathanhubbard@example.com,26,CA,47860.01,2022-05-11
4214,Scott,Garza,valenzuelachristopher@example.org,-1,FL,37363.66,2026-03-10
4215,April,Owen,,45,PA,16063.36,2023-10-03
4216,William,Spencer,candace21@example.org,47,FL,18110.19,2023-06-02
4217,Barbara,Wilson,brianhopkins@example.net,43,CT,12767.89,2025-02-07
4218,Debra,Steele,richbill@example.org,20,PA,5959.52,2022-05-16
4219,Michele,Baker,,70,TX,19815.4,2023-04-22
4220,Martin,Payne,lynnholmes@example.com,80,NJ,41583.72,2026-03-29
4221,Amy,Garcia,tanyanash@example.com,25,IL,18673.72,2023-12-26
4222,Felicia,Lynch,sean60@example.com,73,NJ,47989.41,2022-07-03
4223,John,Bryant,olsonamy@example.com,59,IL,24600.47,2025-01-16
4224,Valerie,Hobbs,bakerchristian@example.org,60,NY,36721.69,2024-02-16
4225,Amanda,Stokes,lauren92@example.com,29,IL,39029.41,2023-11-11
4226,Sherri,Patterson,ilawrence@example.net,38,IL,42314.97,2023-12-09
4227,Thomas,Carter,william74@example.org,29,INVALID,46124.84,2022-10-23
4228,Adam,Hull,jenniferperkins@example.net,42,NY,38355.76,2026-07-21
4229,Robert,Zamora,vazquezsydney@example.com,73,CT,23285.76,2022-07-17
4230,Shawn,Alvarado,,37,CA,3651.29,2023-07-08
4231,John,Morrison,,61,FL,26385.7,2023-01-24
4232,Kenneth,Munoz,qhiggins@example.com,73,NJ,20073.3,2023-09-01
4233,Samantha,Jones,robert62@example.net,55,NJ,31184.49,2022-04-17
4234,Sandra,Parrish,churchlisa@example.org,67,NJ,426.9,2024-12-01
4235,Matthew,King,delacruztammy@example.org,59,TX,7524.75,2023-07-12
4236,David,Anderson,john03@example.com,46,WA,33726.92,2026-06-08
4237,Gregory,Dyer,ajones@example.net,59,IL,22887.67,2024-11-16
4238,Justin,Bryant,robert11@example.org,43,WA,46267.83,2024-10-04
4239,Jason,Hale,lstephens@example.net,-1,MA,38649.6,2026-02-25
4240,Amber,Yates,ubutler@example.net,44,CT,9079.34,2026-01-16
4241,Michael,Hensley,william63@example.com,21,IL,30096.07,2023-10-19
4242,Jeanne,Phillips,martinmelissa@example.net,23,PA,27003.81,2024-03-30
4243,Matthew,Jones,robinmills@example.net,26,CA,43527.8,2023-07-16
4244,Brandy,Pruitt,mary94@example.com,47,MA,10085.07,2024-07-30
4245,Jennifer,Fox,gregory82@example.net,38,TX,49550.18,2025-11-01
4246,Veronica,Cole,,47,MA,38617.27,2024-12-24
4247,Mary,Jackson,udavis@example.org,21,PA,43881.88,2022-09-05
4248,Erik,Smith,hduffy@example.com,74,NY,41707.86,2026-07-14
4249,David,Ramos,igardner@example.com,66,NJ,22197.62,2026-05-11
4250,Jacqueline,Strickland,thomasrice@example.net,44,TX,2460.71,2023-07-11
4251,Anthony,Sanchez,wagnerroberta@example.com,74,TX,9931.89,2024-06-09
4252,Mariah,Kim,fryeadrian@example.org,66,WA,40724.97,2024-12-17
4253,Jeremy,Walker,lisa57@example.org,29,PA,25335.17,2023-05-06
4254,Ronald,Lee,micheleyork@example.com,84,NY,8144.15,2024-02-17
4255,Jennifer,Johnson,mark58@example.com,44,NY,47034.79,2025-02-28
4256,Terry,Brown,kimberlywalker@example.net,63,CA,20756.39,2024-12-23
4257,David,Pierce,blivingston@example.com,44,NY,39989.56,2025-03-06
4258,Kristina,Williams,markmorgan@example.com,64,FL,12764.23,2024-03-28
4259,Jessica,Graves,tinaflynn@example.com,32,FL,807.27,2024-11-17
4260,Kelly,Garcia,imaddox@example.org,66,TX,20015.42,2023-06-07
4261,Brandy,Walsh,ricardo73@example.net,30,CA,18019.62,2023-08-03
4262,Kristin,Russo,tfranklin@example.com,57,NY,21707.44,2024-03-16
4263,Sara,Baker,oporter@example.org,56,MA,49985.33,2022-07-27
4264,Gregory,Charles,justinguzman@example.com,28,TX,43797.09,2024-04-21
4265,Samantha,Kim,hopkinsrodney@example.org,20,CT,36481.46,2022-10-29
4266,Christina,Case,susan64@example.org,59,NJ,7036.79,2024-01-27
4267,Andrew,Peters,jamie12@example.net,49,PA,28228.96,2021-11-13
4268,Michele,Sanchez,bensonjohn@example.net,34,IL,7787.92,2024-02-16
4269,Michelle,Bennett,johncoleman@example.net,78,NJ,3059.07,2021-11-24
4270,Patricia,Kelley,johnsonemily@example.org,44,CT,18585.2,2023-06-18
4271,Jeffery,Bryant,markellis@example.org,71,PA,20961.96,2024-10-23
4272,Shannon,Martin,ujones@example.com,40,IL,48265.01,2023-06-18
4273,Ryan,Oliver,lterry@example.net,41,CA,43953.87,2026-02-14
4274,Michael,Simpson,cheryl55@example.org,32,PA,1499.01,2026-02-01
4275,Mario,Wong,tanderson@example.net,-1,CT,20182.71,2022-01-17
4276,Danny,Palmer,priscilla83@example.net,65,CT,31095.68,2023-05-11
4277,Ethan,Edwards,douglas07@example.net,21,NJ,16579.1,2025-07-02
4278,Deanna,Mason,fosterlawrence@example.org,78,NJ,36747.54,2024-09-06
4279,Jenna,Davis,travis45@example.org,36,TX,2324.97,2021-12-06
4280,James,Clarke,thomascruz@example.net,66,WA,36126.14,2026-01-15
4281,Steven,Johnson,kevinbrown@example.net,39,PA,5005.76,2023-06-12
4282,Michele,Jackson,floydjoann@example.com,62,MA,4606.19,2026-01-09
4283,Justin,Doyle,brandilutz@example.com,26,NY,48436.52,2022-10-19
4284,Dawn,Bauer,johnstonchristopher@example.net,77,TX,42807.02,2022-01-27
4285,Andrea,Williams,michaelarmstrong@example.net,74,PA,42845.78,2024-06-22
4286,Jasmine,Campbell,qfranklin@example.org,18,CT,23812.17,2022-04-25
4287,Rhonda,Young,markrussell@example.org,50,PA,16143.82,2024-05-26
4288,Brooke,Blevins,harriskevin@example.net,130,WA,33421.6,2026-07-09
4289,Jose,Shaw,thomas33@example.net,30,FL,24640.09,2025-06-20
4290,Cindy,Holt,apatterson@example.org,43,PA,10965.56,2022-07-24
4291,John,Weiss,tateedward@example.org,34,PA,11277.59,2024-09-23
4292,Nicole,Zimmerman,mcknightbenjamin@example.com,28,NY,35863.4,2024-08-04
4293,Kevin,Johnson,hawkinsdeanna@example.net,54,WA,5261.41,2021-12-25
4294,Noah,Jenkins,eric19@example.org,46,CT,-4039.23,2025-01-05
4295,Misty,Johnson,chadrobinson@example.com,56,CA,35523.02,2023-08-06
4296,Anna,Velasquez,clintonhaley@example.org,77,WA,25995.85,2025-06-08
4297,Nicole,Garrett,tbrown@example.net,52,PA,16397.2,2026-01-12
4298,Veronica,Pruitt,smithdiana@example.net,65,PA,28968.43,2024-05-15
4299,Anna,Montgomery,uroberts@example.org,22,TX,31594.01,2022-03-11
4300,Jennifer,Harrington,hinesvalerie@example.com,43,PA,716.09,2026-05-25
4301,Joseph,Richardson,invalid-email,250,MA,8094.26,2024-01-03
4302,Peter,Brown,wchavez@example.net,59,NJ,28604.34,2022-05-26
4303,Jasmine,Delgado,jeremypetersen@example.net,79,CA,9387.41,2022-09-04
4304,Preston,Conley,gmoyer@example.net,69,FL,49634.94,2022-01-06
4305,Denise,Farrell,stewartpamela@example.com,76,WA,13140.23,2026-07-08
4306,Tasha,Finley,nheath@example.org,74,NY,37248.02,2023-10-03
4307,Molly,Johnson,invalid-email,83,CA,16862.73,2025-12-12
4308,Tammy,Sanders,michelletaylor@example.org,41,CT,17049.15,2022-09-21
4309,Steven,Johnson,harmonlucas@example.org,80,IL,22815.8,2025-07-16
4310,Bethany,Delacruz,hillbrandon@example.com,30,CA,38163.47,2022-08-15
4311,Ian,Evans,lloydrichard@example.net,51,NY,39097.71,2025-07-10
4312,Kelly,Keith,cindycurtis@example.org,72,NJ,48237.68,2023-12-22
4313,Carol,Smith,hlopez@example.com,34,NY,11356.25,2026-03-14
4314,Mary,Thomas,andrea54@example.com,76,NY,6013.89,2023-03-19
4315,Monica,Lewis,shannonstephanie@example.org,55,PA,43665.34,2026-06-14
4316,Samantha,Stone,kimberlyyoung@example.com,57,FL,21808.21,2024-05-06
4317,Regina,Kelley,kgonzalez@example.net,28,IL,9130.62,2022-08-05
4318,Stephanie,Patel,scottjoe@example.com,83,MA,7085.42,not-a-date
4319,April,Gutierrez,zachary74@example.org,46,NJ,9933.86,2023-08-06
4320,Travis,Davis,rossdaniel@example.com,63,IL,30046.81,2023-05-11
4321,Gary,Ramos,qjohnson@example.com,37,WA,42996.31,2024-03-13
4322,Adam,Garcia,johnny15@example.com,85,NJ,40013.0,2022-07-10
4323,Daniel,Collins,jacquelinesnow@example.org,64,IL,11521.18,2023-09-14
4324,Patrick,Garcia,,85,PA,18723.61,2022-01-05
4325,Zachary,Jackson,pattonmatthew@example.net,30,PA,31745.37,2024-10-14
4326,Nicholas,Bell,gregory68@example.org,46,PA,27041.08,2023-07-13
4327,Karen,Buckley,vincentdavis@example.com,72,MA,13921.07,2025-09-01
4328,James,Wiley,crystal54@example.com,69,CT,19488.62,2025-11-14
4329,Michael,Jenkins,ojohnson@example.org,84,TX,44687.22,2025-11-21
4330,Christopher,Moses,edwinrowe@example.org,77,CA,6805.99,2026-06-23
4331,Nicholas,Matthews,gloria17@example.net,56,NJ,3743.52,2025-12-29
4332,Jared,Yates,amandabarrett@example.org,57,MA,46152.61,2026-05-06
4333,Mark,Shelton,ysmith@example.net,26,NJ,37758.48,2022-08-07
4334,Anthony,Moran,russellsamantha@example.com,35,PA,24046.61,2021-10-18
4335,Daniel,Lopez,melissa03@example.com,38,MA,19561.91,2025-09-18
4336,Courtney,Hoffman,monicaali@example.com,38,TX,19549.98,2021-10-19
4337,Hannah,Thompson,vreilly@example.net,42,MA,41716.45,2024-12-08
4338,Matthew,Mckinney,lisa95@example.com,27,MA,48167.87,2023-01-21
4339,Kaitlyn,Patterson,kelly17@example.net,53,PA,44631.93,2025-02-14
4340,Michael,Graham,gcooper@example.org,33,WA,47217.06,2026-06-21
4341,Daniel,Rasmussen,wongsean@example.com,37,MA,22169.07,2023-03-01
4342,Bethany,Logan,brenda35@example.net,53,CA,538.45,2022-03-21
4343,Robert,Lewis,madelinehenderson@example.net,33,IL,15558.03,2024-03-15
4344,Tom,Davis,brownsean@example.com,31,WA,23555.47,2024-05-31
4345,Sonya,Martinez,daisy57@example.com,74,CT,41112.02,2026-05-24
4346,Joan,Allen,morgan94@example.net,76,PA,3520.14,2023-01-15
4347,Holly,Castaneda,colleenvance@example.org,250,CT,47474.4,2023-03-14
4348,Michael,Hernandez,daniellewebb@example.net,23,TX,41898.87,2024-04-22
4349,Thomas,Howard,kbarrett@example.net,50,NY,31344.92,2022-04-03
4350,Jared,Hull,invalid-email,72,WA,8422.8,2024-10-26
4351,Stephanie,Kennedy,petersonann@example.net,80,CT,11231.67,2025-04-11
4352,Calvin,Warren,rmoyer@example.net,31,NY,49880.27,2025-08-02
4353,Joshua,Randolph,freemanbarbara@example.org,64,MA,43468.06,2026-07-30
4354,David,Turner,yscott@example.net,81,TX,21083.71,2024-11-17
4355,Tammy,Kidd,bruceray@example.com,31,CT,42116.25,2025-08-20
4356,Gerald,Saunders,ulewis@example.net,53,CT,32013.27,2024-03-19
4357,Amy,Pearson,tara23@example.com,60,TX,33348.92,2026-08-19
4358,Elizabeth,Waller,dellis@example.com,50,CA,4154.67,2024-06-07
4359,Paige,Chen,john51@example.org,30,FL,12137.21,2022-01-24
4360,Debra,Wise,piercefrank@example.org,81,MA,29554.22,2023-08-31
4361,Ashley,Richards,awade@example.net,52,NY,49865.13,2021-09-23
4362,Amber,Ward,andrealewis@example.net,80,IL,30332.03,2024-11-12
4363,Michael,Brown,richard82@example.org,66,WA,25948.34,2025-06-23
4364,Aaron,Smith,wsmith@example.net,66,NJ,30083.12,2024-08-07
4365,Tonya,Griffin,tonyfrank@example.net,30,WA,4745.68,2024-10-15
4366,Karen,Butler,,48,CA,29006.1,2022-06-15
4367,Victor,Pittman,duncanpamela@example.net,71,TX,35914.45,2022-10-21
4368,William,Wheeler,tvasquez@example.net,23,CA,32354.42,2023-11-01
4369,Robert,Sutton,ebailey@example.com,74,FL,28667.25,2024-12-30
4370,Joseph,Peterson,scott67@example.com,84,NJ,47009.85,2023-06-08
4371,Joshua,Ayala,waynegriffin@example.net,73,NJ,10801.98,2022-12-27
4372,Thomas,Bell,leematthew@example.org,41,NJ,31526.06,2025-05-29
4373,Bruce,Kim,randyfrey@example.org,60,NY,14613.84,2021-12-03
4374,David,Paul,michael57@example.org,70,NJ,36452.87,2022-11-03
4375,Cheryl,Baldwin,duartesteven@example.com,50,CA,40918.42,2025-07-05
4376,Benjamin,James,christopher85@example.org,62,CA,48678.98,2024-11-13
4377,Joseph,Ross,irichardson@example.com,49,CT,22300.35,2025-03-04
4378,James,Wolf,brownlauren@example.org,24,CA,22910.23,2023-08-18
4379,Sandra,Russell,jamesvasquez@example.org,51,PA,10469.05,2022-09-19
4380,Jonathan,Hernandez,heidi28@example.org,59,TX,37665.96,2023-12-17
4381,Paula,Wall,tylerthompson@example.com,40,FL,42832.32,2025-05-21
4382,Jared,Johnson,jennifersummers@example.net,60,CA,30820.14,2025-02-16
4383,Nicole,Smith,douglas34@example.org,47,CA,41434.16,2022-08-27
4384,Sean,Adams,jesusgill@example.net,30,NY,31972.59,2022-04-02
4385,Courtney,Eaton,amandarichardson@example.net,58,WA,24859.63,2025-06-18
4386,Christopher,Ward,omacdonald@example.org,41,TX,10107.46,2022-12-24
4387,Jeffery,Garcia,karen17@example.com,80,CA,16850.06,2024-06-27
4388,Paul,Smith,tphillips@example.com,74,CA,37738.54,2023-03-03
4389,Jessica,Vazquez,invalid-email,39,CA,796.37,2025-08-04
4390,Steven,Barnett,uroberts@example.org,42,WA,15526.38,2025-03-14
4391,Crystal,Cole,xboyd@example.net,82,IL,14810.18,2022-08-27
4392,Jessica,Anderson,cynthiaarmstrong@example.org,40,TX,30923.55,2024-08-25
4393,Christina,Lawson,ericamiller@example.com,27,MA,4668.18,2021-09-29
4394,Frederick,Wheeler,katherine65@example.com,69,CT,7288.27,2025-07-12
4395,Erin,Luna,martinfoster@example.com,61,IL,17689.98,2026-01-07
4396,Jill,Warren,powellstephen@example.com,35,TX,5181.3,2024-02-07
4397,Thomas,Pitts,jwright@example.net,55,WA,28505.34,2023-06-04
4398,Christina,Zamora,hallmatthew@example.com,28,CA,49971.94,2022-05-13
4399,Terry,Jackson,nguyenashlee@example.com,74,NJ,12295.18,2022-11-04
4400,Erica,Phillips,mperez@example.com,37,CT,1317.96,2024-09-15
4401,Sally,Roberts,angelabailey@example.net,46,MA,12267.59,2023-01-23
4402,Michael,Osborne,james70@example.net,46,FL,32394.75,2024-02-01
4403,Anthony,Hernandez,smithdwayne@example.com,45,PA,620.92,2026-05-02
4404,Omar,Bennett,michaelmyers@example.com,49,NJ,42876.57,2022-08-28
4405,Janet,Lopez,justinwagner@example.com,79,FL,20726.29,2024-06-14
4406,Carmen,Jones,gsmith@example.net,42,TX,9302.9,2022-04-02
4407,Carrie,Turner,ufoster@example.org,84,WA,19980.84,2025-05-16
4408,Jared,Trevino,roberttorres@example.com,67,CT,35337.3,2025-07-02
4409,Angela,Duncan,elizabethpalmer@example.net,64,CT,21565.74,2023-06-13
4410,Sheila,Davis,ynorton@example.net,64,MA,16007.74,2024-12-26
4411,Carol,Simpson,xcarter@example.net,63,NY,47904.55,2024-12-01
4412,Michael,Herring,smithmichael@example.com,35,CA,42997.23,2025-09-15
4413,Jennifer,Barnes,jonathan73@example.net,49,IL,28947.92,2026-06-08
4414,Jesus,Alexander,manningkristin@example.net,30,IL,35417.7,2023-04-05
4415,Walter,Armstrong,,58,NY,40362.68,2022-08-03
4416,Amy,Shannon,lramos@example.net,47,CA,35878.23,2026-03-31
4417,Amber,Young,qhill@example.com,46,FL,13456.67,2021-11-06
4418,Lori,Romero,wesleyfoster@example.net,24,FL,30940.3,2023-04-01
4419,Edward,Williams,zramirez@example.net,81,WA,21809.21,2026-05-24
4420,Gabriel,Arias,kim35@example.com,39,NJ,27997.94,2024-04-10
4421,Brooke,Thompson,lopezcurtis@example.com,25,CA,23831.32,2023-07-30
4422,Lynn,Gordon,smithamy@example.org,36,NY,34100.35,2023-04-14
4423,Kyle,Howell,tsimmons@example.net,26,CT,28487.68,2025-08-23
4424,Jason,Powell,bhill@example.net,21,WA,24540.49,2026-03-15
4425,David,Harmon,simmonsjacob@example.org,-1,TX,10760.21,2025-09-11
4426,Bradley,Webster,whale@example.net,75,CT,26919.79,2025-07-29
4427,Jennifer,Dawson,littlerebecca@example.org,56,CA,11628.22,2021-11-04
4428,Maria,Martinez,jasonwatson@example.net,83,TX,7211.65,2023-09-18
4429,Jennifer,Morales,briggszachary@example.com,58,NJ,48544.43,2025-05-18
4430,Katie,Johnson,kristen73@example.net,24,CA,29372.38,2021-09-09
4431,Victoria,Wilkerson,lopezkelly@example.com,27,WA,3181.44,2025-11-30
4432,Cody,Weaver,angelica61@example.net,70,PA,36627.82,2023-02-09
4433,Ashley,Lane,robingarrett@example.net,49,WA,38686.71,2023-07-02
4434,Natalie,Rogers,powersjodi@example.net,40,PA,1474.38,2022-09-29
4435,Sarah,Jenkins,bmiller@example.net,81,NY,16589.51,2024-02-04
4436,Timothy,Herrera,chelsey29@example.org,250,TX,28700.14,2025-03-02
4437,Karen,Gould,andre19@example.com,67,TX,19064.54,2022-01-18
4438,Sydney,Robinson,charleslee@example.net,78,PA,42363.28,2023-05-25
4439,Suzanne,Williams,blake03@example.com,41,NY,15559.77,2025-12-30
4440,Charles,Hickman,jcox@example.com,40,TX,43953.23,2023-07-24
4441,Jennifer,Scott,,81,NY,9228.32,2026-03-23
4442,Stacey,White,vmccormick@example.org,69,MA,11332.01,2025-03-27
4443,Debra,Rangel,xvargas@example.org,28,CA,22586.37,2023-10-12
4444,Tracy,Davis,wilsonryan@example.net,30,IL,12888.39,2021-12-12
4445,Christopher,Martinez,michellepage@example.org,25,IL,2957.31,2026-01-03
4446,Christina,Franklin,jameswhite@example.com,65,NY,8425.66,2024-07-20
4447,Julie,Mack,brianfrench@example.org,85,NJ,233.05,2022-03-17
4448,Justin,Bates,speters@example.net,67,XX,1382.68,2025-02-19
4449,Wendy,Ochoa,keithjane@example.net,65,NY,47785.59,2022-03-03
4450,Kathryn,Dalton,rasmussenmichael@example.com,42,WA,24910.07,2022-06-13
4451,Calvin,Webster,laurasmith@example.org,45,CA,4848.29,2023-08-28
4452,Joshua,Garcia,,37,WA,18708.42,2025-10-31
4453,Nancy,Miles,qmeadows@example.org,40,FL,35318.38,2025-08-27
4454,Andrea,Young,qelliott@example.com,40,IL,7442.49,2024-06-18
4455,Michael,Wilkins,garzalisa@example.net,74,NJ,31104.13,2023-04-18
4456,Regina,Mason,scarey@example.com,33,CT,46751.63,2022-12-11
4457,Raymond,Wheeler,gabriellelittle@example.com,31,CA,34151.6,2024-06-28
4458,Billy,Scott,christian29@example.net,84,PA,45011.53,2021-09-17
4459,Christine,Gibson,lvelez@example.com,81,MA,30175.17,2025-11-15
4460,Emily,Burton,shawn69@example.org,61,FL,46430.32,2026-01-09
4461,Lindsay,Lee,myersmelissa@example.com,67,FL,47200.56,2024-02-10
4462,Alice,Mccoy,,26,CA,12311.11,2023-07-05
4463,April,Aguilar,taylorkimberly@example.net,36,MA,48019.35,2023-07-27
4464,Chelsea,Griffin,wmiller@example.com,80,MA,39702.7,not-a-date
4465,Kayla,Fernandez,msmith@example.com,23,INVALID,2931.21,2024-08-13
4466,David,Morton,mwalter@example.net,79,WA,4939.02,2026-08-16
4467,Emily,Webb,martinezmike@example.org,-10,NY,33175.63,2025-10-30
4468,Julie,Underwood,bradley15@example.com,59,IL,28149.83,2026-05-24
4469,Jamie,Love,marcohill@example.org,84,TX,37846.17,2023-05-02
4470,Matthew,Newton,smithmanuel@example.net,43,CT,16015.82,2025-10-27
4471,Kyle,Myers,chavezdaniel@example.org,75,MA,14647.96,2023-05-01
4472,Edward,Garrett,marksaunders@example.org,72,TX,21756.94,2025-03-24
4473,Zachary,Watson,nsmith@example.net,28,FL,1191.71,2022-10-13
4474,Elizabeth,Allen,jessicadawson@example.org,31,CA,28062.65,2024-08-27
4475,Nicole,Morse,sabrina31@example.com,67,CT,24880.73,2026-03-06
4476,Danielle,Jones,aguirreamanda@example.com,54,NJ,26377.51,2024-03-11
4477,Joseph,Meadows,erinreid@example.com,23,MA,47338.99,2024-08-04
4478,Amy,Norris,brandon21@example.org,57,WA,37392.57,2023-10-08
4479,Alyssa,Perez,travisbentley@example.net,40,CA,36962.85,2026-02-20
4480,Zachary,Shaw,choilinda@example.net,21,NJ,48338.41,2023-07-19
4481,Michelle,Martin,dcooper@example.net,67,MA,17588.28,2025-06-30
4482,Kari,Graham,erinward@example.com,24,TX,36927.0,2023-11-22
4483,Justin,Raymond,michelle63@example.net,85,PA,25437.28,2023-02-19
4484,Alexandra,Patel,kaitlyngay@example.net,23,MA,4932.54,2022-05-18
4485,Lance,Adkins,danielleharris@example.org,41,MA,35620.53,2021-12-20
4486,Steven,Fox,angelarivera@example.org,27,MA,24763.76,2022-11-21
4487,Michael,Spencer,williamruiz@example.org,19,NJ,46104.32,2026-07-27
4488,Scott,Kennedy,therman@example.org,44,NY,46215.61,2024-04-17
4489,Amber,Booker,manuel87@example.org,18,MA,32979.71,2025-03-31
4490,David,Garrett,jared36@example.net,60,PA,49354.27,2023-06-07
4491,Jake,Watson,invalid-email,47,CA,45879.18,2021-10-20
4492,Maureen,Joseph,scottstephanie@example.org,69,NJ,7796.45,2021-08-25
4493,Lori,Smith,smiller@example.com,49,WA,33426.64,2022-05-06
4494,Kristina,Harper,michael74@example.com,72,WA,35508.62,2026-04-16
4495,Jason,Larson,hdavis@example.net,57,MA,47013.64,not-a-date
4496,Jeremy,Cardenas,kristen72@example.net,52,TX,34514.06,2023-10-17
4497,Christina,Johnson,bradyjulie@example.net,71,TX,18856.59,2023-02-22
4498,Kelly,Greene,tdiaz@example.net,42,FL,12671.27,2025-02-19
4499,Lisa,Love,grossalexandra@example.org,19,TX,2089.97,2025-10-27
4500,Thomas,Powell,,75,PA,33148.15,2024-02-16
4501,Jonathan,Bryant,zacharyhenry@example.com,46,NY,31879.85,2024-07-19
4502,Brandon,Gillespie,davidjackson@example.org,32,PA,45110.86,2025-12-27
4503,Marc,Hawkins,csmith@example.org,80,NY,9167.93,2025-01-22
4504,Tina,Dennis,laurenpeters@example.com,59,PA,47175.16,2023-12-07
4505,Jennifer,Crawford,stevensjeffrey@example.com,50,TX,14240.34,2023-09-09
4506,Whitney,Farmer,rsmith@example.com,54,CT,42775.4,2023-07-09
4507,Jennifer,Martin,davidrasmussen@example.net,51,NY,38049.46,2024-11-09
4508,David,Carpenter,michelegordon@example.net,68,MA,47510.45,2022-06-16
4509,Angela,Green,qanderson@example.net,81,MA,6355.75,2025-08-02
4510,Carol,Gonzalez,escobarjennifer@example.com,22,FL,23940.99,2024-11-07
4511,Yesenia,Jordan,eileenjohnson@example.com,32,MA,1901.56,2023-08-21
4512,Tammy,Johnson,amy31@example.org,67,PA,4180.4,2022-08-23
4513,Denise,Baker,adriana49@example.net,26,MA,21797.43,2022-02-02
4514,Tammy,Barrett,jbell@example.com,65,FL,36917.32,2022-07-16
4515,Anthony,Price,taylorfleming@example.com,74,WA,38456.33,2025-06-02
4516,Andrew,Hansen,kristinaking@example.net,82,MA,38427.46,2022-02-08
4517,Hannah,Barber,sara85@example.net,58,NJ,28440.07,2026-04-17
4518,Garrett,Dean,mberry@example.org,37,CA,42974.38,2022-09-04
4519,Melissa,Lee,frogers@example.org,50,PA,17505.86,2024-01-29
4520,Steven,Stone,kfreeman@example.org,43,NJ,19565.59,2023-06-09
4521,Angelica,Jones,christopher49@example.org,37,CT,25279.73,2024-07-22
4522,Jeffrey,Cervantes,choidenise@example.com,46,PA,31360.68,2022-07-12
4523,Kristin,Wyatt,jameslawson@example.net,60,FL,1265.48,2025-09-09
4524,Melissa,Wilson,johnsoncharles@example.org,74,NY,42171.12,2024-09-06
4525,Matthew,Fox,parkerisaac@example.org,85,CT,27842.66,2023-09-11
4526,John,Montgomery,greenbrenda@example.org,36,IL,48208.83,2022-01-25
4527,Michelle,Warren,ydavis@example.com,25,NY,34238.14,2025-10-05
4528,Jane,Smith,,70,IL,26713.69,2024-04-13
4529,Sandra,James,omurray@example.com,39,CA,18518.61,2023-11-22
4530,Tiffany,Silva,zwilson@example.org,36,NY,34215.83,2025-06-10
4531,Stephen,Reynolds,emilybrown@example.net,18,TX,171.05,2025-08-16
4532,Ashley,Gonzales,paulapruitt@example.net,25,TX,38434.77,2026-07-22
4533,Dale,Richard,michael79@example.org,33,MA,38108.81,2022-06-01
4534,Nancy,Owens,,22,WA,27279.13,2024-09-22
4535,Martha,Owens,zharris@example.org,20,FL,46860.55,2025-04-13
4536,Melissa,Smith,aromero@example.net,67,CT,34280.5,2024-05-23
4537,Amanda,Davidson,cwebster@example.net,67,FL,45512.05,2023-05-07
4538,Cassidy,Gonzalez,vincent79@example.com,48,FL,30630.43,2025-10-12
4539,Stacy,Moon,fhill@example.org,62,FL,23956.45,2022-06-22
4540,James,Burns,zbarrett@example.com,37,FL,26822.73,2024-08-09
4541,Lindsey,Lindsey,,64,MA,7220.37,2022-12-05
4542,Brandy,Baker,wgarner@example.com,40,TX,49957.02,2025-11-04
4543,Lisa,Allen,umeadows@example.net,38,CA,37000.28,2021-10-23
4544,Danielle,King,john72@example.net,73,CT,7199.19,2024-11-13
4545,Angie,Nelson,oedwards@example.net,76,TX,35534.29,2024-10-01
4546,Marvin,Johnson,wballard@example.com,47,TX,6251.21,2024-05-27
4547,Shelly,Mejia,xwarren@example.org,63,MA,47094.05,2024-04-17
4548,James,Ferguson,lcarpenter@example.net,71,TX,23029.08,2024-09-01
4549,John,Burke,theresa80@example.net,75,ZZ,47618.71,2026-03-24
4550,Lisa,Johnson,stephenbrown@example.com,77,CA,16890.07,2022-01-25
4551,Aaron,Hobbs,gregorymayo@example.com,69,PA,36165.39,2025-10-28
4552,Leon,Williams,rickblack@example.net,44,MA,10847.97,2023-11-22
4553,Bonnie,Harris,sandra74@example.net,42,WA,9730.1,2023-10-08
4554,Heather,Cuevas,vshields@example.org,64,FL,27410.28,2022-11-14
4555,Melissa,Lynn,ygonzalez@example.net,70,CA,32200.0,2024-09-23
4556,Joseph,Rogers,kimberlyerickson@example.net,45,TX,7066.57,2023-01-19
4557,Lisa,Brown,smithcourtney@example.com,31,IL,32611.87,2021-11-09
4558,Linda,Rodriguez,danny48@example.com,56,WA,20605.89,2024-08-04
4559,Steven,Knight,mharris@example.org,43,MA,16884.16,2025-12-12
4560,Andrew,Miller,jason57@example.net,38,TX,46856.1,2023-06-28
4561,Janice,Kennedy,melissajohnson@example.com,73,PA,47159.96,2024-12-22
4562,Kayla,Parks,,21,MA,19298.53,2021-10-10
4563,Richard,Rose,,40,CT,49181.63,2022-01-21
4564,Meghan,Lyons,pughcarol@example.org,37,TX,28753.46,2026-01-18
4565,Raymond,Davis,ashleyanderson@example.com,43,PA,20564.49,2023-12-10
4566,Michael,Newman,susan13@example.org,77,MA,43401.5,2024-02-15
4567,Savannah,Griffin,sabrina80@example.com,34,FL,15810.73,2024-07-11
4568,Katherine,Burton,xkirk@example.org,85,XX,33809.47,2026-01-24
4569,Lori,Adams,djohnson@example.net,26,NY,1073.3,2022-08-28
4570,Amanda,Brewer,rschmidt@example.net,24,CA,42630.05,2026-06-24
4571,Linda,Perez,steven65@example.net,58,CA,10150.35,2023-01-21
4572,Erika,Parrish,christine72@example.net,37,MA,15378.09,2021-12-02
4573,Alejandro,Wilson,gspencer@example.org,26,CA,31161.58,2025-08-04
4574,Kristi,Lara,john16@example.com,58,WA,45225.76,2025-05-09
4575,Mark,Weber,stacy40@example.net,75,FL,16931.04,2024-06-10
4576,Ashley,Stewart,andrewforbes@example.net,40,CT,15162.02,2021-10-19
4577,Connie,Watson,kirkmallory@example.org,38,PA,8162.84,2023-10-01
4578,Colleen,Brown,erik02@example.net,33,IL,45511.57,2026-05-16
4579,Dominique,Morales,jefferychung@example.org,70,PA,28083.2,2026-03-09
4580,Michael,Brandt,joseph03@example.org,78,CT,34498.19,2023-11-01
4581,Dawn,Wilson,joshua02@example.net,49,NY,33193.45,2023-12-12
4582,Sandra,Johnson,michelleburton@example.com,36,FL,4853.45,2022-09-15
4583,Angela,Morse,johnsondavid@example.org,23,PA,44011.59,2024-12-14
4584,Amanda,Lyons,imahoney@example.org,-10,TX,23844.0,2023-02-19
4585,Nancy,Casey,knightrenee@example.org,20,WA,34406.07,2026-03-07
4586,Michael,Schmidt,hrobinson@example.com,64,FL,29244.56,2023-11-07
4587,Makayla,Greene,brendafox@example.net,41,FL,44699.4,2022-05-20
4588,Mariah,Rivera,joel15@example.org,80,WA,17191.44,2024-04-23
4589,Todd,Heath,kathyberg@example.com,61,NY,44324.54,2026-04-17
4590,Melissa,Matthews,gordonjack@example.com,26,PA,6747.17,2023-06-17
4591,Stuart,Barnes,rogersmatthew@example.org,56,TX,-3832.48,2022-11-07
4592,Sharon,Martinez,nluna@example.com,32,MA,48078.76,2025-11-09
4593,Jose,Shaw,zgarcia@example.com,59,CT,35570.41,2021-09-15
4594,Jeanette,Phillips,brenda15@example.net,28,CA,30140.63,2021-10-13
4595,Ashley,Pena,richard40@example.org,81,NJ,31093.11,2026-03-22
4596,Anthony,Cantu,xlarson@example.com,71,PA,18260.8,2025-07-21
4597,Carolyn,Marsh,michealcook@example.net,50,MA,25671.14,2022-01-08
4598,Bryan,Sherman,elizabethgriffin@example.com,84,NJ,24480.45,2023-02-18
4599,Katrina,Hayes,rpeck@example.com,39,NJ,32470.26,2024-07-03
4600,Hector,Campbell,martinezwillie@example.org,57,CT,22446.55,2025-11-21
4601,Jill,Burnett,,73,CA,2022.79,2021-09-19
4602,Bryan,Mitchell,patricia94@example.net,76,NY,16645.94,2025-10-17
4603,Ashley,Mclaughlin,umosley@example.org,22,PA,43602.0,not-a-date
4604,David,Byrd,kristin71@example.org,19,WA,960.61,2023-04-13
4605,Brenda,Cooper,conradkimberly@example.com,66,MA,45226.74,2023-11-13
4606,Claire,Moody,yturner@example.org,66,TX,1799.16,2026-03-10
4607,Valerie,Henry,msanders@example.org,52,TX,16781.75,2026-05-05
4608,Lisa,Fry,joshuacrawford@example.net,83,TX,20359.75,2025-09-23
4609,Brian,Campbell,matthew34@example.com,61,PA,47145.31,2023-05-30
4610,Tabitha,Barron,sandra21@example.com,51,IL,9645.17,2026-08-05
4611,Stephanie,Alvarado,nathancordova@example.net,54,CT,4165.31,2024-01-19
4612,Tara,Duran,jhicks@example.net,75,NY,40273.76,2023-05-31
4613,Alan,Hinton,johnsonrobert@example.net,58,IL,44790.96,2021-11-19
4614,James,Wells,renee78@example.com,20,PA,40311.33,2025-06-18
4615,Clayton,Robbins,oaguilar@example.com,31,MA,3720.73,2024-05-30
4616,Paige,Osborne,monicabarnett@example.com,65,NY,7700.31,2021-10-23
4617,Barbara,Stuart,debbie01@example.org,48,NY,43184.52,2023-06-23
4618,Kristy,Arnold,davismike@example.org,19,NJ,36825.18,2022-07-01
4619,Evan,Mitchell,carrjames@example.net,61,WA,3519.14,2025-04-20
4620,Jasmine,Shepard,lsanchez@example.org,76,CA,39306.58,2022-07-22
4621,Aaron,Caldwell,amyfields@example.net,31,WA,6098.92,2022-06-24
4622,Diana,Crane,allisoncampbell@example.com,35,MA,45900.11,2024-03-25
4623,Karen,Gutierrez,preynolds@example.net,28,PA,4585.19,2026-01-16
4624,Nicole,Brock,stephenskerry@example.net,29,NJ,21648.47,2022-02-04
4625,Kelly,Newton,egraham@example.com,47,MA,2499.93,2022-05-18
4626,Lisa,Parker,scottdeborah@example.org,28,TX,16020.25,2025-06-19
4627,Kathy,Gill,crussell@example.net,85,MA,23802.21,2025-07-23
4628,Mark,Davis,twallace@example.com,43,FL,30272.89,2024-09-05
4629,Gary,Price,invalid-email,41,FL,14403.17,2023-07-21
4630,Chelsea,Mcgrath,john55@example.com,25,FL,9246.39,2023-08-25
4631,Desiree,Gonzalez,alejandro26@example.net,18,NY,8792.55,2025-06-05
4632,Melanie,Mcmillan,ladams@example.com,43,CT,7194.64,2023-08-02
4633,Elizabeth,Morton,benjamindavid@example.net,42,NY,35143.4,2022-07-17
4634,Don,Harrington,johnbarton@example.net,27,MA,9352.4,2026-07-04
4635,Debbie,Adams,dtaylor@example.org,59,MA,8121.18,2023-12-21
4636,Jerry,Mann,brian61@example.org,55,WA,20614.1,2024-03-16
4637,Travis,Turner,tyler30@example.com,54,MA,21326.17,2025-07-27
4638,Mark,Cruz,emma76@example.net,62,MA,26527.54,2025-09-24
4639,Sabrina,Pollard,jshaw@example.net,50,CT,37714.85,2021-08-22
4640,Olivia,Rogers,sabrinawalsh@example.com,26,NJ,3139.15,2024-11-21
4641,Jose,Scott,jason63@example.org,62,NJ,30992.27,2023-12-20
4642,Michael,Rodriguez,invalid-email,73,NY,33701.75,2022-07-09
4643,Bryan,Hernandez,dramos@example.net,75,NJ,48858.38,2022-02-17
4644,Miguel,Williams,christopher91@example.net,29,CA,29406.93,2026-06-28
4645,Michael,Raymond,ballardrobert@example.net,64,WA,33909.78,2022-02-20
4646,Jeffrey,Koch,brandon14@example.org,26,WA,13121.87,2026-03-13
4647,Marissa,Mckinney,anolan@example.net,58,FL,17905.63,2026-08-11
4648,Jacob,Burns,chandavid@example.org,79,CA,24984.75,2024-05-16
4649,Aaron,Williams,doyletravis@example.org,80,CA,27295.85,2023-06-14
4650,David,Miller,michael49@example.com,42,MA,29361.46,2023-06-11
4651,Carmen,Cook,thomaswarner@example.com,23,CA,20486.62,2024-09-18
4652,Ruben,Bernard,jason83@example.org,77,CA,46172.3,2023-03-12
4653,Michelle,Burton,vdennis@example.net,69,FL,43434.12,2023-06-19
4654,Jeffrey,Patterson,larsoneric@example.org,77,FL,7634.24,2022-03-05
4655,Andrea,Bryant,linda37@example.org,67,TX,47481.71,2023-01-17
4656,Sergio,Levy,bradleysanchez@example.net,35,CA,19072.87,2022-04-06
4657,Julian,Marsh,robertjenkins@example.com,37,TX,18285.5,2025-11-29
4658,Gregory,Harris,strongtammy@example.com,73,ZZ,7551.93,2024-03-08
4659,Robert,Thomas,vnguyen@example.org,41,MA,4742.31,2023-09-27
4660,Shelby,Shannon,richardsnow@example.net,68,FL,7494.99,2021-12-01
4661,Shawn,Edwards,smithsusan@example.net,61,MA,1084.03,2025-11-10
4662,Samantha,Leblanc,lwilliams@example.org,68,PA,-4654.05,2023-03-25
4663,Summer,Barton,,53,MA,9497.3,2023-11-25
4664,Hailey,Harris,teresadiaz@example.org,81,TX,21755.38,2024-07-03
4665,Jerome,Horton,alvingrimes@example.com,38,FL,48455.0,2024-04-12
4666,Jessica,Haynes,invalid-email,25,CA,48071.97,2025-09-20
4667,Peggy,Perkins,,26,CA,35301.21,2022-10-08
4668,Dylan,Thompson,robert85@example.net,55,PA,11757.62,2026-04-12
4669,Mark,Rodriguez,thomasaustin@example.org,81,MA,20817.27,2025-11-30
4670,Denise,Brown,amy05@example.org,19,CT,31575.43,2021-11-18
4671,Jeffrey,Mitchell,jennifer36@example.org,61,CT,34202.88,2025-06-14
4672,Adam,Olson,holly37@example.net,72,WA,6092.37,2025-12-26
4673,Aaron,Weiss,david43@example.com,34,IL,14094.86,2026-04-12
4674,Antonio,Lucas,hartmanalex@example.net,65,PA,18478.38,2022-12-24
4675,Bryan,Fuentes,jane92@example.net,78,NY,885.49,2026-02-15
4676,Mary,Walker,samanthaburton@example.net,65,TX,12305.49,2025-05-10
4677,Christopher,May,oscar17@example.com,59,MA,45507.31,2024-08-28
4678,Nicholas,Gomez,snyderjodi@example.net,58,FL,39340.31,2025-07-03
4679,John,Gallagher,pollardgina@example.net,61,WA,39690.9,2023-06-13
4680,Marcia,Miller,jobrien@example.org,42,PA,48273.7,2022-11-13
4681,Debra,Freeman,wandabennett@example.net,47,WA,30469.36,2024-02-17
4682,April,Reeves,jennifer06@example.com,49,FL,28164.9,2025-02-25
4683,Laurie,Phillips,maria59@example.org,20,CA,25548.02,2026-04-16
4684,Miguel,Smith,yphelps@example.com,30,TX,37509.62,2021-08-31
4685,Jose,White,harrisonnicole@example.com,59,NY,26461.78,2023-10-05
4686,Denise,Griffith,qrodriguez@example.org,77,WA,45021.53,2023-09-08
4687,Kathleen,Spence,efrench@example.org,52,NY,22474.25,2024-06-09
4688,William,Grimes,johnsoncatherine@example.org,250,CT,35595.38,2023-10-24
4689,Aaron,Banks,megan08@example.org,64,NJ,23687.35,2024-11-25
4690,Brandon,Brennan,victorsullivan@example.org,46,NJ,-2862.83,2024-04-08
4691,Melvin,Anthony,fmarshall@example.com,79,IL,7306.01,2025-07-23
4692,Christopher,Lambert,yanderson@example.net,52,ZZ,24234.89,2022-04-12
4693,Susan,Garcia,ronald96@example.com,58,WA,44160.68,2023-10-20
4694,Tamara,Cole,suzanne56@example.net,43,MA,47886.28,2025-08-16
4695,Gina,Mooney,edwardgomez@example.org,33,INVALID,36671.0,2026-06-27
4696,Micheal,Allen,urobles@example.net,42,IL,39942.42,2025-07-18
4697,Chelsea,Bell,crawforddaniel@example.com,54,MA,39535.47,2025-05-14
4698,Natasha,Sharp,mfowler@example.com,72,NJ,14908.85,2024-05-04
4699,Andrea,Simon,qacosta@example.net,44,PA,14805.17,2023-11-17
4700,Tina,Porter,nathanielmercer@example.net,21,TX,3935.48,2024-12-19
4701,Sierra,Pena,javier35@example.com,77,PA,22334.25,2024-08-27
4702,Brittany,Walton,michaelmejia@example.org,66,IL,7848.92,2024-09-09
4703,Bryan,James,ronald91@example.org,74,CA,5387.24,2023-07-17
4704,Travis,Ray,khayden@example.org,53,FL,13797.47,2022-09-08
4705,John,Johnson,sanchezangela@example.net,76,CT,8145.05,2022-09-19
4706,Manuel,Long,zacharyrojas@example.com,34,CA,47805.28,2023-07-03
4707,Joe,Cameron,rodneyjackson@example.org,33,NJ,43386.88,2024-08-15
4708,Joshua,Dunn,gking@example.org,79,CA,7087.64,2022-03-14
4709,Angelica,Powell,,66,IL,1273.26,2022-10-14
4710,Teresa,Owen,bethmiller@example.net,73,CA,19776.88,2023-12-07
4711,Ryan,Bullock,mcguireashley@example.com,59,WA,41803.67,2025-01-22
4712,Lisa,Gonzales,stewarttammy@example.net,22,CT,16200.71,2024-12-07
4713,Jenny,Norman,ellisjames@example.org,23,IL,2792.96,2024-12-23
4714,Jason,Davidson,michaelshaw@example.net,34,FL,3193.9,2022-01-05
4715,Hannah,Simpson,vincentdonald@example.com,26,PA,7578.5,2022-06-03
4716,Christine,Robertson,oscarmiles@example.com,84,PA,47006.14,2023-11-20
4717,Michael,Butler,james91@example.com,48,NY,37732.98,2024-04-23
4718,Pamela,Gibbs,drakeamanda@example.com,63,CA,4057.94,2021-09-18
4719,Ashley,Nelson,joseph10@example.net,61,NY,24622.79,2021-12-20
4720,Kevin,Hodge,mgreen@example.com,25,IL,20817.65,2023-01-09
4721,Brenda,Wilson,rodriguezalicia@example.org,68,PA,27404.88,2024-02-27
4722,Natalie,Mendez,lewiseric@example.net,29,MA,22424.91,2024-07-25
4723,Mike,Maddox,jason48@example.net,32,CT,11369.81,2022-01-07
4724,Christopher,Moran,wyattkevin@example.com,25,IL,1211.26,2023-08-11
4725,Dawn,Harrell,rmitchell@example.org,46,FL,2119.74,2023-07-22
4726,Kevin,Everett,justin20@example.org,46,MA,47498.3,2026-06-10
4727,Maria,Peterson,laura92@example.org,35,IL,15972.95,2024-12-13
4728,Ashley,Smith,potterjohn@example.com,67,TX,962.79,2022-10-11
4729,Paul,Gentry,marissa47@example.net,55,FL,1175.66,2021-11-17
4730,Ebony,Butler,sarafox@example.org,71,IL,3398.08,2021-11-21
4731,Belinda,Ayala,myersmatthew@example.org,43,WA,1800.28,2022-12-06
4732,Kathryn,Miller,aaronjackson@example.com,47,WA,24573.25,2024-10-18
4733,Tony,Ross,mrobertson@example.com,62,NY,29079.16,2023-10-24
4734,Elizabeth,Miller,joseph33@example.net,65,IL,44928.95,2022-08-14
4735,Philip,Simon,taylormatthew@example.net,39,TX,10638.92,2025-08-19
4736,Carlos,Conway,andrea79@example.org,18,WA,14070.86,2024-12-19
4737,Jessica,Dunn,padillagregory@example.com,65,IL,19420.99,2024-08-05
4738,George,Olsen,daycurtis@example.com,43,WA,12813.91,2022-06-07
4739,Brandi,Lawson,robertsjustin@example.org,43,CA,44896.41,2022-09-18
4740,William,Cox,lvalenzuela@example.org,68,NY,32523.13,2024-07-14
4741,Justin,Jackson,eric12@example.net,75,NJ,22277.17,2021-10-13
4742,Shannon,Wu,brettbarrera@example.net,83,TX,10229.5,2023-02-23
4743,Kyle,Montgomery,npowell@example.com,32,NJ,19372.6,2024-05-08
4744,Hannah,Thomas,sheilagreene@example.org,31,MA,10007.13,2024-12-10
4745,Stephen,Barnett,gentrylarry@example.com,56,MA,44332.61,2025-02-06
4746,Barbara,Ferrell,james21@example.net,56,CA,23188.99,2024-11-27
4747,Patricia,Garcia,holmesnicole@example.org,47,WA,44510.33,2022-02-21
4748,Richard,Rich,paigeyoung@example.org,50,MA,25554.97,2024-05-07
4749,Sarah,Dudley,dylanbarber@example.net,57,NJ,10821.18,2026-03-28
4750,Ralph,Bender,obass@example.org,41,CA,10317.63,2026-08-18
4751,Eric,Cooley,john42@example.org,67,CA,22894.22,2024-04-25
4752,Scott,Williams,bwells@example.com,68,WA,37692.93,2025-06-30
4753,Christine,Dennis,bbowman@example.net,80,FL,28041.49,2023-08-10
4754,Terry,Williams,,54,MA,3883.71,2021-10-30
4755,Debra,White,megan00@example.org,31,NJ,42634.07,2025-10-18
4756,Holly,Khan,melissa09@example.net,24,NJ,47339.36,2025-12-12
4757,Tammy,Thomas,ibrock@example.com,18,CT,22253.03,2023-01-06
4758,Ryan,Roberts,kimlisa@example.net,38,NY,2676.89,2024-08-05
4759,Jared,Thompson,wgoodwin@example.net,45,MA,48547.01,2025-03-14
4760,Beverly,Flores,jeffreysandoval@example.net,65,NY,13998.93,2022-06-24
4761,Sarah,Ray,qwong@example.net,20,CT,38522.18,not-a-date
4762,Mary,Dunn,,33,CT,7091.9,2026-03-24
4763,Joshua,Curtis,michaelsloan@example.net,76,MA,6016.25,2022-10-15
4764,Adriana,Guzman,chadmiller@example.com,21,FL,8729.06,2025-01-15
4765,Brittany,Craig,lucasedwards@example.com,32,NY,36240.45,2025-03-26
4766,Michael,Briggs,simpsonnicholas@example.net,76,WA,34745.93,2024-06-04
4767,Samantha,Barrera,donna99@example.com,52,CT,1127.95,2022-08-15
4768,Michael,Gray,abush@example.org,79,NY,36571.7,2025-06-23
4769,John,Michael,rhonda51@example.net,37,MA,3257.89,2025-07-16
4770,Jonathan,Ramirez,joshua22@example.com,130,NJ,1858.06,2024-07-18
4771,Matthew,Gonzalez,jeannewton@example.net,73,FL,20621.21,2021-12-19
4772,Kelly,Perkins,donnagomez@example.net,19,WA,44870.41,2025-02-25
4773,Sabrina,Johnson,vjimenez@example.org,26,CT,35495.09,2024-12-29
4774,Tiffany,Roman,wperez@example.com,79,MA,40097.05,2025-04-21
4775,Alejandro,Castaneda,kingtravis@example.com,21,CT,48159.48,2026-01-18
4776,Rebecca,Taylor,dennis78@example.com,42,MA,34483.76,2025-12-22
4777,Susan,Kaiser,nicolemckenzie@example.org,18,NJ,43676.04,2022-09-18
4778,Margaret,Rodriguez,alexanderolivia@example.net,73,IL,47607.32,2025-09-17
4779,Desiree,Hudson,,80,MA,35778.47,2023-11-06
4780,Evelyn,Curry,stephaniewilson@example.org,24,CT,18201.74,2023-11-03
4781,Logan,Perkins,katherinejimenez@example.org,65,FL,41035.71,2021-12-25
4782,Kevin,Skinner,johntravis@example.org,38,CA,32930.07,2026-08-13
4783,William,Martin,brianreynolds@example.com,65,IL,27038.35,2025-07-16
4784,Bonnie,Green,johnsonlisa@example.net,59,CA,20350.08,2022-02-09
4785,Laurie,Sanchez,invalid-email,69,CA,23374.21,2022-02-04
4786,Benjamin,Williams,masonkevin@example.net,62,CT,7381.66,2022-11-23
4787,Amy,West,aprilcompton@example.org,81,IL,20391.29,2023-10-03
4788,Andrea,Patel,isaiahbrown@example.net,73,NY,30107.59,2024-08-31
4789,Timothy,Melendez,clarkdavid@example.org,35,CA,46235.95,2023-01-12
4790,Dawn,Beck,jason34@example.com,77,FL,37685.17,2022-04-12
4791,Bradley,Ward,ballardkelly@example.com,39,NJ,17172.69,2021-08-22
4792,Alexander,Carter,davidrogers@example.com,36,WA,17082.49,2026-06-07
4793,Spencer,Turner,lekathleen@example.org,38,WA,6976.07,2025-01-20
4794,David,Hall,rodney72@example.net,44,TX,4087.17,2022-01-21
4795,Nicholas,Norman,despinoza@example.com,71,NY,49525.2,2023-10-01
4796,Jill,Hardin,robinsontimothy@example.net,23,IL,5190.77,2022-01-05
4797,Kristine,Obrien,patelaudrey@example.net,18,CT,46725.26,2023-11-30
4798,Cynthia,Martin,william30@example.com,39,MA,34200.53,2023-06-09
4799,Brenda,Flores,znoble@example.org,60,FL,5846.07,2024-11-09
4800,Kristy,Clayton,juanryan@example.net,65,IL,46846.4,2021-10-13
4801,Suzanne,Riley,umaxwell@example.net,84,INVALID,10953.57,2021-10-31
4802,Connie,Pope,nancy58@example.com,62,TX,34390.05,2024-09-24
4803,Rebecca,Rodriguez,john62@example.org,31,MA,32023.47,2023-06-10
4804,Joshua,Torres,katiesilva@example.com,76,XX,41717.46,2022-01-14
4805,Anna,King,uperez@example.com,42,NJ,44659.18,2026-02-11
4806,Alan,Rowland,estuart@example.com,82,NY,24760.15,2022-08-14
4807,Angelica,Ramirez,mcdanielmichael@example.net,27,CT,12091.67,2024-11-16
4808,Jennifer,Campos,joseph07@example.net,69,CT,41261.6,2025-03-04
4809,Erica,Bryant,dawnmerritt@example.org,30,MA,1175.28,2026-07-05
4810,Lauren,Farmer,yangstanley@example.org,21,CT,6053.78,2025-01-10
4811,Albert,Ramirez,troy11@example.org,41,NY,3351.09,2023-02-09
4812,Daniel,Wallace,amedina@example.com,75,NY,21095.88,2022-02-08
4813,Pam,Cisneros,andrea67@example.org,63,TX,528.42,2024-03-29
4814,Jonathan,Hill,smartinez@example.com,56,CA,19387.37,2025-10-01
4815,Susan,Brown,anna67@example.org,44,CT,21426.19,2022-03-17
4816,Alexis,Wilson,aowens@example.org,79,WA,29666.81,2022-11-04
4817,Mark,Frank,donna30@example.com,80,NJ,24999.74,2022-11-08
4818,Kyle,Bennett,kbarton@example.net,62,NJ,12789.11,2026-01-03
4819,Diane,Scott,fischerdanielle@example.org,78,TX,37645.9,2022-12-08
4820,Susan,Palmer,langscott@example.net,30,TX,34429.56,2026-01-09
4821,Vincent,Lawrence,joseskinner@example.org,62,FL,49731.92,2023-01-19
4822,Andrew,Wyatt,garciasarah@example.org,66,NJ,48138.41,2021-12-05
4823,William,Saunders,john31@example.com,29,FL,12607.82,2026-03-31
4824,Hannah,Ochoa,hicksdavid@example.com,29,NY,12269.48,2023-06-20
4825,Christopher,Montoya,smithjoseph@example.com,30,FL,18992.56,2022-12-26
4826,Jessica,Moore,eshaffer@example.com,61,MA,30180.44,2021-10-09
4827,Lisa,Ponce,jason25@example.org,78,XX,16143.63,2026-01-04
4828,Emily,Harris,underwoodjonathan@example.net,75,MA,30685.86,2021-12-18
4829,Brittany,Mora,bowmananthony@example.org,30,NJ,34191.19,2024-01-29
4830,John,Morales,brianjohnson@example.org,21,IL,22221.5,2022-07-07
4831,Tiffany,Parker,deborahcoleman@example.com,82,PA,23159.0,2024-11-25
4832,Sophia,Goodman,lisa84@example.net,67,INVALID,32685.12,2022-04-24
4833,Kimberly,Wilson,,24,CT,29283.05,2024-12-21
4834,Christine,Baldwin,,84,FL,8695.93,2022-01-21
4835,Joshua,Wilcox,jason58@example.org,75,CT,42677.75,2023-08-22
4836,David,Davidson,brian14@example.net,23,CT,30056.02,2024-07-14
4837,Melissa,Collins,whitejames@example.org,72,NY,34340.37,2023-05-15
4838,Mitchell,Hall,william35@example.net,27,MA,24107.31,2022-06-28
4839,April,Rogers,fstewart@example.net,49,NJ,19365.18,2024-12-17
4840,Christopher,Parks,xstokes@example.com,40,TX,-2939.57,2025-07-29
4841,Lynn,Barr,henry77@example.com,41,MA,17003.52,2024-01-17
4842,Justin,Browning,lbaker@example.org,81,MA,35691.4,2021-10-19
4843,Ronald,Roman,grahampaul@example.net,32,NY,8221.66,2026-01-01
4844,Sandra,Price,vmartinez@example.net,34,WA,28138.54,2023-12-02
4845,Linda,Lang,oford@example.net,74,FL,18333.78,2023-05-23
4846,Denise,Roberts,,73,NJ,35420.44,2022-03-28
4847,Norma,King,xmoore@example.com,65,IL,-446.43,2025-09-06
4848,Michael,Gonzalez,wwilliams@example.com,78,NJ,-952.96,2021-12-07
4849,Mary,Mendez,donaldchen@example.com,72,NY,3258.77,2023-12-23
4850,Scott,Thomas,michaelhurley@example.org,51,CA,23731.28,2025-03-02
4851,Kenneth,Martinez,invalid-email,82,MA,45330.81,2023-06-29
4852,Debra,Hall,john98@example.net,35,NY,1205.46,2022-12-04
4853,Joseph,Moore,eric36@example.org,29,WA,9339.54,2025-07-25
4854,Victor,Lozano,vswanson@example.com,43,FL,32993.1,2024-08-27
4855,Kaitlyn,Gomez,megan81@example.org,65,IL,13150.33,2023-11-16
4856,James,Rodriguez,erin27@example.net,26,PA,29106.03,2022-03-01
4857,Jeremy,Horn,rachel23@example.net,32,IL,1987.79,2026-06-17
4858,Phillip,Wade,thomasgarcia@example.com,43,ZZ,15017.16,2026-03-23
4859,Joseph,Johnson,tiffany46@example.com,68,NJ,18592.93,2024-12-13
4860,Cory,Martin,fhall@example.org,83,NJ,5637.63,2026-06-16
4861,Michael,Pace,amandamorrison@example.org,52,WA,26525.96,2024-01-07
4862,Debra,Shelton,briana28@example.net,56,PA,15976.46,2026-05-15
4863,Scott,Velazquez,yhenry@example.com,49,FL,40061.26,2022-07-18
4864,Colleen,Flores,jay37@example.org,42,FL,23913.77,2025-04-16
4865,Dean,Alexander,cathycarrillo@example.net,45,NY,8620.9,2022-07-26
4866,Mallory,Cooper,,27,PA,33354.12,2023-11-02
4867,Frederick,Scott,stephanie86@example.net,83,PA,43059.27,2024-12-18
4868,Patrick,Tyler,jay71@example.com,26,FL,25669.23,2026-02-23
4869,Thomas,Rodriguez,kellyadam@example.net,27,WA,8236.64,2024-06-06
4870,Cameron,Chavez,,70,CA,46880.43,2021-11-21
4871,Cindy,Skinner,ocole@example.org,51,TX,2983.65,2026-07-18
4872,Cheryl,Zhang,shelly48@example.com,73,NJ,43533.44,2021-11-21
4873,Tiffany,Moore,xsantiago@example.net,68,NJ,9630.28,2024-10-29
4874,Paula,Johnson,robertmoran@example.org,65,TX,22491.42,2024-09-01
4875,Thomas,Thompson,kmiller@example.org,46,PA,23968.29,2024-03-30
4876,Megan,Cantrell,hector95@example.net,83,TX,32302.05,2023-09-13
4877,Benjamin,Young,hesslisa@example.net,38,MA,29948.94,2024-03-18
4878,Steven,Bell,,54,FL,38654.96,2021-10-11
4879,Gary,Smith,bauermichelle@example.net,73,WA,1545.7,2023-01-18
4880,Carl,Rogers,stephanienavarro@example.org,26,IL,4242.13,2026-05-14
4881,Sarah,Williams,wsnyder@example.net,36,NJ,18476.06,2025-02-19
4882,Todd,Peterson,stefanie09@example.com,68,CT,23225.35,2024-07-04
4883,Collin,Rogers,christine72@example.org,61,CT,41816.22,2023-08-03
4884,Christy,Byrd,seanshaw@example.com,59,CT,42768.95,2022-02-25
4885,Rhonda,Roberts,benjaminmcguire@example.org,78,IL,24389.38,2024-11-20
4886,Joseph,Bates,fleminghaley@example.com,35,FL,16853.76,2022-05-13
4887,Tony,Hughes,sarahjacobs@example.org,80,INVALID,26636.96,2025-12-04
4888,Rebecca,Rodriguez,ccole@example.com,26,CT,31456.07,2024-05-30
4889,Erika,Powers,velliott@example.net,52,CT,29721.69,2026-02-15
4890,Stacey,Patel,enelson@example.org,47,CA,46340.99,2021-11-26
4891,Debbie,Pineda,bdavidson@example.com,59,MA,28300.75,2026-05-19
4892,William,Weber,umedina@example.org,62,CT,9592.33,2023-11-27
4893,Brian,Rasmussen,bailey16@example.net,60,IL,33805.01,2022-12-17
4894,Emma,Harper,saragreen@example.org,53,CT,29888.03,2026-07-26
4895,Samuel,Smith,csmith@example.com,42,WA,44527.52,2024-10-09
4896,James,Cooper,ybrooks@example.net,35,XX,9498.3,2022-07-10
4897,Ryan,Terry,katherinebass@example.org,64,IL,27645.16,2024-12-21
4898,Stacy,Moore,tamaraparsons@example.org,44,FL,29087.45,2022-05-03
4899,Pedro,Webb,vanessamoore@example.org,40,NY,36229.63,2021-08-27
4900,Angela,Peterson,kristin15@example.org,55,MA,10286.69,2022-05-05
4901,Kevin,Peterson,ajames@example.net,61,PA,44363.66,2024-04-30
4902,Jennifer,Smith,sabrina83@example.com,81,CA,12281.69,2024-11-24
4903,Brandon,Mckay,harrisrenee@example.org,79,CT,46624.2,2025-09-27
4904,Theresa,Underwood,mmorgan@example.org,76,IL,17069.97,2024-07-28
4905,Marcus,Oconnor,,50,WA,-2359.07,2025-08-24
4906,Lisa,Johnson,bsolis@example.org,33,TX,40655.73,2021-10-03
4907,Joseph,Bennett,kristin37@example.org,68,NJ,3327.32,2026-08-06
4908,Kristen,Quinn,blairdonna@example.com,50,INVALID,22738.03,2026-02-03
4909,Justin,Hughes,umiller@example.net,53,IL,28372.68,2025-10-05
4910,Rebecca,Allen,fkim@example.com,43,CT,2549.65,2026-02-03
4911,Jean,Marsh,stevensonjonathan@example.com,72,FL,29763.59,2025-10-19
4912,Samuel,Martinez,kellyryan@example.com,78,TX,19344.23,2023-03-03
4913,Joshua,Burns,nicole14@example.org,33,PA,9055.24,2025-04-06
4914,Cassandra,Mason,robertfletcher@example.net,64,NJ,2051.73,2024-06-28
4915,Christopher,Martin,jenniferjohnston@example.net,26,CT,5373.08,2025-10-21
4916,Alexandria,Randall,davidhart@example.org,52,PA,39193.53,2021-09-14
4917,Holly,Martinez,dorothysmith@example.net,72,MA,1996.87,2022-12-30
4918,William,Leblanc,robert71@example.com,25,NJ,5571.6,2025-10-13
4919,Elizabeth,Rodriguez,ysantos@example.com,53,CT,-1198.88,2021-08-31
4920,Leslie,Kelley,barbaramcclain@example.com,47,MA,30915.6,2025-01-22
4921,Joanna,Wood,yvasquez@example.net,52,IL,17677.57,2026-05-13
4922,Karen,Ross,lisa66@example.com,48,PA,-1883.56,2025-12-09
4923,Timothy,Long,david85@example.net,58,MA,8592.12,2022-05-01
4924,Ryan,Rivera,sara17@example.com,67,MA,27085.56,2021-12-10
4925,Ashley,Medina,lmoreno@example.net,20,PA,4558.89,2024-02-20
4926,Wendy,Mcdonald,joy22@example.org,52,FL,6228.16,2023-10-15
4927,Gloria,Spencer,perrycatherine@example.net,49,TX,11048.67,2025-10-07
4928,Tanner,Shelton,rglover@example.org,76,WA,8282.13,2021-12-09
4929,Lauren,Taylor,bvalencia@example.org,40,MA,13973.53,2024-07-21
4930,John,Mcbride,scottbrian@example.org,18,MA,33558.08,2024-05-08
4931,James,Knight,johnsmith@example.org,73,WA,43044.76,2022-03-05
4932,Daniel,Melton,elizabeth65@example.com,67,FL,10669.39,2024-02-21
4933,Marcus,Mills,nathan45@example.org,30,NY,20426.73,2024-06-24
4934,Damon,Jones,robertellis@example.com,74,FL,7519.28,2023-05-13
4935,Jasmine,Mills,charles79@example.net,67,WA,37534.71,2022-08-18
4936,Walter,Marquez,douglasmark@example.com,20,IL,38252.79,2026-05-30
4937,Robin,Reynolds,,44,FL,21832.51,2025-03-11
4938,Barbara,Page,ebeck@example.com,85,CA,16104.0,2024-11-24
4939,Sandra,Murphy,smckee@example.org,81,IL,30781.89,2024-08-19
4940,Karen,Kaiser,banderson@example.net,74,WA,10273.48,2023-03-02
4941,Thomas,Padilla,brittanylong@example.net,36,NY,30047.68,2026-04-24
4942,Justin,Reynolds,mary79@example.com,66,PA,39403.5,2022-08-03
4943,Timothy,Acosta,davisnatalie@example.org,44,MA,15710.59,2024-11-27
4944,Sarah,Sweeney,lawsonbrian@example.net,69,CT,12438.28,2023-03-13
4945,Jennifer,Lowe,marylopez@example.net,55,MA,18972.2,2023-11-26
4946,Craig,Anderson,dana90@example.net,78,NJ,34324.61,2023-01-01
4947,Michael,Hogan,margaretochoa@example.net,49,NY,22612.29,2022-12-26
4948,Haley,Hernandez,myersronald@example.org,20,TX,28582.83,2024-10-16
4949,Joe,Lewis,benjamin24@example.org,64,TX,1024.71,2025-04-16
4950,Patrick,Morris,bestalexis@example.org,73,FL,45459.4,2024-11-06
4951,Lee,Blackburn,cameron42@example.org,29,TX,12746.29,2022-05-03
4952,Justin,Evans,brandon45@example.org,47,CT,18329.74,2025-06-07
4953,Julie,Lewis,shellyrobertson@example.net,51,FL,7904.91,2024-10-30
4954,Nicole,Franklin,qjohnson@example.com,46,WA,32250.45,2021-08-26
4955,Sarah,Harris,solomonalexander@example.com,85,MA,42295.13,2022-02-10
4956,Angela,Young,jacqueline32@example.com,66,CA,2398.93,2024-01-03
4957,Dawn,Burns,matthew76@example.org,47,NY,35355.23,2023-10-27
4958,Scott,Alvarez,matthewcollins@example.org,38,NY,30772.5,2023-01-27
4959,Sharon,White,gsullivan@example.com,24,CT,3962.77,2026-02-02
4960,John,Robinson,catherinewhite@example.net,50,FL,7451.47,2021-11-20
4961,Dominic,Jones,peckcorey@example.com,36,TX,13925.67,2025-10-14
4962,Jeffrey,Wright,kimthomas@example.net,41,MA,20473.22,2024-04-30
4963,Chloe,Mcclure,patriciaburnett@example.com,39,IL,3338.94,2022-07-30
4964,Janet,Collier,guerracarrie@example.net,29,WA,2607.33,2025-12-15
4965,Jeffrey,Ellison,hernandezscott@example.net,40,CT,27396.93,2022-11-04
4966,Heather,Cox,fcontreras@example.com,72,PA,11812.26,2025-08-23
4967,Christopher,Stevenson,lshepard@example.org,43,WA,35626.45,2021-10-19
4968,Sara,Myers,carly00@example.net,26,NY,13452.21,2023-01-05
4969,John,Long,philiproberts@example.org,40,IL,6206.86,2025-10-01
4970,Kaitlyn,Elliott,qchapman@example.org,77,IL,38043.01,2022-05-31
4971,Kathleen,Leblanc,welchsteven@example.org,40,PA,26682.87,2022-06-16
4972,Pamela,Alexander,luismurray@example.org,41,MA,39345.42,2025-11-13
4973,William,Khan,udorsey@example.net,59,PA,38317.48,2024-01-17
4974,Brian,Moon,,83,NJ,25045.65,2021-09-14
4975,Brianna,Lam,ilewis@example.com,25,TX,6747.46,2024-03-15
4976,Michelle,Brewer,vfrederick@example.com,24,FL,7795.47,2023-08-24
4977,Andrea,Martinez,angelaparker@example.com,34,MA,43084.41,2024-11-26
4978,John,Hill,olittle@example.org,65,WA,39157.87,2025-03-11
4979,Lori,Gomez,hfoley@example.com,77,MA,22747.21,2026-04-29
4980,Kellie,Cook,vnavarro@example.org,32,MA,8104.35,2023-12-17
4981,Troy,Edwards,rothxavier@example.org,23,NY,49142.81,2025-07-27
4982,Megan,Porter,khoward@example.com,35,NJ,14360.12,2026-03-14
4983,Ricky,Mccormick,williamssarah@example.org,85,FL,33876.27,2025-02-27
4984,Seth,Edwards,,68,IL,27073.45,2024-03-18
4985,Dana,Davis,jackclay@example.com,69,IL,23331.01,2022-02-04
4986,Joseph,Gomez,mary37@example.net,84,CA,39319.24,2022-04-14
4987,Todd,Gutierrez,chad26@example.com,69,CT,26173.52,2022-09-13
4988,Jackson,Mathis,gardnerjeffrey@example.com,70,PA,25157.63,2022-05-29
4989,Brittany,Thomas,harveyjames@example.net,81,PA,40241.94,2025-06-02
4990,Larry,Werner,catherinemartin@example.net,44,NY,29989.91,2023-06-24
4991,Christopher,Hays,ashley28@example.com,65,CT,5776.81,2021-10-04
4992,Linda,Rhodes,james08@example.com,70,TX,18797.21,2024-04-28
4993,Jason,Lutz,karen67@example.net,65,NJ,15727.26,2024-10-01
4994,Brent,Rowland,lanceross@example.com,43,NJ,10778.52,2023-07-09
4995,Kyle,Hoffman,anoble@example.net,36,FL,43259.86,2026-06-22
4996,Cynthia,Clark,rwagner@example.net,35,CT,19818.04,2023-05-31
4997,Jessica,Moreno,beth56@example.org,36,NJ,45025.18,2024-06-26
4998,Laura,Bennett,jasongentry@example.org,74,CT,24338.79,2023-04-09
4999,Jessica,Moore,crystaltorres@example.com,77,FL,18578.36,2026-03-30
5000,Lori,Obrien,thomasbrown@example.net,44,FL,6520.71,2022-12-26
5001,Gregory,Norman,jonking@example.com,24,MA,47386.27,2023-09-18
5002,Daniel,Gomez,carol61@example.net,30,CT,18701.78,2021-11-15
5003,Nicholas,Palmer,waynedunn@example.net,62,FL,45469.6,2025-05-13
5004,Heather,Sosa,josephking@example.com,73,NY,29911.82,2026-01-30
5005,Karen,Frazier,,63,IL,27580.34,2023-04-02
5006,Lauren,Hall,joshua88@example.org,23,FL,3387.78,2025-02-09
5007,Joe,Garcia,,60,MA,15517.09,2025-05-04
5008,Joseph,Fisher,ballarddeanna@example.org,130,PA,552.81,2024-02-07
5009,Troy,Montes,crystalbishop@example.org,30,PA,37216.89,2022-02-01
5010,Emily,Moore,jonesjason@example.net,52,NJ,1234.18,2025-06-15
5011,Henry,Smith,johngarcia@example.org,45,IL,18563.32,2022-09-18
5012,Sarah,Allen,rwalsh@example.org,75,TX,16702.05,2025-01-10
5013,Kelly,Smith,christopherwashington@example.org,76,CA,31088.63,2022-11-08
5014,Andrea,Herman,hlopez@example.org,54,CA,2545.82,2024-09-29
5015,Cassandra,Merritt,,84,WA,6164.89,2024-10-23
5016,Raymond,Johnston,smithadam@example.org,74,FL,21670.41,2024-11-29
5017,Danielle,Walton,beannicholas@example.com,83,NJ,33316.0,2025-11-05
5018,Nicole,Hoover,sheilahorn@example.net,82,NY,49932.23,2022-10-28
5019,Vickie,Mueller,ewilson@example.com,-10,TX,16507.6,2023-01-21
5020,Trevor,Graham,wilsontiffany@example.org,74,CT,7197.57,2026-02-14
5021,Hannah,Chavez,timothypatel@example.org,43,NY,30843.72,2026-03-01
5022,Megan,Brown,dianeoconnor@example.net,53,TX,11011.88,2021-09-05
5023,Molly,Fitzpatrick,justinreeves@example.net,23,CT,605.74,2022-03-15
5024,Mary,Jackson,invalid-email,35,MA,20918.79,2023-07-04
5025,Caroline,Mckinney,josephjones@example.org,42,TX,39973.58,2022-04-29
5026,Jill,Bell,xcruz@example.org,37,TX,27352.8,2024-11-28
5027,Brad,Martin,danielkim@example.net,50,MA,28.35,2023-05-13
5028,Kelly,Rice,garyhughes@example.net,26,PA,42942.03,2021-10-06
5029,Kara,Miller,hwagner@example.com,51,FL,39350.61,2026-07-27
5030,Taylor,Calderon,mdoyle@example.org,46,FL,45756.7,2022-07-12
5031,Cody,Lopez,wbaxter@example.org,39,FL,5711.85,2023-10-17
5032,Jesus,Smith,billyberry@example.org,76,CA,30839.92,2024-01-19
5033,Lindsay,Bender,daniellejohnson@example.net,65,FL,47783.42,2021-09-09
5034,Latoya,Jones,kimberly05@example.org,51,WA,27928.43,2023-11-14
5035,Laura,Smith,warren28@example.com,60,CA,26335.46,2023-09-12
5036,Tracy,Brown,bgordon@example.com,84,CT,40309.45,2024-09-06
5037,Brandon,Smith,wendysantos@example.com,49,MA,40746.59,2022-12-30
5038,Kelly,Williams,marcrobbins@example.org,73,FL,13609.43,2022-01-19
5039,Raven,Ramos,cdavidson@example.org,83,CT,24943.72,2026-04-13
5040,Devin,Lopez,wilsonhannah@example.org,69,NJ,47605.02,2022-04-14
5041,Michael,Davis,bryanlee@example.org,56,CT,5324.84,2023-10-08
5042,James,Reyes,joneschristine@example.org,36,IL,11181.26,2023-06-14
5043,Guy,Williams,caleb74@example.com,46,MA,23217.38,2025-08-23
5044,Jennifer,Murray,wnelson@example.com,37,NY,34869.09,2024-06-19
5045,Rita,Hawkins,crystaldavis@example.com,82,CA,20632.25,2025-10-12
5046,Seth,Keller,parkerkenneth@example.net,69,TX,28328.64,2022-01-12
5047,John,Mcgrath,rayrobin@example.org,56,NY,12124.71,2026-08-14
5048,Stacy,Hill,holly76@example.com,79,NY,38748.3,2023-10-30
5049,Rachel,Silva,david96@example.net,25,TX,20296.24,2021-10-10
5050,Timothy,Carroll,colekirk@example.org,73,PA,20711.14,2026-04-17
5051,Timothy,Meza,andersonelijah@example.org,21,CA,46879.7,2024-05-29
5052,John,Galloway,kevinwagner@example.org,33,CT,11784.12,2023-11-01
5053,Diane,Morris,jessicabrown@example.com,80,TX,29421.16,2024-10-24
5054,Dawn,White,alexandria87@example.org,69,TX,42472.5,2023-06-09
5055,Wayne,Thompson,nbernard@example.net,54,MA,30528.64,2026-01-06
5056,James,Fuller,jackie02@example.net,39,CA,7959.6,2026-02-20
5057,Anthony,Ochoa,barbaramorales@example.com,59,WA,18842.38,2022-08-11
5058,Catherine,Rice,smitchell@example.com,28,NY,4104.74,2022-04-23
5059,Spencer,Richards,luisblake@example.net,19,PA,27018.52,2023-05-14
5060,Jennifer,Morrison,zstanley@example.org,81,NY,46718.71,2025-07-30
5061,Eric,Wright,mariavincent@example.org,37,NJ,104.36,2026-04-30
5062,Crystal,Brown,jenkinsjames@example.com,40,NJ,6674.17,2025-07-13
5063,Darryl,Vazquez,christopherross@example.org,64,CA,33302.91,2022-11-28
5064,Hannah,Cooper,klewis@example.net,29,NJ,8261.08,2024-05-31
5065,Hunter,Robinson,,57,CA,4998.57,2023-06-14
5066,Lauren,Wilson,invalid-email,28,NJ,30718.17,2022-01-07
5067,Tanner,Baker,kelly95@example.com,42,PA,44852.81,2024-11-03
5068,Garrett,Hess,hayden46@example.org,80,NY,13366.51,2024-02-28
5069,Rachel,Jones,martinezrenee@example.com,-10,WA,41842.49,2025-05-24
5070,Darlene,Thompson,invalid-email,27,WA,14222.24,2024-08-12
5071,Walter,Ramos,,26,FL,30308.39,2024-11-21
5072,Christy,Rice,pbrooks@example.net,51,PA,32173.2,2025-09-10
5073,Michael,Dickerson,marshalllisa@example.com,83,NY,24820.78,2023-06-23
5074,Sherry,Jones,melissacastillo@example.net,46,CT,1601.69,2022-07-09
5075,Grace,Young,,61,PA,34745.44,2023-04-03
5076,James,Jones,taylorrichard@example.com,75,CA,47585.23,2026-02-25
5077,John,Mendoza,tcase@example.org,57,CT,32674.47,2025-05-10
5078,Vanessa,Reid,crystal06@example.com,69,TX,40348.29,2025-04-25
5079,Brittany,Wilson,graymichelle@example.net,48,CT,33312.77,2023-09-12
5080,Karen,Gentry,ibarradylan@example.org,44,MA,23064.34,2024-03-23
5081,Travis,Sosa,cruzalbert@example.org,37,NJ,3972.66,2025-11-18
5082,Joseph,Miller,garciarachel@example.com,33,XX,5383.72,2021-08-23
5083,Jessica,Lee,qwilliams@example.org,75,PA,7466.34,2022-07-27
5084,Tonya,Martin,gmccormick@example.org,27,CT,38518.34,2024-10-29
5085,Daniel,Thompson,qoneal@example.net,58,WA,11962.7,2025-02-21
5086,Amy,Thomas,jeffersonchristine@example.com,79,TX,20494.03,2024-09-20
5087,Lisa,Goodwin,qwagner@example.org,56,MA,44779.48,2021-10-17
5088,Bryan,Jones,ramirezjoseph@example.com,22,CA,7826.55,2023-08-05
5089,Darlene,Walker,tjackson@example.net,42,CA,3302.77,2026-03-22
5090,Carlos,Petty,gene59@example.net,22,CT,19477.95,2025-12-20
5091,Joshua,Hester,nterry@example.com,81,FL,32916.47,2025-02-22
5092,Chelsea,Jackson,anthonyedwards@example.com,68,CA,22480.61,2024-07-04
5093,Donna,Burke,peterhamilton@example.com,59,TX,32920.24,2023-03-11
5094,Connie,Williams,catherineblair@example.net,41,NJ,43458.71,2022-02-23
5095,Adam,Campbell,ashleyhester@example.com,39,CT,20790.05,2026-07-01
5096,Ryan,Johnson,alyssasaunders@example.net,80,CA,7408.39,2023-09-06
5097,Cynthia,Reyes,bondrobert@example.com,35,MA,25639.22,2023-03-03
5098,Taylor,Stark,knoxmark@example.org,81,CT,45365.34,2025-08-14
5099,Christopher,Davis,david22@example.com,41,TX,1922.45,2023-03-09
5100,Diana,Melendez,walterdavid@example.com,19,CA,35568.26,2023-05-11
5101,Kelly,Shaw,marcbrooks@example.com,65,CA,136.87,2022-06-02
5102,Joshua,Sanchez,lgallagher@example.com,79,IL,10085.66,2021-10-27
5103,Seth,Kline,kiara57@example.org,36,CA,34017.79,2024-01-23
5104,Michele,Castro,jessica25@example.org,82,CT,26543.45,2022-06-26
5105,Sherry,Hurley,robert90@example.org,85,WA,30623.19,2024-12-06
5106,Linda,Mejia,invalid-email,43,TX,38485.59,2026-03-04
5107,Christine,Hart,kmurphy@example.org,23,FL,48207.13,2025-07-26
5108,Ray,Scott,thomaslori@example.net,55,IL,49839.51,2024-03-20
5109,Joseph,Kim,castrokatherine@example.com,76,NJ,14224.28,2024-06-26
5110,Christopher,Anderson,robertsingh@example.com,20,TX,29466.01,2026-01-29
5111,Jeffrey,Neal,chad39@example.com,26,FL,41477.64,2023-07-05
5112,John,Martin,robert42@example.net,71,FL,45705.26,2023-10-21
5113,Gary,Nelson,donald63@example.org,47,CA,41740.11,2022-12-13
5114,Rickey,Jones,mfox@example.com,46,FL,13235.03,2022-05-08
5115,Hayden,Reyes,wendy33@example.net,22,MA,33421.61,2024-03-03
5116,Justin,Joseph,castillolinda@example.com,50,TX,13268.3,2021-11-15
5117,John,Duke,bruceochoa@example.com,85,MA,2027.21,2023-01-15
5118,Allison,Turner,bdelgado@example.org,75,MA,19849.01,2024-12-15
5119,Erica,Mccoy,christopherruiz@example.net,73,NJ,47931.87,2024-05-02
5120,Jessica,Sutton,johnsonjohn@example.com,53,IL,40721.23,2024-01-23
5121,Tiffany,Frederick,yayers@example.com,71,NJ,25087.59,2023-11-28
5122,Melissa,Peterson,wbennett@example.com,57,WA,33165.71,2023-02-15
5123,Christina,Brown,,81,WA,10670.73,2023-04-15
5124,Michelle,Wright,kelsey11@example.org,54,NY,42761.69,2022-05-01
5125,Claudia,Andrews,jamie08@example.net,67,IL,36286.06,2025-04-16
5126,Derek,Vazquez,denisekoch@example.org,40,IL,32805.13,2023-06-17
5127,Julie,Jones,matthew07@example.org,19,TX,3983.84,2022-05-07
5128,John,Reynolds,csmith@example.com,49,FL,-4417.63,2025-03-21
5129,Luis,Duarte,kevin87@example.com,34,CT,8451.13,2022-06-02
5130,Sarah,Conway,jhaley@example.org,55,CT,20778.78,2025-04-22
5131,Jonathan,Taylor,lwright@example.net,72,MA,36458.09,2023-01-15
5132,Samuel,Murphy,whull@example.org,64,NY,38254.64,2024-12-19
5133,Eric,Yang,william37@example.com,54,CT,49894.25,2025-06-22
5134,Eugene,Payne,alyssa89@example.org,26,NY,-3473.73,2024-08-04
5135,Pamela,Higgins,maria51@example.com,33,NJ,47679.28,2025-01-09
5136,Matthew,Aguilar,lee64@example.com,26,CT,48257.18,2023-10-18
5137,Katrina,Thomas,johnsoncharles@example.com,32,FL,16876.49,2022-06-25
5138,Morgan,Good,invalid-email,82,IL,23264.86,2022-11-29
5139,Pamela,Cobb,mgill@example.net,33,FL,33399.92,2023-05-14
5140,Brandon,Barry,nicholas09@example.net,53,NY,17812.95,2025-05-26
5141,Rodney,Thomas,rebecca28@example.net,29,CA,8819.93,2021-10-08
5142,Lauren,Collins,murrayrachel@example.org,42,IL,47247.04,2025-10-10
5143,Tyler,Nelson,pwilliams@example.org,20,WA,40218.77,2023-09-13
5144,Jeffrey,Evans,invalid-email,29,NY,8114.61,2025-05-12
5145,Paul,Adams,lmorris@example.com,61,PA,26104.34,2023-05-11
5146,Deborah,Robbins,mistywolf@example.com,42,FL,49555.68,2024-01-31
5147,Rachel,Morgan,chungerin@example.com,62,NJ,17009.04,2026-03-03
5148,Peter,Walls,baileyjulia@example.org,67,TX,5178.47,2025-02-04
5149,Michael,Perry,invalid-email,83,TX,10618.0,2024-06-06
5150,Brandi,Turner,knightrobert@example.net,42,WA,31874.46,2022-10-29
5151,John,Fowler,ashley55@example.org,26,MA,41725.56,2025-02-09
5152,Darryl,Knox,jamiecook@example.org,81,IL,38541.95,2022-07-27
5153,Jose,Watson,dixonnathaniel@example.net,67,CA,32126.37,2023-08-27
5154,Brittney,Miller,daniellejordan@example.net,43,NJ,1818.97,2023-11-21
5155,Jocelyn,Collins,jriley@example.com,42,NJ,28546.96,2024-04-05
5156,Ashley,Wilcox,fstevenson@example.net,20,CA,32435.84,2023-10-04
5157,Jeffrey,Bailey,qsims@example.net,71,NJ,48479.19,2022-08-28
5158,Ashley,Rivas,henrybailey@example.net,77,NY,6703.98,2025-04-16
5159,Robert,Anderson,pughdennis@example.com,30,WA,26025.71,2023-08-29
5160,Sabrina,Miranda,freemanjames@example.org,32,WA,6788.52,2025-05-25
5161,Christopher,Petersen,rsanchez@example.net,81,IL,49806.78,2021-09-19
5162,Alexandria,Contreras,invalid-email,61,NY,31247.33,2022-07-02
5163,Alexander,Lopez,pruiz@example.net,22,CA,12301.88,2023-05-25
5164,Shawn,Myers,gabriel98@example.com,72,CT,1946.94,2025-08-20
5165,Aaron,Evans,masseyjennifer@example.org,31,NJ,46952.43,2025-11-28
5166,Erik,Harris,karenparker@example.net,35,CT,40784.67,2022-07-03
5167,Sean,Hancock,yclark@example.com,37,CT,16997.06,2022-04-08
5168,Jenny,Cobb,jmiller@example.net,70,NY,48756.48,2025-01-31
5169,Edward,Sanford,mcdanielruben@example.net,64,NY,24914.35,not-a-date
5170,Brandi,Wagner,qlevy@example.org,56,TX,1136.61,2024-06-11
5171,James,Banks,mckinneyclifford@example.org,130,CA,9238.81,2024-02-23
5172,Christian,Washington,pachecojason@example.com,29,PA,46570.52,2023-10-02
5173,Phillip,Long,timothy81@example.net,30,CA,5668.71,2022-11-11
5174,Robert,Sweeney,matthew33@example.net,51,CA,15915.59,2024-02-02
5175,Brandon,Thompson,,33,PA,28820.57,2023-06-09
5176,Michael,Barker,kellereric@example.com,28,MA,2453.94,2025-05-01
5177,David,Norris,robert19@example.net,57,IL,37742.03,2023-05-06
5178,Lisa,Clayton,brianpowell@example.com,28,IL,46760.47,2024-05-29
5179,Stephen,Jones,srivera@example.net,56,INVALID,32894.99,2023-02-03
5180,Amber,Jones,ernest98@example.org,30,TX,37615.1,2024-03-03
5181,Rachel,Blankenship,murphyjoshua@example.com,23,CT,45941.92,2023-11-04
5182,Robert,Andrews,ricardomiller@example.com,71,NY,32894.88,2023-11-01
5183,Mary,Taylor,invalid-email,52,NJ,6844.58,2022-03-05
5184,Ashley,Murphy,jeanette90@example.org,30,WA,200.47,2024-06-12
5185,Anna,Baker,jake45@example.com,79,NJ,23461.16,2024-01-13
5186,Lisa,Ortiz,pjones@example.net,64,TX,27098.22,2024-04-24
5187,Samuel,Garrett,waterssue@example.org,51,PA,29542.69,2025-03-02
5188,Brandi,Davis,brooke67@example.net,49,NY,16703.14,2022-07-27
5189,Sophia,Elliott,susan93@example.com,41,WA,35034.87,2025-09-01
5190,Sandra,Riley,christopher70@example.com,31,NJ,23515.78,2023-07-19
5191,Anna,Murphy,robertthornton@example.com,34,PA,36893.08,2024-04-22
5192,Wanda,Gonzales,caldwellanthony@example.org,83,MA,49482.34,2026-04-07
5193,Jennifer,Pierce,hardingeric@example.net,18,IL,43753.64,2024-09-20
5194,Randy,Woods,scottblackburn@example.org,42,FL,27378.19,2024-11-12
5195,Jeffrey,Schroeder,valeriebennett@example.com,25,TX,10550.38,2024-01-18
5196,Steve,Garcia,baileydonna@example.com,67,MA,41251.27,2024-01-31
5197,Justin,Atkins,briannaburns@example.org,55,CA,6810.53,2023-03-22
5198,Peter,Hayes,charlesking@example.net,70,WA,14383.14,2021-08-29
5199,Sophia,Vang,,49,WA,42807.0,2025-05-13
5200,John,Guerrero,zachary86@example.net,33,TX,12749.96,2022-04-03
5201,Melissa,Rivera,taylorbrittany@example.org,81,NJ,48890.79,2023-09-29
5202,Nicole,Anderson,tracey80@example.net,69,WA,9558.25,2021-10-17
5203,Mark,Williams,atkinsonkimberly@example.com,50,PA,28830.8,2022-03-30
5204,Leslie,Cobb,williamschad@example.net,33,MA,6622.43,2024-12-27
5205,Tammy,Schaefer,gclark@example.com,23,MA,49907.25,2022-12-02
5206,Scott,Chang,crystalchandler@example.com,23,NY,34203.41,2022-11-07
5207,Richard,Armstrong,spencerjoshua@example.org,35,MA,13827.45,2022-03-03
5208,Amanda,Shah,,32,WA,140.88,2022-05-08
5209,James,Smith,david84@example.net,44,NY,41498.54,2025-08-06
5210,Gregory,Mccoy,millerrebecca@example.net,19,TX,5347.68,2021-11-03
5211,Katelyn,Burke,lanegabriel@example.net,44,FL,7219.18,2023-01-17
5212,Margaret,Edwards,vhowell@example.net,250,CA,16255.58,2021-10-24
5213,Felicia,Wolf,johndaniels@example.com,70,TX,32976.01,2025-01-11
5214,Vanessa,Price,ojohnson@example.com,53,FL,33155.99,2025-10-15
5215,Mckenzie,Mills,paula13@example.com,36,MA,19460.55,not-a-date
5216,Jason,Salazar,ipierce@example.com,42,MA,24495.67,2023-01-24
5217,Elizabeth,Delgado,ricewilliam@example.com,53,TX,2446.67,2022-10-29
5218,Hannah,Carroll,cynthiasalas@example.com,18,TX,23179.13,2025-02-28
5219,Henry,Goodwin,williamrich@example.com,25,NJ,37416.22,2022-03-30
5220,Sarah,Hansen,david31@example.org,85,CT,10191.99,2025-09-11
5221,William,Brown,zcalderon@example.com,32,CT,7034.89,2024-02-06
5222,Brittany,Huerta,kathrynbaxter@example.org,53,PA,21307.61,2026-03-30
5223,Alyssa,Haas,cflores@example.com,19,FL,-3415.39,2021-10-19
5224,Wesley,Goodwin,johnhuff@example.org,85,NY,29324.22,2023-09-21
5225,Nicholas,Burns,prodriguez@example.org,62,CT,32212.5,2022-12-18
5226,Carla,Bates,nicholaspeterson@example.com,75,XX,34421.55,2021-12-14
5227,Sandra,Campbell,qwoods@example.net,53,FL,48175.41,2023-06-14
5228,Heather,Parker,shauncannon@example.com,52,PA,24017.51,2023-11-07
5229,Kevin,Roman,tonyamorris@example.net,74,PA,857.29,2023-09-23
5230,Megan,Munoz,mannlisa@example.com,48,FL,19229.08,2026-05-17
5231,Kathleen,Garcia,edwardsryan@example.org,83,PA,5491.22,2025-07-27
5232,Amy,Cooper,steve46@example.com,65,IL,12740.56,2026-08-07
5233,Deborah,Brown,,30,CT,43100.12,2026-06-27
5234,Amy,Gordon,victoriavillarreal@example.org,84,CT,37320.15,2022-12-05
5235,Mario,Brown,,20,NY,28357.79,2022-11-16
5236,Connie,Francis,nicholas33@example.net,31,MA,44938.78,2024-07-10
5237,John,Hanson,devon57@example.org,50,MA,37886.85,2023-04-30
5238,Levi,Gilmore,jennifer82@example.com,85,PA,-4211.24,2022-08-05
5239,Amy,Colon,lindaali@example.net,85,NJ,7454.82,2025-04-30
5240,Rebecca,Marshall,hrodriguez@example.net,20,CA,38424.66,2024-12-28
5241,Kendra,Espinoza,dcarpenter@example.net,71,WA,17064.81,2022-11-20
5242,Robert,Trujillo,cynthiajohnson@example.net,79,MA,9368.59,2024-05-31
5243,Denise,Ramirez,sgoodwin@example.org,57,TX,12558.39,2023-09-12
5244,Cody,Ritter,samanthahogan@example.org,52,WA,9973.34,2022-07-11
5245,Ashley,Ramirez,sarahmiles@example.org,69,WA,28260.78,2024-03-08
5246,Heidi,Camacho,plopez@example.net,63,NY,18996.08,2024-07-13
5247,Mikayla,Davis,joshua54@example.org,43,MA,16235.75,2025-11-06
5248,Chloe,Flores,christophercannon@example.org,61,CA,23569.19,2026-02-01
5249,Michael,Walker,rebeccamoore@example.org,48,IL,16671.46,2023-10-15
5250,James,Contreras,parkersean@example.net,47,TX,47875.09,2026-05-22
5251,Michael,Garcia,,20,NY,5159.62,2022-05-15
5252,Jocelyn,Richardson,ithompson@example.com,35,MA,20536.77,2026-03-03
5253,Lee,Carter,kennethhughes@example.net,23,MA,23354.14,2025-01-12
5254,Madison,Hahn,jasonray@example.com,27,NY,34048.04,2024-05-09
5255,Gregory,Harper,randall36@example.org,74,PA,11036.61,2022-01-08
5256,James,Smith,paul17@example.org,45,MA,18543.85,2025-05-09
5257,Tammy,Hernandez,youngjared@example.com,22,CT,584.89,2023-03-11
5258,Brandon,Bryan,krista74@example.net,70,NY,49565.78,2022-01-13
5259,Christopher,Roman,jonathanpearson@example.org,75,MA,4674.15,2025-12-04
5260,Erin,Perez,brownstephanie@example.org,48,WA,5938.96,2023-07-29
5261,Jimmy,Bennett,tracimaddox@example.net,50,WA,26844.55,not-a-date
5262,Mary,Torres,karen85@example.com,48,NJ,23800.62,2024-09-16
5263,Sara,Bean,,53,IL,8351.89,2025-06-14
5264,Dalton,Smith,alison10@example.com,18,FL,40853.27,2025-04-15
5265,Kim,Burgess,whitepedro@example.org,45,TX,44373.41,2023-02-11
5266,Brittany,Walsh,qgreen@example.com,30,NY,25185.02,2022-08-18
5267,Maria,Weber,ivance@example.com,47,WA,13883.5,2023-01-07
5268,Tamara,Butler,sgardner@example.com,72,CA,46732.74,2026-07-26
5269,Morgan,Walker,invalid-email,75,IL,34796.95,2026-01-03
5270,Rhonda,Hill,kimarmstrong@example.com,21,NY,49035.25,2022-12-18
5271,Jonathan,Houston,ejones@example.net,20,CT,9627.23,2026-04-04
5272,Gloria,Avila,andrew30@example.com,38,MA,36873.75,2024-10-28
5273,Kaitlyn,Pittman,qwallace@example.net,40,MA,41363.87,2023-05-01
5274,Sarah,Sandoval,porterchristopher@example.com,43,PA,14750.0,2024-07-04
5275,Levi,Scott,jacksonsamantha@example.net,25,FL,11281.26,2025-02-08
5276,Kelly,Chang,erichoover@example.org,35,NJ,5893.81,2024-03-03
5277,Emily,Dunn,kristi20@example.net,44,CA,31356.53,2024-07-25
5278,Yvonne,Gomez,kirkmonique@example.net,56,TX,7696.47,2021-08-25
5279,Teresa,Moore,cmartin@example.com,26,PA,23686.5,2025-06-06
5280,Thomas,Perez,,18,PA,18726.78,2022-10-16
5281,Carolyn,Allen,lorettawatts@example.org,40,TX,5426.22,2023-06-17
5282,Judy,Jackson,caroline23@example.net,38,MA,3660.65,2022-10-13
5283,Susan,Phillips,timothylong@example.com,71,NY,21730.92,2022-09-07
5284,Brandy,Adams,jo03@example.org,39,CT,35684.85,2026-07-24
5285,Alexandra,Davidson,robertsrobert@example.org,85,WA,44948.75,2025-10-12
5286,Brittany,Williams,lisa50@example.com,60,FL,7869.86,2026-04-27
5287,William,Simpson,cookanthony@example.com,45,FL,21244.32,2022-03-22
5288,David,Lewis,djackson@example.net,74,CT,15786.51,2021-11-21
5289,Jon,Scott,ashleyholt@example.com,45,NJ,9813.48,2022-04-04
5290,Sheila,Dickerson,johnsonjennifer@example.com,55,TX,38627.9,2023-08-09
5291,Erin,Gordon,rose86@example.com,77,NY,43736.24,2025-01-01
5292,Tommy,Clark,kimberly96@example.com,32,PA,45041.55,2023-07-08
5293,Adam,Taylor,dgray@example.com,47,IL,47478.13,2025-11-21
5294,Laura,Baker,adamgarcia@example.org,32,IL,23966.08,2022-08-06
5295,Zachary,Clark,michaelmathews@example.net,35,NJ,25897.72,2025-01-09
5296,Brenda,Campbell,jason35@example.org,47,PA,12024.15,2023-08-23
5297,Derrick,Lawson,timothy75@example.org,24,IL,42915.16,2025-01-30
5298,Russell,Castro,robinsonjoy@example.com,27,MA,26950.14,2022-08-12
5299,Terry,Jones,edward81@example.org,28,CA,26253.79,2023-04-29
5300,Tony,Tanner,chelseasuarez@example.net,29,CT,13057.01,2022-10-13
5301,Christina,Smith,john52@example.net,35,PA,2200.93,2025-02-14
5302,Melinda,Williams,jacob98@example.com,80,MA,6985.62,2026-01-12
5303,Kelly,Grimes,millerchristine@example.net,46,NY,25897.75,2024-01-29
5304,Jennifer,Gibson,joseph73@example.net,74,NY,21106.12,2025-12-24
5305,Shannon,Ford,kathleen90@example.net,28,CA,23044.96,2026-07-19
5306,Stephen,Jones,invalid-email,53,CA,1498.01,2024-01-11
5307,Shannon,Lynch,chananthony@example.org,19,NJ,38765.21,2025-07-01
5308,John,Cooper,rebekahmorales@example.net,21,NJ,4181.69,2024-07-14
5309,Sandra,Stone,,39,WA,4053.16,2024-02-12
5310,Nicole,Patterson,pamela07@example.net,-1,FL,47654.43,2026-03-12
5311,Linda,Hurst,zstanley@example.org,250,FL,39182.48,2025-01-07
5312,Roger,Leblanc,hugheswilliam@example.org,65,NJ,-184.8,2022-10-16
5313,John,Hines,johnsonamanda@example.com,21,PA,49420.15,2023-10-31
5314,Angela,Reeves,hfitzpatrick@example.org,58,TX,33608.93,2023-07-23
5315,Lisa,Benson,,82,CT,37626.47,2025-10-31
5316,Gabriel,Henry,rhonda24@example.net,51,PA,4252.02,2026-05-30
5317,Brandi,Weber,hjohnson@example.com,36,WA,33407.18,2022-02-17
5318,Heather,Byrd,nancy37@example.net,79,CT,24556.96,2022-10-07
5319,Jasmin,Ramirez,,27,PA,8786.25,2024-04-12
5320,Miguel,Powell,hjohnson@example.com,54,IL,31082.75,2025-05-22
5321,Mary,Scott,nelsonkevin@example.org,23,CA,18972.26,2021-12-04
5322,Jessica,Johnson,cwood@example.org,23,IL,21734.5,2022-10-28
5323,Michelle,Martinez,xedwards@example.org,21,NJ,29960.58,2023-11-09
5324,Victoria,Tucker,invalid-email,18,CT,44289.64,2025-04-19
5325,Wesley,Villanueva,eric34@example.com,66,CA,31833.4,2026-08-10
5326,Jennifer,Johnston,paulabrooks@example.net,29,CA,36194.96,2026-03-26
5327,Timothy,Lee,urussell@example.com,53,IL,7497.93,2023-11-10
5328,Sheila,Hicks,,66,WA,6147.12,2026-06-21
5329,John,Estrada,kentmary@example.com,70,PA,39885.01,2022-07-27
5330,Brenda,Dominguez,deborah90@example.com,83,MA,49533.38,2025-02-05
5331,Tyler,Martinez,james60@example.net,65,NJ,18310.53,2022-03-02
5332,Keith,Walker,scottsylvia@example.org,39,WA,18766.28,2023-05-20
5333,Stephanie,Brown,david16@example.net,23,IL,35714.41,2023-08-14
5334,Troy,Bell,afrank@example.com,78,NJ,20336.6,2022-03-08
5335,Eric,West,bgarcia@example.org,48,TX,30105.13,2025-05-04
5336,Mark,Jenkins,gregory72@example.net,76,WA,17753.85,2025-03-27
5337,Sabrina,Watts,williamsoto@example.com,20,WA,38930.69,2026-03-05
5338,Richard,Sanders,melaniegonzales@example.org,85,PA,6288.33,2025-04-28
5339,Larry,Sampson,obowman@example.net,25,CT,40099.69,2021-12-18
5340,William,Forbes,nina25@example.com,33,TX,12640.76,2021-11-25
5341,Justin,Roman,,85,NY,44510.25,2023-10-24
5342,Andrew,Steele,floreslaura@example.com,85,NJ,13080.39,2021-10-17
5343,Lisa,Long,younganthony@example.net,51,INVALID,-1029.3,2025-12-27
5344,Thomas,Davis,erictownsend@example.org,78,FL,44022.7,2025-09-16
5345,Jennifer,Reyes,usullivan@example.com,49,IL,9692.81,2024-11-29
5346,Mark,Fitzgerald,,42,IL,32387.13,2022-03-15
5347,Michelle,Levine,jeffrey32@example.net,69,CT,12111.36,2025-05-11
5348,Robin,Owens,diazpamela@example.org,26,PA,34832.23,2026-07-07
5349,April,Mckay,hwalker@example.org,55,PA,26086.17,2023-07-10
5350,Lindsay,Mathews,vphillips@example.com,57,TX,14879.34,2022-04-19
5351,Daniel,Wilson,vsmith@example.com,20,MA,43972.31,2024-12-17
5352,Tina,Smith,cindybrooks@example.net,34,CA,36112.47,2023-08-17
5353,Trevor,Yates,christopher35@example.net,85,TX,10693.72,2024-07-25
5354,Mary,Coffey,urios@example.net,57,CT,4108.41,2023-08-14
5355,Edward,Ross,ryan06@example.net,23,TX,14581.27,2022-07-26
5356,Elizabeth,Brown,olsonkathleen@example.net,67,PA,17733.8,2025-12-30
5357,Sean,Crane,clinejames@example.net,65,CT,43313.67,2022-11-19
5358,Matthew,Jones,shawngonzalez@example.com,23,PA,20163.96,2025-09-01
5359,Matthew,Lucas,webertravis@example.net,47,CA,16996.54,2022-06-06
5360,James,Adams,sandersfelicia@example.org,41,CT,9583.6,2023-03-26
5361,Sheena,Ballard,pcarrillo@example.org,20,NY,23491.6,2025-09-11
5362,David,Leonard,,57,TX,39604.69,2025-01-05
5363,Cody,Mayo,nelsonhannah@example.org,55,IL,28785.47,2024-07-18
5364,Scott,Gilbert,bradley89@example.net,85,IL,45813.72,2022-11-20
5365,Seth,Gibbs,angela12@example.com,20,MA,36539.0,2024-03-17
5366,Tony,Howe,alansmith@example.org,65,MA,27804.52,2023-04-02
5367,Amber,Watkins,riveradestiny@example.net,82,IL,8922.73,2021-11-03
5368,David,Smith,justinfranco@example.com,53,CA,36274.73,2026-08-08
5369,Angela,Figueroa,morgantina@example.net,35,FL,30504.76,2022-09-27
5370,Susan,Holmes,lpatrick@example.net,25,CA,1877.05,2021-10-27
5371,Jack,Garcia,yvonnedavis@example.net,25,CT,11940.86,2023-09-15
5372,Kevin,Johnson,susanjones@example.com,45,MA,48486.59,2026-02-28
5373,Sydney,Gallegos,douglas12@example.net,63,MA,41426.28,2025-01-22
5374,Jessica,Knight,randymoore@example.com,50,WA,15753.69,2025-09-21
5375,Joseph,Hicks,brenda59@example.org,33,TX,36422.55,2025-11-13
5376,Paul,Atkins,aaronwalker@example.net,36,NY,4502.88,2025-11-06
5377,Julie,Wood,tyler16@example.com,76,IL,23322.5,2023-05-28
5378,Melissa,Ellison,clarkjustin@example.net,33,IL,2416.52,2024-10-01
5379,Melissa,Turner,groberts@example.com,43,ZZ,29665.89,2022-12-26
5380,Benjamin,Cruz,,43,XX,10839.11,2021-09-29
5381,Wendy,Kaiser,gcruz@example.org,69,CA,49972.18,2023-09-12
5382,Patricia,Caldwell,,23,TX,42740.68,2023-03-27
5383,Randy,Gordon,wattsmelissa@example.org,27,NY,45906.52,2024-07-07
5384,Larry,Brandt,miguelschultz@example.com,82,FL,37919.92,2025-11-01
5385,Emma,Wells,anne81@example.net,59,TX,4765.39,2022-06-29
5386,Ryan,Reyes,laustin@example.com,82,TX,38945.67,2024-12-14
5387,Carla,Patrick,kgraham@example.org,85,NJ,533.6,2022-10-31
5388,Amber,Miller,theodorehall@example.com,41,MA,41017.44,2022-03-31
5389,Jamie,Stevenson,tammy78@example.net,21,WA,5337.29,2025-07-12
5390,Antonio,Stein,patriciasmith@example.com,71,NY,27487.02,2024-02-13
5391,Erica,Johnson,annecox@example.org,85,NJ,12219.29,2022-04-19
5392,Paul,Chang,joseph35@example.net,66,CA,23613.65,2022-09-13
5393,Cody,Beard,heather91@example.org,81,CT,36463.06,2025-05-07
5394,Jacob,Allen,,33,TX,45833.61,2025-05-17
5395,Tammy,Gates,beasleyrobert@example.com,45,TX,18395.24,2026-06-07
5396,Jonathan,Olson,karenmarquez@example.org,62,PA,44294.2,2022-01-11
5397,Monique,Phillips,,27,ZZ,30184.57,2025-11-11
5398,Glenn,Smith,daysergio@example.net,33,IL,31964.42,2024-01-05
5399,Christine,Reed,jacobfitzpatrick@example.com,54,NY,26961.47,2022-05-06
5400,Mark,Vargas,dennisanderson@example.com,46,MA,19850.11,2024-01-07
5401,Kayla,Bryant,,79,CA,41903.26,2026-08-11
5402,Dominique,Boyd,jacob14@example.net,35,TX,9735.3,2023-03-06
5403,Wanda,Perez,invalid-email,38,MA,30328.42,2025-10-08
5404,Jennifer,Ferguson,gregory04@example.com,82,PA,3675.08,2023-04-16
5405,Hailey,Holt,invalid-email,75,CT,16759.56,2023-03-10
5406,Karen,Brown,,71,NY,4611.24,2025-01-16
5407,Gregory,Peterson,deannabrown@example.com,22,CT,6502.62,2023-03-09
5408,Christopher,Barnes,svargas@example.com,70,NJ,41479.15,2025-05-13
5409,Sean,Chavez,meyerkathleen@example.net,20,CA,11882.43,2025-07-27
5410,Jason,Perry,marksmolly@example.com,68,TX,21768.56,2024-09-21
5411,Kelly,Walsh,janetbrown@example.net,23,IL,34684.32,2024-06-07
5412,Kaitlin,Thompson,susan01@example.net,32,PA,21325.8,2023-01-13
5413,Jason,Freeman,rtaylor@example.org,20,NJ,47192.4,2024-02-27
5414,Kimberly,Gray,kelly99@example.com,25,IL,44246.87,2025-01-10
5415,Ashley,Zimmerman,lisabauer@example.org,64,TX,19891.52,2021-11-07
5416,Jennifer,Martinez,davisjonathan@example.net,29,NJ,19314.21,2025-09-19
5417,Elizabeth,Carlson,fwhite@example.com,76,NY,16018.91,2024-01-28
5418,Brenda,Rodriguez,cunninghamraymond@example.org,45,INVALID,47639.33,2024-10-17
5419,Kristen,Ritter,beckalan@example.net,45,CT,44874.68,2022-12-16
5420,Shelby,Robertson,rmccullough@example.org,63,NJ,40869.88,2024-12-04
5421,Timothy,Nunez,nancy96@example.com,83,IL,9170.19,2023-05-19
5422,Donna,Harvey,,31,FL,31318.91,2022-03-17
5423,David,Marshall,caleb34@example.org,80,TX,38152.6,2025-06-05
5424,Jimmy,Hall,invalid-email,36,WA,10542.93,2025-01-12
5425,Tyler,Lewis,paulwhitaker@example.com,85,CT,14520.04,2024-04-17
5426,Timothy,Williams,smithjeanne@example.net,23,NY,12105.01,2023-10-27
5427,Christopher,Smith,rjones@example.net,18,IL,49257.34,2022-07-18
5428,William,Sosa,,42,CA,14922.01,2024-08-12
5429,Timothy,Baker,,79,XX,36832.91,2024-08-26
5430,Tyler,Barnett,,85,PA,20372.86,2023-12-06
5431,Karen,Jackson,michealhenderson@example.net,45,MA,32256.78,2025-09-06
5432,Kimberly,Moss,ericsherman@example.com,33,NJ,5123.74,2026-04-14
5433,Melanie,Armstrong,nicolenguyen@example.com,65,FL,34555.39,2025-04-09
5434,Pamela,Burns,jessica78@example.org,20,WA,41112.84,2025-05-13
5435,Donna,Thompson,deniseevans@example.com,82,CA,49659.53,2025-11-02
5436,Joseph,Barber,whitenicholas@example.com,26,CT,14288.22,2024-09-05
5437,Danielle,Lawson,psantiago@example.org,41,NJ,35732.64,2025-06-27
5438,Ralph,Valencia,scook@example.com,75,CT,29144.96,2022-11-29
5439,Betty,Gill,bryce95@example.com,39,TX,37810.94,2026-01-28
5440,Richard,Duarte,,71,WA,28635.76,2025-03-10
5441,David,Ewing,erika64@example.org,66,CT,41514.11,2023-11-10
5442,Steven,Figueroa,pittsmary@example.net,76,NY,44457.57,2022-03-04
5443,James,Valdez,morganwatts@example.com,55,PA,26763.23,2025-05-17
5444,Victoria,Welch,kdiaz@example.com,64,WA,19204.94,2026-03-30
5445,Olivia,Cannon,beverly86@example.com,49,PA,16517.69,2023-12-08
5446,Heidi,Cook,zachary90@example.com,31,CT,1063.67,2022-01-28
5447,Ian,Matthews,mlynch@example.org,82,CT,28474.08,2023-04-05
5448,Jane,White,qsmith@example.org,42,PA,44526.98,2024-07-02
5449,Jay,Dominguez,lewisdavid@example.net,31,PA,41959.32,2024-06-28
5450,Thomas,Green,moorejohn@example.net,46,CT,39026.41,2025-11-08
5451,Justin,Ward,imiller@example.net,73,TX,28195.76,2024-09-01
5452,Carlos,Adams,bryan95@example.com,25,TX,31110.89,2025-05-25
5453,Thomas,Estrada,matthew92@example.org,20,IL,23648.88,2022-09-25
5454,Miguel,Andrade,invalid-email,68,XX,22859.07,2021-08-29
5455,Elizabeth,Saunders,charlenewalker@example.org,71,NJ,32096.8,2023-06-01
5456,Douglas,Nash,invalid-email,40,MA,15475.09,2023-05-21
5457,Rebecca,Banks,invalid-email,47,IL,30336.55,2024-12-14
5458,Melissa,Porter,xhill@example.com,59,WA,45393.0,2021-10-19
5459,Gabrielle,Prince,curtissmith@example.org,49,IL,6926.15,2026-08-17
5460,Stacy,Barber,foxbrandon@example.net,20,CT,41400.68,2024-01-13
5461,Richard,Collins,karen58@example.org,62,TX,44364.14,2024-11-19
5462,Luke,Smith,hoffmandarlene@example.net,33,PA,45112.43,2025-10-01
5463,Tom,Vasquez,jon61@example.net,73,CA,1496.99,2022-09-10
5464,Amanda,Ingram,ybennett@example.net,36,TX,29525.61,2023-02-10
5465,Kathryn,Allen,jesusroth@example.com,63,IL,33827.71,2023-01-06
5466,Audrey,Dickson,stephanieray@example.org,73,CT,4674.87,2022-05-31
5467,Michelle,Schwartz,waynejensen@example.org,66,WA,18914.81,2023-05-11
5468,Howard,Washington,andreafowler@example.org,70,NY,46173.07,2023-01-27
5469,Lawrence,Morris,dariusroberts@example.com,45,NJ,28089.7,2026-03-05
5470,Adam,Kennedy,ejohnson@example.net,72,NY,33600.58,2024-06-13
5471,Frank,Jones,stefanie77@example.org,36,MA,40361.62,2026-07-08
5472,Robert,Smith,,58,WA,16842.62,2023-10-30
5473,Kenneth,Rowland,pauldiaz@example.net,33,CT,42165.39,2023-11-03
5474,Allison,Bell,gdrake@example.net,52,TX,27073.4,2024-08-11
5475,Erin,Leach,shawn31@example.net,48,WA,39814.18,2024-09-10
5476,Jon,Baker,bbrown@example.org,57,IL,13595.07,2025-11-08
5477,Luke,Morgan,tim74@example.org,23,NJ,41626.5,2023-10-29
5478,Eric,Thomas,zachary75@example.com,39,FL,37616.64,2026-02-22
5479,Charles,Vincent,reillykatelyn@example.net,18,NJ,33385.82,2023-12-23
5480,Nathaniel,Watkins,davidlopez@example.net,83,TX,30019.62,2021-10-31
5481,Kimberly,Hull,bridget54@example.com,67,NY,49922.17,2025-04-30
5482,Samuel,James,justin59@example.org,32,TX,25194.97,2024-06-28
5483,Joshua,Frost,riley71@example.org,27,NY,33415.75,2022-07-29
5484,Jimmy,Pace,hamptonkathryn@example.com,-10,NJ,2395.81,2022-10-25
5485,Nathan,Moody,cheyenne75@example.net,26,TX,26390.62,2024-12-26
5486,Andrew,Foster,williamcross@example.org,53,NY,14651.73,2024-08-08
5487,Sabrina,Fox,ugallagher@example.net,27,CA,2716.18,2023-12-26
5488,Denise,Arnold,djoyce@example.com,70,PA,43144.92,2022-11-14
5489,Brianna,Harrison,biancahess@example.net,84,MA,43592.03,2022-11-13
5490,Samuel,Cruz,carrolldiane@example.com,74,TX,31348.88,2024-02-24
5491,Mark,Rogers,gibbskaren@example.net,24,CA,11025.54,2024-11-05
5492,Joshua,Cox,wallacedonald@example.com,53,CT,840.9,2022-06-01
5493,Chelsea,Dudley,parksandre@example.com,81,FL,22134.75,2024-09-10
5494,Jennifer,Norris,richardhernandez@example.net,54,ZZ,8115.61,2022-06-04
5495,Keith,Young,christine15@example.com,75,PA,36301.06,2024-02-18
5496,Carlos,Ramos,brandylarsen@example.net,70,PA,29815.6,2026-05-12
5497,Scott,Ramirez,angela98@example.com,62,NJ,27773.22,2024-12-26
5498,Tina,Lambert,adrian55@example.org,29,FL,36249.41,2025-01-31
5499,Lindsay,Diaz,omorgan@example.com,78,TX,46154.5,2022-05-05
5500,Adrienne,Harrell,arthur70@example.com,38,WA,34964.02,2022-01-15
5501,James,Williams,ewest@example.org,26,CT,1136.75,2024-04-21
5502,Lonnie,Kelley,lharrington@example.com,85,IL,13139.95,2025-12-16
5503,Abigail,Cook,jcarroll@example.org,42,MA,10133.32,2022-03-10
5504,Tiffany,Hardy,kylewalker@example.org,47,NY,46862.08,2024-01-11
5505,Aaron,Mercado,ashleypoole@example.net,58,XX,35745.95,2023-06-29
5506,Jason,Russell,frances83@example.com,39,MA,17237.06,2025-07-11
5507,Kathryn,Hickman,mramos@example.net,69,NY,23359.64,2023-08-10
5508,Matthew,Gutierrez,xwells@example.com,28,FL,532.07,2024-06-14
5509,Shane,Sanchez,kelly05@example.net,39,NY,3929.73,2025-06-02
5510,Elizabeth,Ramos,michaelsmith@example.org,38,NJ,18991.48,2022-07-11
5511,Haley,Pratt,johnsonamber@example.com,46,TX,11898.65,2025-08-30
5512,Allison,Hernandez,todd45@example.com,83,CA,6617.81,2024-10-11
5513,Brandon,Smith,shelly04@example.org,81,IL,28671.78,2023-06-25
5514,Kristina,Moss,bethany16@example.com,62,TX,6063.21,2021-09-13
5515,Emily,Patterson,millercynthia@example.net,45,FL,3716.8,2023-07-18
5516,Samuel,Hall,allen47@example.net,55,CT,13229.93,2024-11-26
5517,Brandon,Williams,matthew40@example.net,24,PA,43227.9,2024-05-26
5518,Devin,Sims,sullivanpatricia@example.net,59,NJ,7042.56,2025-01-15
5519,Sara,Cruz,cindy56@example.net,68,CT,25513.43,2023-05-17
5520,Heather,Huang,knappjeffrey@example.net,30,TX,13769.59,2023-08-08
5521,Anna,Powell,ktaylor@example.com,24,MA,22586.93,2023-06-12
5522,Kellie,Hendricks,washingtonalexandria@example.org,50,NY,19917.98,2022-10-23
5523,Calvin,Hines,monica24@example.com,31,PA,45252.14,2024-11-12
5524,Monica,Salazar,pmorales@example.net,81,IL,8515.91,2024-09-01
5525,Kaylee,Blair,invalid-email,-10,NY,700.68,2022-12-31
5526,Teresa,Barrera,ksimpson@example.com,38,NY,43909.07,2022-02-25
5527,Alejandro,Johnston,rodgersbrent@example.net,41,NY,31413.28,2024-02-22
5528,Seth,Jones,farleywalter@example.org,51,IL,46529.28,2026-01-26
5529,Tara,Chung,walkerandrew@example.net,71,PA,28625.99,2024-05-11
5530,Noah,Rodriguez,andreadiaz@example.org,61,FL,39219.73,2023-07-16
5531,Mark,Pennington,xcowan@example.com,74,MA,37893.92,2022-10-16
5532,Eric,Bailey,crodriguez@example.com,47,IL,12151.47,2024-08-07
5533,Shaun,Jackson,kristinraymond@example.net,32,IL,8860.83,2023-05-28
5534,Tyrone,Reese,tracy50@example.net,58,TX,1457.85,2021-12-06
5535,Anne,Wagner,owilson@example.net,47,WA,37513.56,2022-09-25
5536,Katherine,Schroeder,cantubenjamin@example.com,20,FL,39280.38,2022-06-30
5537,Sharon,Wilcox,mary47@example.org,72,ZZ,34037.27,2026-02-12
5538,Mason,Charles,katie52@example.com,33,FL,23916.06,2022-12-09
5539,Tanya,Fleming,carolmoody@example.net,25,TX,43045.2,2024-08-12
5540,Jessica,Wood,kellermary@example.org,81,MA,45015.63,2025-10-22
5541,Sarah,Meyers,kingwilliam@example.com,84,PA,43005.05,2022-04-22
5542,Carrie,Cochran,seanwheeler@example.com,19,CA,38226.8,2025-04-24
5543,Larry,Thompson,asantiago@example.net,66,IL,7181.47,2025-08-22
5544,Juan,Lowe,samuel40@example.org,39,PA,11195.41,2023-10-23
5545,David,Bell,eric55@example.com,62,CA,33694.15,2022-01-23
5546,James,Roth,fcortez@example.org,29,TX,33937.36,2024-04-19
5547,Sheila,Roy,melvin09@example.net,64,NJ,38864.33,2023-05-23
5548,Sarah,Harrell,kendra75@example.org,75,INVALID,34337.37,2023-06-21
5549,Raven,Gordon,dixonjoshua@example.net,69,WA,7517.03,2026-03-31
5550,Heidi,Gonzales,zjones@example.org,27,IL,32565.08,2022-08-29
5551,Antonio,Beck,tracymayer@example.net,40,NY,49085.1,2025-07-19
5552,Edward,Harrison,jwright@example.com,35,CA,28393.35,2022-04-05
5553,Sergio,Le,ncarter@example.com,76,WA,47744.56,2026-03-11
5554,Laura,Heath,kathryn87@example.net,52,MA,21498.05,2025-03-01
5555,Karen,Silva,theresaroberts@example.net,54,IL,43403.88,2024-09-07
5556,Kristin,Harris,freed@example.org,38,PA,44608.83,2026-07-29
5557,Maria,Christensen,qortiz@example.net,22,CA,39919.25,2025-09-15
5558,Tamara,Smith,jerry67@example.net,47,IL,21657.54,2024-02-21
5559,Kathryn,Johnson,sandersrachel@example.net,50,IL,48453.28,2025-07-08
5560,Nancy,Webb,petersonkevin@example.org,34,CT,44124.56,2024-05-28
5561,Amanda,Lopez,penalaura@example.net,61,WA,25610.28,2026-05-04
5562,Jessica,Hunt,sandersjoshua@example.org,26,NY,14178.3,2022-06-02
5563,Rodney,Medina,savagejeffrey@example.net,75,IL,25376.75,2025-10-25
5564,Joan,Mendez,stephanie11@example.com,22,FL,4583.29,2023-01-05
5565,Nicole,Shannon,gstephens@example.com,40,MA,44759.8,2024-01-21
5566,Jordan,Miller,bethany10@example.net,69,FL,19524.81,2023-07-09
5567,Ronald,Porter,joejames@example.org,43,IL,38455.37,2023-01-30
5568,Benjamin,Thomas,lisacollins@example.com,41,NJ,46695.22,2024-05-23
5569,Cassie,Thomas,,75,CT,19022.41,2026-06-10
5570,Cory,Conner,matthewmoses@example.org,27,WA,3174.05,2021-12-15
5571,Alyssa,Johnson,michelle99@example.com,77,FL,30521.6,2026-04-01
5572,Andres,Taylor,invalid-email,81,TX,27098.84,2024-11-04
5573,Ivan,Blanchard,invalid-email,73,IL,24861.3,2026-07-15
5574,Jason,Tran,zhawkins@example.net,37,PA,16005.81,2026-04-19
5575,Daniel,Williams,thomasgonzalez@example.net,43,FL,49709.6,2025-01-23
5576,Shawn,Mclean,bethlee@example.org,22,IL,15912.69,2024-08-24
5577,Stephanie,Johnson,petersonkrystal@example.net,85,NJ,19929.68,2023-08-03
5578,Raymond,Williams,chentraci@example.com,41,MA,18434.05,2024-02-04
5579,William,Nguyen,thanson@example.net,52,NJ,33178.51,2025-11-06
5580,Christina,Brown,stevenpatel@example.com,64,TX,19046.96,2026-05-01
5581,Elijah,Mueller,geraldandrews@example.net,60,FL,-3487.87,2025-01-10
5582,Tamara,Murphy,rodriguezbrittany@example.net,21,NY,8395.98,2022-11-16
5583,Gabriella,Singleton,tracy54@example.org,40,CA,42624.08,2024-11-01
5584,William,Morales,michael47@example.net,-10,CT,9127.8,2021-11-22
5585,Thomas,Soto,jilladams@example.com,85,TX,23034.29,2022-09-18
5586,Robert,George,,68,MA,7017.71,2024-11-17
5587,Deborah,Ramirez,amy87@example.com,55,PA,31915.06,2021-10-28
5588,Nancy,Porter,ncosta@example.net,35,IL,36968.03,2021-11-26
5589,Jacob,Wallace,codykoch@example.org,52,TX,41515.42,2025-06-18
5590,Victoria,Mann,campbelljason@example.org,46,MA,27309.1,2025-08-30
5591,Nicholas,Fisher,hbaker@example.org,31,CA,20245.05,2022-01-18
5592,Richard,Davis,vanessasellers@example.com,51,NY,34223.46,2022-07-24
5593,Melinda,Graham,lisareyes@example.net,59,PA,26652.01,2024-06-19
5594,Chris,Hughes,david66@example.org,61,FL,8894.93,2022-10-15
5595,Nicholas,Carter,jamessmith@example.com,61,TX,8383.97,2022-01-22
5596,Shane,Guzman,leslie40@example.com,39,TX,47303.24,2025-06-11
5597,Cassandra,Walsh,anthony19@example.net,-10,MA,17166.25,2021-09-09
5598,Mckenzie,Sherman,robert73@example.net,65,NY,11177.68,2023-06-04
5599,Leah,Cuevas,carly17@example.com,82,NY,27996.68,2022-10-28
5600,Ian,Rodriguez,hernandezjacob@example.net,68,CA,18290.21,2025-07-20
5601,Nicholas,Gamble,sandersmark@example.com,80,IL,13142.47,2021-09-27
5602,Kenneth,Jackson,michaelgriffin@example.com,67,IL,16218.82,2023-01-26
5603,Elizabeth,Carpenter,thomas75@example.org,59,FL,38650.16,2022-05-22
5604,Jennifer,Shields,rbenson@example.com,54,CT,11210.34,2022-06-13
5605,Traci,Stewart,hacevedo@example.net,42,CT,31406.39,2025-02-23
5606,Megan,Warren,moralesjessica@example.org,33,IL,41216.43,2022-02-15
5607,Tara,Stewart,davisjonathan@example.net,27,NY,45694.02,2022-12-12
5608,Eric,Miles,virginia46@example.com,79,PA,2344.49,2022-09-19
5609,Rose,Mcconnell,vjones@example.com,84,CA,29098.85,2026-02-10
5610,Nicole,Baker,flemingrichard@example.com,52,NJ,4300.51,2023-03-08
5611,Sherry,Pena,thomas03@example.com,64,MA,19726.54,2021-09-01
5612,David,Hooper,fitzpatrickrichard@example.org,29,CA,14682.5,2023-12-10
5613,Paul,Clark,wilsonemily@example.com,31,CA,41379.97,2022-09-12
5614,Jeffrey,Davis,gibsonanthony@example.org,250,NY,-3487.28,2026-06-16
5615,Theodore,James,bgreen@example.org,40,CA,30968.98,2024-06-24
5616,Elizabeth,Christian,kelly26@example.net,45,TX,23792.78,2021-12-01
5617,Patricia,Kim,melissajones@example.com,85,NY,11907.44,2025-12-25
5618,Jamie,Farmer,kevinguerrero@example.org,72,FL,42577.97,2025-10-24
5619,Jon,Lutz,natalie66@example.org,23,NJ,47990.01,2023-01-02
5620,Karen,Thomas,stephaniebrown@example.com,52,PA,34856.3,2026-02-08
5621,Nicole,Martinez,hoganroberto@example.net,31,CT,47519.34,2022-12-10
5622,Brian,Stone,corey59@example.org,29,NJ,38816.69,2022-10-27
5623,Samantha,Henderson,dylan74@example.com,40,FL,19146.62,2022-12-01
5624,Jacob,Schaefer,pottskaren@example.com,85,NY,-2232.11,2024-07-14
5625,Leonard,Jordan,debbie41@example.org,85,FL,28074.28,2025-02-01
5626,Jason,Baird,,34,FL,336.33,2024-11-01
5627,Julia,Clarke,shermanalexander@example.com,64,PA,11750.5,2024-05-07
5628,Melanie,Williams,knichols@example.net,83,IL,27890.24,2025-05-19
5629,Shawn,Bennett,grantkatie@example.org,62,TX,8139.48,2026-07-21
5630,Joshua,Dominguez,cynthia44@example.com,35,CA,27870.33,2023-03-01
5631,Tyrone,Young,nathanpena@example.net,72,TX,2918.46,2025-11-30
5632,Taylor,Reynolds,qjohnson@example.com,59,WA,25321.97,2024-02-22
5633,Michael,Huff,mary17@example.com,75,IL,22110.07,2021-11-16
5634,Tonya,Pope,thomasmiller@example.net,56,PA,6910.95,2022-03-18
5635,Mark,Sanders,badams@example.net,61,IL,16864.27,2024-09-25
5636,Gary,Smith,antonio57@example.net,53,IL,31608.62,2022-05-25
5637,Carlos,Adams,peterwagner@example.com,72,CA,39830.12,2026-05-13
5638,Joyce,Obrien,keithsimmons@example.net,58,WA,14401.63,2022-02-08
5639,Candice,Hensley,burnettjennifer@example.net,82,XX,15227.09,2025-10-11
5640,Kristina,Thompson,nhunt@example.org,33,NY,40620.89,2024-03-08
5641,Amanda,Fitzgerald,longlauren@example.org,72,CA,1269.79,2025-06-11
5642,Edward,Contreras,stevensbrandi@example.net,18,NJ,2143.75,2022-04-30
5643,Angela,Osborne,jasonsosa@example.org,57,CA,31958.25,2023-04-12
5644,Todd,Taylor,summersjeanette@example.org,47,NY,47923.07,2024-03-24
5645,Maurice,Sherman,lmartinez@example.net,34,NY,39965.61,2023-12-08
5646,Darren,Hanna,lopezkylie@example.com,58,NY,10417.2,2024-11-23
5647,Troy,Thomas,debra37@example.com,59,CA,24026.46,2022-07-13
5648,Kristen,Lowe,invalid-email,84,MA,31670.89,2022-07-23
5649,Scott,Allen,xgreen@example.net,72,IL,36907.76,2024-03-04
5650,Cameron,Fletcher,douglas05@example.net,30,CT,15163.12,2022-04-24
5651,Susan,Leon,stephaniemckee@example.org,84,IL,30845.43,2025-12-13
5652,Autumn,Howard,zsnyder@example.net,67,WA,30998.11,not-a-date
5653,Randall,Powers,tracystevens@example.com,80,PA,-903.89,2023-11-26
5654,Jeffrey,Griffith,hendersonerin@example.org,46,TX,22450.22,2022-04-09
5655,Edgar,Allen,garciapamela@example.org,74,CT,32157.28,2022-10-30
5656,Jared,Rodriguez,xmurphy@example.net,37,NJ,6486.83,2021-11-08
5657,Miranda,Sullivan,stephanie41@example.org,83,PA,45962.06,2022-09-08
5658,Mackenzie,Martinez,melissaescobar@example.net,54,MA,47485.16,2024-01-20
5659,John,Goodwin,xbrown@example.net,26,IL,10921.93,not-a-date
5660,Jamie,Guerra,wrightalexander@example.net,40,IL,40386.46,2026-07-05
5661,Anna,Gonzales,timothyjackson@example.org,31,PA,9521.19,2026-05-20
5662,Daniel,Cabrera,donaldbanks@example.net,26,PA,10009.05,2021-08-30
5663,Wendy,Carlson,gjones@example.net,36,NJ,31345.6,2022-10-16
5664,Sara,Kirby,joseph98@example.net,29,NJ,18857.82,2025-07-26
5665,Linda,Fernandez,seanramirez@example.net,19,NY,25979.53,2023-10-27
5666,Joy,Hall,davislaura@example.com,71,CT,24476.89,2021-12-08
5667,John,Adams,kevindiaz@example.com,44,IL,23159.3,2021-10-14
5668,Melissa,Khan,smithrobin@example.com,21,IL,8252.96,2023-03-30
5669,Sherry,Stone,sallyarnold@example.org,78,TX,25934.07,2024-12-19
5670,Kimberly,Johnson,annettereese@example.net,29,FL,8847.06,2026-08-06
5671,Brian,Arias,travis98@example.org,41,CA,24003.98,2026-06-10
5672,Zachary,Doyle,stevengay@example.com,59,CT,37341.33,2025-06-26
5673,Craig,Henson,javierjohnson@example.org,64,IL,31386.73,2023-07-16
5674,Robert,Snow,,79,PA,18945.48,2022-09-12
5675,Rebecca,Davis,higginsheidi@example.org,22,CA,7122.29,2026-07-31
5676,Brittany,Rogers,anthonysanchez@example.org,29,IL,40833.4,2025-04-07
5677,Mary,Scott,halltrevor@example.org,76,TX,44982.57,2026-06-30
5678,Alan,Gould,parmstrong@example.org,48,NY,19624.78,2021-10-08
5679,Connor,Ryan,natashakemp@example.com,41,FL,48017.53,2026-07-23
5680,Nathan,Anderson,gthomas@example.com,78,PA,3166.1,2022-07-18
5681,Joseph,Beltran,david68@example.com,45,XX,22144.92,2026-04-17
5682,John,Ward,bruce65@example.org,45,WA,32769.8,not-a-date
5683,Catherine,Rogers,patrickherman@example.com,41,NJ,16291.13,2024-10-02
5684,David,Johnson,vhatfield@example.net,40,PA,28832.4,2021-10-20
5685,Michael,Dunn,boonelee@example.net,45,TX,44077.94,2023-03-28
5686,Samantha,Medina,zryan@example.net,30,TX,39970.15,2022-12-12
5687,Marc,Murphy,vduarte@example.net,27,CT,11813.6,2025-03-25
5688,Kimberly,Holloway,lbaker@example.org,36,MA,44835.33,2026-06-25
5689,Jorge,House,rebecca55@example.com,59,CA,35123.51,2024-01-20
5690,Valerie,Smith,brandondaniel@example.net,49,WA,42784.95,2024-02-15
5691,Leslie,Doyle,austinpollard@example.org,44,CA,27797.21,2022-10-02
5692,Jonathan,Burton,morgan58@example.org,57,CT,20893.77,2023-07-28
5693,Timothy,Duncan,krista46@example.com,80,FL,36855.75,2023-03-07
5694,Jonathan,Cherry,williamskelly@example.org,81,MA,8078.08,2023-02-05
5695,Robert,Sweeney,cindy68@example.org,68,CT,12356.77,2023-02-10
5696,Tammy,Pacheco,george60@example.com,20,WA,16631.21,2026-08-08
5697,Andrea,Jacobs,randy25@example.com,50,WA,40538.17,2023-09-29
5698,Christopher,Lee,,81,WA,35774.54,2022-01-10
5699,Vanessa,Rodriguez,sparkspatrick@example.org,32,PA,44663.6,2025-01-14
5700,Nathan,Hawkins,richardsonmark@example.org,74,NJ,9339.74,2023-03-05
5701,Daniel,Bentley,eparrish@example.com,40,FL,3494.12,2022-12-01
5702,Crystal,Sutton,eavery@example.net,25,CA,12324.47,2024-12-09
5703,Natalie,Cardenas,garretthannah@example.org,77,IL,45533.17,2025-07-08
5704,Eric,Wright,dmorales@example.org,32,MA,24516.37,2023-06-11
5705,Tabitha,Garcia,samantha46@example.net,59,PA,28978.93,2023-09-24
5706,Michael,Vaughan,johnparker@example.net,84,MA,6533.42,2024-05-05
5707,Jacob,Kline,delacruzmelissa@example.org,21,NY,6735.81,2025-12-14
5708,Cynthia,Nelson,katrina92@example.net,64,TX,36460.15,2023-12-02
5709,Jennifer,Werner,robbinsjoseph@example.com,24,IL,9422.02,2026-06-28
5710,Regina,Johnston,andrew09@example.net,22,NJ,13265.58,2023-03-07
5711,Matthew,Hodges,penny39@example.org,80,WA,40541.64,2024-11-08
5712,Keith,Figueroa,,77,IL,25173.04,2025-05-23
5713,Timothy,Wade,qbarnes@example.net,74,CA,34179.86,2023-12-25
5714,Jamie,Schmidt,john25@example.org,65,IL,17868.21,2024-06-12
5715,Melissa,Gibson,imartinez@example.net,48,IL,19717.29,2023-11-12
5716,Scott,Roman,zcoleman@example.org,25,NJ,10099.76,2025-02-03
5717,Christopher,Martinez,,53,CT,11814.37,2022-04-06
5718,Barbara,Wong,danielgraham@example.net,67,NY,40733.64,2024-02-11
5719,Sarah,Smith,robert75@example.net,59,NY,23010.74,2022-03-20
5720,Courtney,Singleton,ngross@example.net,62,PA,47704.71,2024-08-03
5721,Emily,Baird,twilliams@example.com,29,NJ,38947.24,2025-07-23
5722,Tim,Olson,nelsonmichael@example.com,39,WA,37463.91,2025-11-11
5723,Taylor,Schaefer,tanyaferrell@example.net,21,NY,15139.53,2021-09-21
5724,Christopher,Richardson,jonathan40@example.net,79,CT,32687.74,2025-10-14
5725,Christine,Dean,stephen52@example.com,83,MA,2834.43,2023-07-31
5726,Crystal,Henry,sarah84@example.com,43,XX,28827.46,2023-04-26
5727,Matthew,Caldwell,wmyers@example.net,78,NY,10520.86,2023-09-07
5728,John,Morgan,teresa05@example.org,81,NY,30434.86,2026-08-19
5729,Rachel,Crane,jenningsethan@example.net,32,PA,19890.98,2023-12-25
5730,Allison,Mann,thomasarmstrong@example.net,37,PA,5777.98,2024-03-03
5731,Angela,Brown,mckenzie26@example.com,38,NY,43336.54,2021-09-29
5732,Robert,Henderson,,76,TX,23327.64,2023-10-23
5733,Nancy,Baker,darlenetownsend@example.com,35,NJ,5758.3,2022-08-13
5734,Michael,Brown,zmorrison@example.org,29,NY,5635.48,2023-10-17
5735,Jeffrey,Simpson,qbecker@example.org,69,NY,6475.12,2023-01-09
5736,Daniel,Chaney,willisperry@example.net,41,NJ,6047.84,2023-10-10
5737,Matthew,Bond,vlang@example.net,22,FL,6799.34,2022-07-06
5738,Barry,Price,baileychloe@example.net,61,IL,37997.6,2021-12-10
5739,Colleen,Thomas,mendozabrandon@example.net,49,MA,46274.15,2021-12-12
5740,Jason,Horn,mallory90@example.org,45,NJ,14680.61,2022-09-03
5741,Kelli,Evans,mariereynolds@example.net,42,TX,19014.18,2022-07-05
5742,Kimberly,Hanson,arnoldchristopher@example.com,44,IL,670.45,2024-12-30
5743,Danielle,Velez,wilsonheather@example.net,40,FL,32531.33,2025-11-13
5744,Robert,Baker,carlosrodriguez@example.org,56,IL,5181.48,2024-05-25
5745,Victoria,Bullock,ryan59@example.com,54,PA,5022.93,2022-02-10
5746,Christopher,Thomas,margarethart@example.net,54,NJ,39491.85,2026-07-16
5747,Victoria,Morrison,rriggs@example.com,68,IL,7030.56,2024-11-11
5748,Jon,Robinson,margaret83@example.net,61,NJ,28821.48,2024-01-16
5749,Nicole,Lowe,olivia88@example.com,59,PA,7506.4,2023-07-23
5750,Thomas,Mendoza,courtney50@example.net,54,TX,6440.37,2022-11-07
5751,Lisa,Simon,iwells@example.net,42,CA,49728.35,2025-08-06
5752,Wendy,Johnston,moralesmichael@example.com,62,TX,41982.3,2023-05-25
5753,Eric,Ramos,joshuawilkinson@example.net,26,NJ,40268.11,2023-02-27
5754,Kim,Dixon,jthomas@example.net,45,WA,29810.14,2023-12-09
5755,Jasmine,Lawrence,jessicahobbs@example.net,34,WA,24827.9,2024-06-24
5756,Joseph,Wheeler,melissaponce@example.com,20,NY,11443.16,2022-06-17
5757,Tony,Scott,fcalhoun@example.org,76,NY,7093.95,2023-02-08
5758,Scott,Bush,candicecline@example.com,42,TX,46758.44,2023-03-14
5759,Mary,Campbell,todd18@example.org,59,IL,18334.53,2022-05-03
5760,Justin,Baker,stevenscurtis@example.org,57,PA,10600.63,2022-04-22
5761,Kimberly,Ramirez,stephenmcneil@example.org,21,CT,47075.63,2023-09-29
5762,Samuel,Leblanc,christine35@example.com,37,NJ,7042.29,2021-10-12
5763,Brandi,Wood,stanleyanthony@example.org,79,NJ,21122.99,2025-03-25
5764,William,Wood,fbridges@example.org,64,WA,8097.69,2024-01-07
5765,Heather,Ramsey,benitezheather@example.com,47,IL,24742.85,2024-06-20
5766,Christopher,Tapia,robert07@example.org,25,PA,29953.34,2021-08-31
5767,Sherry,Thornton,nlewis@example.org,25,FL,35942.05,2025-10-20
5768,Timothy,Schultz,millernicole@example.org,28,TX,21309.94,2022-02-13
5769,Nicole,Roberts,robertjones@example.net,20,TX,11410.06,2024-09-18
5770,Eric,Grimes,alexis06@example.org,34,ZZ,26552.36,2022-09-04
5771,Patrick,Nelson,dhouse@example.org,31,CA,15971.76,2026-03-18
5772,Lawrence,Miller,john80@example.com,38,NJ,11091.85,2025-10-10
5773,Christopher,Greer,mcknightantonio@example.com,54,NJ,12484.87,2023-04-30
5774,Christopher,Stewart,sandrazimmerman@example.net,33,NJ,30806.86,2026-05-09
5775,Cheryl,Pruitt,jbrown@example.com,69,FL,28221.41,2023-08-31
5776,Kimberly,Lindsey,laura77@example.net,75,CA,21159.46,2023-10-26
5777,Brandon,Murphy,nicholas57@example.com,57,WA,3244.12,2021-09-03
5778,Joshua,White,,74,WA,33853.42,2023-07-26
5779,Nancy,Alvarado,invalid-email,62,CA,14252.18,2025-06-07
5780,Matthew,Scott,,40,MA,12564.06,2022-03-06
5781,Darrell,Hoffman,reyesmiguel@example.net,31,PA,41838.51,2021-09-26
5782,Charles,Porter,michael70@example.net,50,FL,21709.24,2022-06-26
5783,Travis,Kelley,paige44@example.net,32,NJ,27747.07,2023-01-30
5784,Rachel,Escobar,julie94@example.org,33,IL,6131.84,2025-05-17
5785,Tristan,Soto,gravesmelanie@example.org,44,NJ,40304.84,2023-04-10
5786,David,Gonzales,,70,IL,11492.55,2024-03-07
5787,Natalie,Valentine,jwilliams@example.com,75,TX,13808.5,2021-12-11
5788,Jessica,Ortega,phillipsmorgan@example.org,29,FL,8093.72,2023-11-10
5789,Patrick,Ryan,cvaldez@example.com,84,NJ,27218.63,2024-04-22
5790,Rachel,Robinson,barbara23@example.net,84,NY,40616.81,2025-05-17
5791,Kristin,Myers,vegalawrence@example.org,64,FL,-3816.9,2025-12-17
5792,Krista,Morris,,21,NY,48710.06,2025-01-26
5793,Monica,Bailey,pageamanda@example.org,25,FL,4221.75,2021-08-28
5794,Shane,Kennedy,harold45@example.com,83,NJ,20429.34,2023-12-01
5795,Curtis,Garrett,colson@example.com,31,ZZ,2694.15,2023-10-09
5796,David,Davis,laurenthompson@example.org,47,CA,3985.38,2023-02-16
5797,Michelle,Green,sampsonbrittany@example.org,24,CT,18056.06,2022-03-09
5798,Eric,Crane,cindy83@example.org,85,CT,24601.66,2023-09-30
5799,Maria,Buck,kristen08@example.net,43,TX,8749.03,2024-07-06
5800,George,Townsend,brittany44@example.net,43,NJ,871.48,2023-12-17
5801,Natalie,Myers,davisemily@example.org,73,PA,17446.68,2023-05-06
5802,Richard,Anderson,robertpaul@example.net,85,CA,22340.99,2024-05-01
5803,Eduardo,Henry,connermelissa@example.net,72,WA,12688.03,2022-06-22
5804,Brandon,Valdez,stephenperez@example.com,21,MA,6024.82,2026-04-08
5805,Christine,Dyer,stewartpeter@example.com,18,CA,9948.24,2025-05-26
5806,Ryan,Gutierrez,wliu@example.net,43,WA,20128.99,2025-12-06
5807,Sandra,Francis,dchase@example.org,74,CT,41916.54,2025-07-15
5808,John,Hensley,jlopez@example.org,68,TX,41159.65,2024-09-22
5809,Gregory,Marks,brandon80@example.com,28,CA,29257.36,2024-09-14
5810,Andrew,Gonzales,pweiss@example.net,85,MA,41534.65,2024-02-14
5811,Collin,Larsen,,78,NJ,1604.23,2025-05-28
5812,Tina,Bowman,iprice@example.com,52,TX,20740.2,2024-03-17
5813,Victoria,Ponce,melissafischer@example.net,30,CT,48254.05,2022-10-15
5814,Anthony,Smith,sbrown@example.com,21,NY,39755.17,2025-10-25
5815,Jennifer,Smith,yclay@example.com,24,FL,29425.71,2024-06-16
5816,Melinda,Sanchez,cindy04@example.com,77,NY,45696.47,2023-12-21
5817,Cheryl,Williams,julie30@example.com,22,NJ,37451.13,2023-12-25
5818,David,Pena,moorestanley@example.com,51,WA,11797.6,2023-06-22
5819,Whitney,Smith,,26,WA,37864.36,2026-02-13
5820,David,Hanson,ruth54@example.com,52,WA,151.34,2022-09-06
5821,Amber,Hampton,hector40@example.com,49,NY,15833.3,2022-06-07
5822,Franklin,Nguyen,wallacemaxwell@example.org,40,NJ,12776.08,2022-07-20
5823,Mitchell,Taylor,charles50@example.org,82,NJ,40391.6,2022-07-29
5824,Eric,Mcdonald,owenangela@example.com,56,WA,41085.58,2024-12-29
5825,Tina,Reed,david91@example.net,68,WA,26459.4,2024-10-22
5826,Christopher,Johnson,underwoodcurtis@example.org,81,MA,32401.35,2026-06-22
5827,Sharon,Smith,crystal04@example.net,43,FL,29515.86,2026-07-09
5828,Carlos,Patterson,javieringram@example.com,33,TX,19111.06,2023-09-01
5829,Colleen,Mueller,lhoffman@example.com,55,NY,20544.36,2023-11-15
5830,William,Hood,bobbywalls@example.net,66,NY,7421.99,2023-06-25
5831,Melissa,Morrison,xirwin@example.com,80,CT,47627.32,2022-08-17
5832,Lisa,Gonzales,kevinhess@example.org,80,FL,28550.9,2022-08-25
5833,Jamie,Bruce,taylorlawrence@example.org,49,MA,41545.82,2024-06-20
5834,Patricia,Price,molly64@example.org,59,TX,9150.77,2026-06-22
5835,Michael,Steele,barrettrachel@example.com,83,WA,29756.07,2025-02-05
5836,Caitlyn,Sparks,stephanie81@example.com,32,WA,22303.4,2021-10-15
5837,Amy,Flores,hendrickspatrick@example.org,19,NY,35574.34,2025-07-31
5838,Sarah,Rodriguez,lwilliamson@example.com,51,PA,44171.25,2026-01-08
5839,Kimberly,Allen,,35,NJ,10717.11,2025-09-07
5840,Jason,Hess,dalehudson@example.org,24,IL,23037.09,2025-06-23
5841,Mark,Bishop,tylergreen@example.org,39,NY,4451.14,2025-07-10
5842,John,Conley,bhickman@example.net,25,PA,33037.8,2023-02-23
5843,Billy,Porter,paulrojas@example.com,21,CT,4753.9,2023-03-16
5844,Jessica,Obrien,,28,MA,18468.85,2023-06-02
5845,Tasha,Washington,cameronkim@example.org,83,WA,25222.84,2022-08-21
5846,Nicole,Williams,mjohnson@example.net,75,PA,44872.34,2024-05-05
5847,Kenneth,Porter,hcox@example.net,28,FL,48125.96,2026-03-30
5848,Dillon,Smith,zfranco@example.com,82,WA,48229.11,2024-04-08
5849,Tracie,Thompson,invalid-email,83,NJ,40765.94,2023-07-27
5850,Alexander,Hampton,gcastaneda@example.net,27,IL,46403.79,2026-03-05
5851,Bryan,Meadows,tchapman@example.net,51,CT,26755.2,2025-12-17
5852,Mike,Stephens,nicholas80@example.com,38,NY,22564.57,2024-05-12
5853,Charles,Cole,ericmitchell@example.net,63,IL,25657.27,2024-09-08
5854,Kristie,Holder,hsmith@example.org,47,WA,49142.8,2024-06-02
5855,Amanda,Baker,williamsonrobin@example.com,82,CA,21883.39,2026-01-21
5856,Jonathan,Odonnell,cpierce@example.com,19,IL,8628.75,2026-02-13
5857,Amanda,Lee,umccullough@example.net,21,CT,27004.75,2023-07-09
5858,Heather,Moon,paulwhite@example.org,71,FL,16009.91,2021-12-25
5859,Wendy,Watts,vwarner@example.net,29,PA,42105.94,2023-09-16
5860,Brian,Weeks,treid@example.org,66,WA,4256.4,2024-10-31
5861,Amanda,Hardy,wilkinsonjason@example.net,69,NY,38230.48,2022-07-01
5862,Theresa,Parsons,scottmartinez@example.net,28,PA,25544.91,2026-01-07
5863,Alicia,Crawford,victoria15@example.com,81,WA,13520.81,2024-01-25
5864,Stephanie,Garcia,egonzalez@example.com,39,WA,33520.62,2025-09-22
5865,Teresa,Wilson,ybarnett@example.org,82,PA,23167.95,2022-12-25
5866,Brooke,Hill,john17@example.net,68,WA,47163.51,2022-06-05
5867,Jeremy,Aguirre,debra97@example.com,79,NJ,13356.72,2023-10-22
5868,Antonio,Parker,dorseyscott@example.com,63,MA,35669.1,not-a-date
5869,Richard,Prince,riverashane@example.com,51,NY,39505.83,2026-06-27
5870,Dominic,Greene,udixon@example.com,72,NY,17730.5,2023-05-07
5871,David,Leach,edward58@example.com,23,FL,44979.35,2023-08-23
5872,Greg,White,mcknightfernando@example.net,49,PA,24375.34,2023-09-25
5873,Christina,Williams,garciaveronica@example.com,46,CA,36143.27,2022-02-25
5874,Zachary,Gonzales,angelalambert@example.net,63,NY,38951.53,2022-09-22
5875,Joel,Taylor,maryestrada@example.net,76,WA,39893.21,2024-04-03
5876,Devin,Howard,rodney86@example.org,68,PA,14642.49,2024-06-12
5877,Patricia,Bird,,23,WA,46311.35,2022-12-22
5878,Angela,Hansen,,54,WA,18815.73,2022-06-09
5879,Dustin,Hall,adam60@example.org,49,CT,46777.83,2025-04-13
5880,Edgar,Patterson,melissa09@example.com,72,NJ,13282.23,2022-01-03
5881,Cassidy,Johnson,smithcarla@example.com,83,CT,7584.47,2023-08-05
5882,Mary,Watkins,,74,NJ,7647.46,2021-11-26
5883,Thomas,Stone,melissa27@example.net,61,NY,19296.76,2023-02-14
5884,Katherine,Vazquez,pruittleroy@example.net,38,CA,28999.87,2022-04-14
5885,Elizabeth,Pierce,mparks@example.org,49,TX,13760.86,2024-02-16
5886,Susan,Moore,xbraun@example.com,34,NJ,25126.64,2024-06-24
5887,Daniel,Brady,burtonerika@example.com,46,CT,26731.1,2025-05-22
5888,Cameron,Wilson,qdavis@example.com,82,MA,30704.01,2021-08-20
5889,Dylan,Johnson,russellgregory@example.com,73,PA,49250.62,2026-08-08
5890,Rebekah,Scott,marilyn46@example.com,68,FL,7566.93,2022-05-02
5891,Ryan,Jennings,bruce53@example.com,85,FL,30097.12,2024-02-16
5892,Tracy,Atkinson,millerrobert@example.org,26,TX,1102.74,2024-03-04
5893,Jacqueline,Wiley,jenniferhaas@example.net,26,NY,14994.98,2024-04-26
5894,Vernon,Howard,kleblanc@example.net,45,NY,29324.9,2022-07-27
5895,Jorge,Jones,nicole28@example.net,49,CA,33059.06,2025-07-22
5896,Sabrina,Farmer,shaffercorey@example.com,38,MA,35736.74,2025-04-11
5897,Andrew,Hopkins,carriesimpson@example.net,31,MA,10667.19,2023-01-11
5898,Dawn,Mitchell,kimberlyhester@example.net,70,NJ,17086.45,2025-02-21
5899,Michael,Bryant,ffry@example.net,49,NJ,45917.53,2024-11-06
5900,Justin,Zimmerman,wendy77@example.org,59,IL,25552.18,2022-12-10
5901,Dana,Long,robin72@example.net,69,XX,38987.94,2025-08-29
5902,Jason,Ayala,hartalejandro@example.com,20,PA,18015.81,2024-10-09
5903,Laura,Berg,johnsonashley@example.net,53,CT,24779.6,2023-02-02
5904,Tracey,Austin,bethwright@example.com,51,NY,30813.98,2024-10-24
5905,David,Anderson,rodneyhunter@example.net,72,CA,32514.29,2023-12-25
5906,Kimberly,Ponce,invalid-email,42,CT,13680.0,2023-05-06
5907,Michael,Elliott,wardmelinda@example.net,71,TX,42256.4,2025-05-08
5908,Jeremy,Gregory,patricia51@example.net,78,FL,44828.79,2022-05-15
5909,Kaylee,Mitchell,joshua70@example.net,26,IL,6338.86,2025-06-29
5910,Robert,Pearson,casejohn@example.com,51,WA,26912.01,2024-09-07
5911,Kelly,Morris,yfernandez@example.net,23,IL,27052.09,2026-03-20
5912,Melody,Harvey,sclark@example.net,18,TX,23086.25,2025-10-18
5913,Eric,Martin,bauerian@example.com,36,NY,13574.93,2024-10-26
5914,Cody,Keller,floresjose@example.com,74,CT,20684.97,2026-07-04
5915,William,Robinson,dreid@example.org,-10,MA,41986.73,2024-01-26
5916,Mitchell,Johnson,howellstacey@example.net,41,TX,31329.5,2021-09-24
5917,Richard,Anderson,jacobsullivan@example.com,51,IL,21109.26,2025-03-15
5918,Morgan,Rich,davidcook@example.org,49,WA,19791.38,2021-08-25
5919,Kayla,Obrien,scotttravis@example.com,74,CT,46515.49,2024-03-14
5920,Yolanda,Newton,scottmiddleton@example.com,66,WA,15617.52,2024-02-08
5921,Mark,Graves,christinehowell@example.org,29,CA,17014.25,2023-07-30
5922,Linda,Cochran,michael41@example.net,51,CA,40178.96,2025-08-31
5923,Amy,Walker,,24,NY,6205.84,2022-06-17
5924,Lindsey,Newton,garcialinda@example.com,35,WA,33976.15,2022-02-26
5925,Carrie,Ray,timothycampbell@example.net,25,FL,49734.2,2025-10-15
5926,Victoria,Rosario,dawn33@example.org,49,TX,44457.69,2021-12-26
5927,Deborah,Andrews,charlesortega@example.net,23,CA,5669.43,2023-02-15
5928,Troy,Mosley,jensenrodney@example.org,250,NY,21124.11,2025-12-06
5929,Noah,Mccoy,danielsmith@example.org,25,MA,41626.2,2025-07-24
5930,George,Rice,elizabeth95@example.net,68,MA,21062.44,2024-12-25
5931,Karina,Humphrey,mackmichael@example.net,49,TX,48793.21,2022-04-04
5932,Mark,Hunt,baxterkristen@example.org,34,NY,25733.39,2022-02-09
5933,Isabel,Rivera,paigedavenport@example.com,51,CA,18619.42,2026-07-25
5934,Jared,Cross,rschultz@example.org,25,TX,24275.41,2025-03-06
5935,Sara,Jimenez,lhampton@example.com,24,NJ,29705.87,2026-03-10
5936,Erica,Alvarez,christopherburgess@example.com,56,PA,14935.67,2022-06-13
5937,Jorge,Mcguire,qanderson@example.org,50,PA,2347.92,2023-11-09
5938,Sean,Lee,collinsdebra@example.com,66,TX,-2555.21,2024-11-26
5939,Joseph,Logan,wheeleranne@example.net,53,IL,30669.52,2022-12-25
5940,Tanya,Andrews,qthompson@example.net,73,FL,20523.02,2022-08-23
5941,Joshua,Church,katiegriffin@example.net,59,TX,13106.54,2022-01-02
5942,Michael,Nash,elizabethgutierrez@example.com,19,CT,15737.38,2021-08-29
5943,Sean,Flores,huangeric@example.org,64,FL,37813.31,2024-11-11
5944,David,Johnson,christopherschmidt@example.com,61,IL,44623.18,2022-04-14
5945,Andrew,Kelly,hillmaria@example.com,75,CT,38400.27,2023-09-14
5946,Stephanie,Jones,ushaffer@example.com,46,MA,39062.97,2025-01-23
5947,Laura,Schmitt,brian43@example.com,21,TX,6542.79,2026-08-10
5948,Kayla,Smith,philipwatson@example.com,65,CT,39946.5,2023-07-11
5949,Kevin,Wood,dcox@example.org,66,PA,42714.41,2025-04-04
5950,Brianna,Woods,christopher05@example.org,41,TX,16825.37,2023-10-19
5951,Mark,Smith,johnbrown@example.com,55,NJ,5419.93,2026-02-02
5952,Ronald,Park,collinstodd@example.org,60,WA,30412.01,2025-12-14
5953,Mary,Monroe,jeffrey73@example.org,47,NJ,457.8,2023-03-30
5954,Kimberly,Russo,amysmith@example.com,72,PA,42778.77,2025-03-06
5955,Chad,Macdonald,,33,PA,7607.79,2026-04-22
5956,Leah,Gray,mikayla71@example.org,41,FL,21409.1,2023-10-16
5957,David,Munoz,ryanberg@example.org,79,FL,15530.81,2023-04-16
5958,Brian,Wilson,ksandoval@example.net,35,CA,30663.66,2025-11-27
5959,Taylor,Lynch,daltonjohnston@example.com,67,NJ,5182.82,2023-09-11
5960,Antonio,Conrad,jnunez@example.com,40,CT,35457.05,2022-12-27
5961,Robert,Jones,edwardroy@example.net,30,NY,18625.46,2022-09-23
5962,William,Potter,invalid-email,82,CT,26670.45,2024-03-04
5963,William,Scott,spencerhowell@example.net,84,TX,49668.68,2025-05-03
5964,Amanda,Jordan,sergioking@example.net,18,IL,750.7,2022-07-27
5965,Heather,Smith,hudsonscott@example.com,78,WA,25813.52,2022-12-02
5966,Lisa,Garza,,68,FL,35548.35,2023-11-23
5967,Edward,Barrett,conleypatrick@example.net,34,MA,43730.94,2024-03-29
5968,Carl,Smith,rebeccawhite@example.com,40,WA,29776.22,2025-05-24
5969,Richard,Hurley,davidsonshannon@example.com,63,FL,46536.26,2025-08-05
5970,Brian,Ramirez,elizabethpatton@example.net,19,CT,22305.77,2022-02-28
5971,Rebecca,Ortiz,taylorryan@example.org,70,CT,42637.09,2022-03-22
5972,Desiree,Carr,,72,NY,7363.74,2025-09-01
5973,Linda,Johnson,twheeler@example.com,32,PA,-538.42,2025-04-20
5974,Juan,Green,faith81@example.com,85,CT,11440.38,2022-02-14
5975,Kathleen,Jensen,invalid-email,79,CA,11398.8,2026-08-19
5976,Jacqueline,Rowland,ryanwilkinson@example.net,62,WA,36474.81,2021-11-26
5977,Cindy,Anthony,,24,FL,27705.38,2023-09-30
5978,Sandra,Jones,kyle16@example.net,39,CA,49170.05,2023-10-07
5979,Jennifer,Davis,rmalone@example.org,83,PA,15488.15,2025-10-23
5980,Joshua,Waller,eoneal@example.org,33,IL,34735.81,2024-06-01
5981,Anthony,Yang,angela40@example.com,47,IL,16214.94,2024-09-30
5982,Timothy,Dawson,jacqueline24@example.org,50,CA,39845.8,2021-10-19
5983,Brian,Miller,francisapril@example.com,52,NJ,1571.78,2022-02-03
5984,Michael,Hansen,jthompson@example.net,72,CT,15275.15,2023-03-08
5985,Kevin,Spears,gbaker@example.net,65,CT,32610.35,2022-12-26
5986,Tammy,Reed,howardcox@example.net,61,PA,43493.52,2024-06-30
5987,Christopher,Taylor,qhall@example.net,27,NY,6997.19,2025-10-22
5988,Tonya,Ramos,eterry@example.org,42,PA,46732.74,2024-04-16
5989,Barbara,Jefferson,,75,CT,38487.55,2024-12-04
5990,Michael,Wood,heatherscott@example.org,80,WA,36671.99,2022-02-01
5991,Alexandra,Smith,edwardsmia@example.com,28,FL,21919.42,2023-08-29
5992,Joshua,Garcia,molly13@example.net,-10,MA,12144.81,2024-05-11
5993,Patricia,Mcgrath,ericmcconnell@example.com,55,PA,24464.26,2023-06-10
5994,William,Lewis,dallen@example.com,21,MA,-1463.7,2026-02-13
5995,Lisa,Hernandez,dylanyoung@example.net,66,PA,40982.39,2022-05-10
5996,Joanne,Carroll,bmoody@example.com,78,CA,35710.84,2026-05-08
5997,Gabriel,Smith,oliviabrooks@example.org,25,NY,-1316.81,2023-09-25
5998,Jonathon,Vazquez,jennifer04@example.net,67,MA,41335.08,2022-06-26
5999,Patricia,Williams,aprillopez@example.net,50,CA,35737.91,2023-05-15
6000,Scott,White,michellecurry@example.org,42,NJ,19330.65,2025-06-18
6001,Nancy,Moore,misty73@example.com,47,CA,35959.33,2021-09-23
6002,Bruce,Bell,margarettaylor@example.org,82,PA,13338.27,2025-05-30
6003,Sharon,Beck,xchaney@example.org,47,CA,42388.52,2021-12-13
6004,Mitchell,Horn,xburgess@example.org,57,NJ,1788.2,2025-10-23
6005,Katie,Calderon,sharon77@example.com,31,IL,3456.18,2025-06-02
6006,Melissa,Gardner,flewis@example.org,68,FL,23708.53,2022-10-24
6007,Scott,Lawrence,bsmith@example.net,54,IL,45250.15,2026-06-28
6008,Marvin,Wagner,yatesjanet@example.net,72,CA,49444.93,2025-07-19
6009,Jeffrey,Hopkins,vowen@example.com,53,CT,12719.67,2025-01-26
6010,Michael,Lee,yconner@example.com,64,CT,13094.38,2025-08-31
6011,Martin,Moore,sara22@example.org,24,IL,10513.3,2021-09-09
6012,Tami,Douglas,kelsey44@example.org,64,NY,23755.57,2024-07-28
6013,Grace,Hughes,aprilwest@example.net,45,FL,-4173.04,2025-01-08
6014,Sherri,Williams,zhudson@example.net,31,NJ,32089.35,2022-08-23
6015,Carol,Morgan,beandiane@example.net,59,MA,32182.47,2022-08-18
6016,Jennifer,Jensen,jamesterri@example.net,33,PA,26831.54,2026-08-19
6017,Nicholas,Torres,toddbrooks@example.com,82,IL,33053.52,2025-08-10
6018,Daniel,Brown,ocurtis@example.org,67,WA,28394.93,2023-06-08
6019,Carmen,Curtis,udurham@example.net,72,WA,26384.69,2021-10-21
6020,Bonnie,Austin,taylorluis@example.net,37,WA,3046.04,2024-04-10
6021,Christina,Leonard,byrdsherry@example.net,58,FL,28938.76,2025-06-06
6022,April,Reyes,foxchristopher@example.org,35,FL,5232.71,2023-12-08
6023,Justin,Garner,janejohnson@example.com,75,PA,12689.66,2024-03-10
6024,William,Cook,jose43@example.com,47,NJ,40511.19,2022-04-21
6025,Daniel,Gonzalez,ttrevino@example.net,-1,CT,8751.48,2024-02-08
6026,Tyler,Butler,kimberlyjones@example.net,34,MA,41582.08,2022-01-04
6027,Sandra,Brown,jesse43@example.org,46,WA,-1092.14,2025-06-27
6028,Tonya,Hudson,xrivera@example.com,84,MA,11913.36,not-a-date
6029,Kristin,Thompson,,31,PA,48789.3,2025-09-08
6030,Melanie,Kennedy,fmartin@example.net,81,NJ,19594.86,2026-05-27
6031,Patricia,Garcia,tamarakelly@example.net,38,WA,-1961.7,2023-11-02
6032,Paul,Robinson,invalid-email,40,IL,43346.7,2024-01-29
6033,Daniel,Buchanan,parkerjacqueline@example.org,24,WA,27852.29,2024-02-07
6034,Leroy,Stephens,salasamanda@example.net,45,PA,7285.28,2025-09-10
6035,Andrew,Robinson,darren52@example.com,23,NY,745.14,2022-06-20
6036,Randy,Tran,smithmaurice@example.org,47,PA,44448.18,2026-04-21
6037,Andrew,Nolan,stevensdonna@example.org,20,NY,34583.25,2025-06-03
6038,Caleb,Sanders,ericdaniels@example.org,67,FL,21698.53,2022-01-03
6039,Elaine,Friedman,anthonyknight@example.net,32,NJ,45502.04,2026-01-26
6040,Christopher,Carlson,jonesruth@example.com,83,WA,33573.65,2023-07-29
6041,Paul,Grimes,lisajohnson@example.com,79,TX,6085.14,2024-02-09
6042,Patricia,Moore,michael98@example.org,28,CT,9467.54,2023-10-20
6043,Megan,Harris,jeremy35@example.org,67,NY,14438.19,2022-03-11
6044,Richard,Lopez,markjones@example.com,48,IL,14468.15,2025-11-06
6045,Barbara,Gray,washingtonaustin@example.com,58,MA,32057.66,2024-12-16
6046,Lisa,Meza,clarkdiane@example.org,28,WA,25516.74,2024-08-04
6047,Scott,Brown,kellysmith@example.com,24,FL,13818.18,2022-02-05
6048,Megan,Morgan,pperry@example.org,35,MA,15743.09,2024-06-13
6049,Jeffrey,Reyes,timothy33@example.net,70,WA,15819.61,2022-02-19
6050,Luke,Gordon,johnsonangela@example.org,30,NJ,182.5,2023-08-04
6051,Erin,Freeman,daviskyle@example.net,20,FL,41765.05,2022-11-02
6052,David,Myers,hannakimberly@example.org,69,PA,175.42,2024-07-09
6053,Kayla,Mckee,michelle58@example.net,53,CA,47624.84,2025-01-04
6054,Jennifer,Roberts,dawn01@example.net,66,FL,41704.56,2022-02-27
6055,Debbie,Harper,jasonsmith@example.com,60,NJ,45146.97,2026-07-09
6056,Daniel,Boyd,sullivanalfred@example.net,23,TX,21642.54,2022-03-11
6057,Tommy,Bailey,hcosta@example.net,67,TX,13433.63,2024-07-10
6058,Evan,Briggs,invalid-email,27,NJ,45249.35,2023-01-13
6059,Clinton,Myers,dorothynunez@example.net,68,CA,14954.54,2024-10-08
6060,Justin,Gonzalez,ireed@example.net,29,NY,35203.98,2025-12-26
6061,Angela,Blake,kmueller@example.org,46,CT,79.28,2022-05-05
6062,Adam,Bruce,bmiller@example.org,75,IL,16196.55,2023-07-20
6063,Emily,Perez,sbennett@example.org,69,WA,40897.25,2022-11-23
6064,Kristen,Sharp,lwilson@example.com,52,WA,23471.69,2026-04-28
6065,Matthew,Brown,michael55@example.org,84,WA,752.22,2026-06-02
6066,Susan,Williams,whitneyjennifer@example.com,42,TX,20984.52,2023-02-27
6067,James,Edwards,derek72@example.net,43,CT,27698.05,2022-11-26
6068,Robert,Davis,cunninghamshelby@example.com,66,IL,36280.78,2023-04-01
6069,Deanna,Wilson,cortega@example.org,69,PA,19420.71,2022-05-21
6070,James,Smith,daniel06@example.org,76,NJ,26397.72,2022-06-20
6071,Michael,Rogers,donnamiller@example.com,73,IL,27771.04,2025-05-07
6072,Shannon,Lopez,amysolomon@example.com,33,FL,26456.93,2023-02-16
6073,Chad,Wood,davisjohn@example.com,80,WA,3632.39,2024-09-13
6074,Michael,Dunn,angelagriffin@example.net,21,CA,40142.54,2022-08-27
6075,Kari,Carr,gmontgomery@example.org,72,PA,18151.07,2025-06-09
6076,Susan,Small,lauriehenderson@example.net,27,WA,22723.53,2026-07-06
6077,Ryan,Rodriguez,harringtonsherri@example.com,66,NJ,-226.9,2023-07-26
6078,Jennifer,Copeland,dbennett@example.net,48,PA,1113.85,2025-09-18
6079,Patrick,Rivera,invalid-email,29,PA,21580.65,2025-05-10
6080,Christian,Camacho,john99@example.net,63,FL,42463.51,2022-05-29
6081,Taylor,Smith,xavierwilson@example.org,84,WA,27953.39,2024-03-27
6082,Courtney,Duran,kingallison@example.org,41,TX,734.63,2023-03-30
6083,Matthew,Smith,sheilachambers@example.net,28,IL,42739.03,2024-05-04
6084,Robert,Wall,herreratamara@example.net,65,PA,47037.26,2025-08-04
6085,Allison,Maxwell,alyssaharris@example.net,77,CA,16780.72,2025-06-28
6086,Nicole,Horn,james67@example.org,58,NY,23028.53,2026-01-30
6087,Jessica,Weaver,perezrachel@example.com,76,CT,35303.32,2021-09-21
6088,Joan,Walsh,lconner@example.org,35,FL,14839.89,2025-02-10
6089,Monica,Perkins,navarromark@example.com,41,NY,4828.6,2026-01-14
6090,Beth,Johnson,tiffany44@example.com,36,CT,4595.1,2026-04-25
6091,Joshua,Atkinson,prestonjohn@example.com,69,PA,21787.12,2025-08-16
6092,Thomas,Tran,john55@example.com,40,PA,7045.66,2024-02-09
6093,Charlene,Greene,kweber@example.com,79,CA,25611.34,2022-07-13
6094,Robert,Martin,qrobinson@example.org,27,FL,2669.73,2024-01-29
6095,Brad,Rhodes,duncanvanessa@example.com,51,CA,13320.05,2023-09-05
6096,Kathy,Vega,bradshawjoseph@example.net,34,NY,41165.37,2022-10-19
6097,James,Orozco,oholmes@example.org,62,CT,18642.42,2026-05-19
6098,Kimberly,Wallace,davidsonkaitlyn@example.org,23,CA,21755.88,2026-04-18
6099,Lisa,Burton,ruizadrian@example.net,82,PA,144.31,2022-12-21
6100,Michelle,Patterson,scottdaniel@example.org,36,PA,42228.2,2023-12-11
6101,Amanda,Jones,foxjose@example.com,64,FL,41525.23,2022-01-03
6102,Maxwell,Craig,ballardkara@example.org,20,NJ,3168.47,2023-09-14
6103,Cameron,Yang,,69,MA,46267.04,2022-08-28
6104,Steven,Olson,jessicacollins@example.com,61,TX,13755.45,2025-10-03
6105,Mario,Bailey,cpitts@example.org,24,FL,8583.85,2021-12-14
6106,Connor,Sanders,brittany66@example.org,35,CT,42380.92,2023-12-31
6107,Jessica,Smith,jeffrey30@example.org,78,PA,25154.93,2023-02-14
6108,Elizabeth,Wells,sullivanrachel@example.org,59,CT,252.84,2024-03-24
6109,Tammy,Wu,penny89@example.org,29,FL,26008.53,2025-05-22
6110,Emily,Campbell,ldrake@example.net,84,PA,8045.89,2024-04-07
6111,George,Jones,josegray@example.net,51,FL,12018.52,2023-12-02
6112,Kathryn,Hamilton,christianelliott@example.net,35,TX,3624.4,2022-02-06
6113,Christopher,Hayes,kathrynlawrence@example.org,-1,NJ,24073.52,2024-03-26
6114,Wendy,Torres,santosaaron@example.net,25,CA,47148.56,2024-04-03
6115,Joanna,Ramirez,penarichard@example.com,25,NY,5808.43,2023-09-11
6116,Beverly,Swanson,anndickson@example.net,65,NJ,30520.92,2025-09-06
6117,James,Hall,sbanks@example.org,77,NY,49052.74,2024-10-23
6118,Lisa,Norman,grantmichael@example.org,29,CA,9296.49,2024-12-05
6119,Jacob,Barker,austinthompson@example.org,28,NJ,37193.41,2023-08-15
6120,Bryan,Williams,johncollins@example.net,47,FL,2662.01,2024-01-01
6121,Adriana,Powell,williamcollins@example.org,35,MA,2192.51,2023-12-29
6122,Robert,Vazquez,alyssa10@example.com,77,NY,40483.1,2025-02-08
6123,John,Davis,lherrera@example.net,58,NJ,230.17,2024-03-09
6124,John,Lynch,carolynfernandez@example.net,79,CT,45302.55,2024-06-20
6125,Shelly,Cowan,,29,IL,28700.12,2024-11-11
6126,Zachary,Hill,john53@example.com,57,IL,35568.83,2024-08-01
6127,Jessica,Sanchez,bradjackson@example.com,55,MA,40536.41,2025-09-14
6128,Robert,Heath,petersonlauren@example.net,36,WA,26095.15,2025-10-16
6129,Kimberly,Moore,rothpaul@example.net,70,WA,27766.65,2021-10-11
6130,Erin,Ramirez,fjohnson@example.com,45,TX,17230.69,2025-02-24
6131,Chris,Hernandez,scottsamuel@example.org,50,CT,47827.49,2021-10-25
6132,Anna,Todd,justingriffin@example.net,32,TX,-4648.89,2023-04-13
6133,Jacob,Velasquez,epark@example.org,29,WA,39651.58,2025-08-25
6134,David,Hayes,ajohnson@example.org,83,PA,48870.21,2024-09-08
6135,Debra,Rivera,mccarthyrickey@example.net,43,CT,40546.84,2025-12-06
6136,Brandon,Ward,scarter@example.com,28,MA,45084.83,2024-08-07
6137,John,Robinson,invalid-email,27,NJ,12890.85,2025-01-04
6138,Thomas,Flowers,robert18@example.com,23,PA,17589.75,2023-05-26
6139,Matthew,Chavez,xsmall@example.net,69,MA,34230.12,2022-04-28
6140,Chelsea,Oconnell,robertnichols@example.net,26,FL,44620.09,2026-04-11
6141,William,Wolfe,icarter@example.net,45,CA,21892.52,2026-02-25
6142,James,Harvey,ijohnson@example.com,85,MA,16869.76,2022-12-19
6143,Adam,Bell,dcrawford@example.org,37,TX,26496.98,2022-03-27
6144,Timothy,Holmes,kristine98@example.net,69,CT,48950.68,2026-03-14
6145,Robin,Blake,estessamuel@example.com,73,NJ,37266.6,2022-09-03
6146,Evan,Carter,maryromero@example.net,75,MA,29414.3,2026-06-02
6147,Kevin,Henry,garrettsamuel@example.net,46,CT,44549.79,2026-04-28
6148,William,Bennett,michele08@example.com,82,MA,27358.12,2025-07-08
6149,Cristian,Petersen,ahardin@example.com,40,CA,40010.1,2025-11-15
6150,Julie,Clark,erikayoung@example.net,66,CT,20294.61,2023-02-25
6151,Garrett,Ruiz,brianna25@example.org,35,IL,2371.64,2021-12-17
6152,Shelby,Brooks,michael74@example.net,60,NJ,22275.8,2023-07-10
6153,Cynthia,Peters,jenningselizabeth@example.net,74,CT,35234.4,2025-05-16
6154,Aaron,Peterson,savagematthew@example.com,68,CA,22449.28,2024-01-10
6155,Alexandra,Garrett,darrell96@example.org,60,CA,4003.08,2025-07-11
6156,Julie,Reilly,russellterri@example.net,68,PA,10299.5,2025-12-09
6157,Donna,Lee,alexanderrichard@example.net,41,NJ,29703.33,2022-06-15
6158,Kelly,Brooks,fpark@example.net,60,CA,5357.01,2022-01-20
6159,Jason,Malone,cdelacruz@example.com,81,CT,36530.99,2023-12-04
6160,Melanie,Cox,,31,MA,4986.49,2022-08-02
6161,Kimberly,White,watsonjoe@example.net,28,NY,23134.99,2024-05-13
6162,Lisa,Collins,ychapman@example.net,82,TX,4737.74,2021-11-18
6163,Janet,Wyatt,palmerkatherine@example.net,20,PA,16426.7,2024-05-30
6164,Keith,Roberts,leetina@example.com,55,FL,34098.86,2024-04-06
6165,Jordan,Garcia,kmartinez@example.org,24,PA,8409.5,2025-12-19
6166,Cheyenne,Cline,dianaenglish@example.org,21,TX,35854.34,2026-01-11
6167,Caroline,Watts,jason12@example.org,65,MA,15756.35,2025-08-03
6168,Joshua,Horn,mark79@example.net,52,NY,34129.4,2024-08-12
6169,Samantha,Alvarez,richard87@example.org,18,NY,33343.07,2026-04-29
6170,Brian,Davidson,hbailey@example.org,41,FL,45055.85,2023-11-04
6171,Charles,Becker,hannabrian@example.org,63,NJ,528.78,2022-10-24
6172,Todd,Webb,mbarajas@example.com,71,INVALID,3947.0,2025-08-27
6173,Diana,Schneider,jenniferanderson@example.net,32,CA,10729.94,2023-07-19
6174,Jeffery,Miller,vruiz@example.com,41,CA,48330.62,2024-07-18
6175,David,Anderson,matthew02@example.net,51,INVALID,31685.83,2025-02-26
6176,Nicole,Ramirez,james82@example.com,61,NJ,21903.08,2025-11-01
6177,Sean,Duncan,youngpaul@example.com,23,FL,4994.65,2022-12-24
6178,Amy,Simmons,invalid-email,74,MA,42226.24,2025-06-18
6179,April,Hall,hatfieldkenneth@example.net,77,WA,27537.23,2025-02-04
6180,Marcus,Johnson,chelsea44@example.com,63,WA,33703.57,2023-12-19
6181,Jacob,Brown,michaelnelson@example.net,21,MA,33321.35,2022-05-21
6182,Ann,Brown,johnny28@example.com,26,NJ,486.14,2023-01-07
6183,Brian,Stewart,wigginsjohn@example.org,68,CT,47869.63,not-a-date
6184,Patrick,Smith,jpayne@example.org,45,CT,38643.07,2022-10-10
6185,Robert,Herring,loweandrew@example.net,19,MA,34501.47,2024-11-12
6186,Amanda,Castillo,macdonaldterry@example.org,33,NJ,13871.71,2022-03-01
6187,Barbara,Chambers,maryburke@example.org,34,NJ,43914.34,2026-07-23
6188,Phillip,Fry,tholt@example.net,-1,NJ,25324.11,2025-09-06
6189,Lisa,Davis,estrickland@example.net,54,NY,3600.43,2023-08-25
6190,Richard,Simon,ojones@example.org,56,WA,45492.86,2025-06-17
6191,Philip,Moody,allensheena@example.org,46,CA,44025.01,2025-05-09
6192,Robert,Turner,nturner@example.com,-10,IL,17958.71,2023-08-24
6193,Michael,Bryan,xchavez@example.com,49,CA,34301.23,2022-10-04
6194,Kenneth,Stuart,lisachurch@example.net,-10,PA,2285.23,2023-04-25
6195,Dakota,Rodriguez,djames@example.net,67,NY,1662.88,2024-11-22
6196,Melanie,Haynes,peggyhardin@example.org,70,FL,28469.72,2024-04-18
6197,Sally,Clarke,mackenziekelly@example.com,19,NJ,19889.17,2023-03-29
6198,Keith,Kelly,mmontgomery@example.org,72,IL,2939.49,2021-10-28
6199,Christopher,Jackson,jacobfloyd@example.com,67,FL,23875.03,2022-04-19
6200,Kevin,Herring,invalid-email,23,MA,49805.8,2024-03-15
6201,Joseph,Solis,ahenderson@example.org,82,CT,34719.41,2024-11-21
6202,Greg,Cole,lindaperez@example.com,34,MA,33110.62,2023-10-24
6203,Mckenzie,Collins,andrewarnold@example.com,54,CT,29052.66,2025-08-13
6204,Seth,Mccarty,perrymargaret@example.net,65,MA,1025.56,2026-05-10
6205,Nicole,Randall,brian64@example.org,68,FL,22923.81,2021-09-13
6206,Christian,Parker,qbarron@example.org,38,INVALID,16404.59,2024-10-28
6207,Miguel,Taylor,cynthia65@example.net,45,PA,31644.16,2026-02-05
6208,Michael,Jordan,andersondonna@example.org,19,NY,24661.51,2022-09-25
6209,Katherine,Ramirez,,66,CA,12755.19,2022-12-07
6210,Emily,Jones,janicedixon@example.net,68,PA,14293.45,2022-03-16
6211,Kevin,Clark,tina54@example.org,76,IL,12738.56,2023-05-07
6212,Jennifer,Cardenas,mariapatel@example.com,25,PA,33074.57,not-a-date
6213,Deborah,Crawford,houstonjohn@example.net,37,MA,39463.84,2023-01-19
6214,Jennifer,Pope,sanchezkathy@example.org,57,CA,42800.57,2023-12-13
6215,Joshua,Davis,andrew82@example.net,26,NJ,36861.44,2022-12-07
6216,Katherine,Powers,kayla65@example.org,22,WA,1991.69,2022-04-15
6217,Richard,Johnson,nrodriguez@example.net,71,NJ,17808.47,2023-05-18
6218,Brittany,Robinson,pmoore@example.org,18,IL,27789.29,2022-10-16
6219,Leslie,Nelson,jeremy94@example.com,70,IL,12663.84,2026-02-03
6220,Katherine,Payne,jonathan00@example.net,19,PA,44319.92,2026-08-01
6221,Kimberly,Simon,danielkelly@example.org,32,NY,19201.3,2026-05-31
6222,Ann,Sanchez,gabrielle90@example.org,74,MA,39728.92,2022-10-31
6223,Joseph,Simon,sonyareese@example.org,18,CT,44819.24,2026-01-12
6224,Douglas,English,kayla55@example.net,60,FL,16704.15,2026-08-06
6225,Lori,Beasley,catherine56@example.com,75,CA,42860.49,2025-04-19
6226,Scott,Holt,brookeguzman@example.com,41,NY,8549.6,2022-09-02
6227,Anthony,Fleming,maddoxwilliam@example.com,72,CT,8374.35,2025-06-10
6228,Amy,Schmidt,kristenmoreno@example.org,23,MA,47662.56,2025-01-10
6229,Ariel,Olson,cassandrastone@example.org,48,TX,33551.82,2025-01-16
6230,Charles,Morrison,ocervantes@example.net,40,NJ,44237.21,2024-07-29
6231,Katie,Mills,ocampos@example.net,36,FL,18502.2,2025-04-15
6232,Marissa,Molina,misty25@example.net,84,PA,3886.88,2025-05-13
6233,Danielle,Smith,rhondawest@example.net,77,FL,44496.41,2025-09-01
6234,William,Kelly,dcarson@example.net,34,NJ,45366.55,2024-05-23
6235,Anthony,Anderson,qpeterson@example.org,32,NY,40057.66,2021-11-10
6236,Richard,Shannon,tannertina@example.org,38,MA,35684.71,2024-07-15
6237,Cynthia,Petersen,timothy73@example.net,18,PA,9452.26,2022-06-21
6238,Edward,Soto,makayla40@example.net,39,NY,32351.75,2024-01-08
6239,Cynthia,Andrews,stoutdenise@example.net,39,NY,17628.58,2024-12-29
6240,David,White,katherinefreeman@example.org,85,NY,26112.7,2024-09-07
6241,Tara,Jones,omontgomery@example.com,80,NJ,34319.77,2026-04-10
6242,Patricia,Miller,aperry@example.com,30,TX,-2159.65,2024-01-19
6243,Vickie,Burns,michaelramos@example.com,32,IL,21826.52,2023-06-19
6244,Vanessa,Mann,danielcohen@example.org,65,CA,27511.9,2021-09-08
6245,Adam,Doyle,reidalicia@example.org,28,WA,44036.23,2022-01-31
6246,Eric,Carroll,brownstephanie@example.com,77,FL,8373.97,2021-12-23
6247,Joanna,Walter,jason08@example.com,30,ZZ,27800.65,2021-10-02
6248,Kenneth,Hawkins,colehenry@example.org,23,NJ,37520.62,2022-04-14
6249,Vickie,Reyes,valerie71@example.org,61,MA,23937.51,2023-07-15
6250,Krystal,Brown,pchung@example.com,45,NY,27374.44,2026-03-04
6251,Allison,Mcclure,charlesmartinez@example.org,66,WA,47130.24,2021-10-29
6252,Stephen,Drake,gordonjonathan@example.net,83,WA,23979.59,2025-09-06
6253,Marie,Cortez,riosstephen@example.net,40,XX,13805.55,2023-05-11
6254,Peter,Marshall,isingh@example.net,57,NJ,32867.83,2023-06-26
6255,Katelyn,Cole,tannerlinda@example.org,83,PA,8406.07,2023-08-16
6256,Steven,Chandler,kayla91@example.org,79,PA,60.96,2025-09-22
6257,Kathleen,Moran,juliadavid@example.net,40,IL,10687.57,2023-01-16
6258,Jennifer,Morales,jeffwilliams@example.org,55,IL,6373.04,2023-01-29
6259,Mary,Lee,angelcarr@example.net,47,PA,33124.27,2022-07-03
6260,Kristin,Allison,johnsonphilip@example.com,37,NJ,12598.1,2023-05-19
6261,Jose,Reed,yballard@example.net,53,CT,24363.73,2022-01-29
6262,Roger,Rice,christopher72@example.net,53,MA,36557.11,2022-08-23
6263,James,Lamb,christophersolis@example.org,85,NY,3301.95,2026-07-17
6264,Sue,Jennings,stephensrebecca@example.net,64,WA,30122.17,2026-03-23
6265,Angela,Mcpherson,nicholsheather@example.net,43,NJ,33656.31,2023-10-12
6266,Heather,Rodriguez,wayne44@example.net,250,PA,1805.78,2026-01-12
6267,Brian,Jarvis,ilivingston@example.org,44,NJ,13849.91,2022-02-17
6268,Sean,Park,smithalyssa@example.org,37,MA,42618.77,2026-06-16
6269,Melissa,Wiggins,omccullough@example.com,34,FL,24901.35,2022-04-11
6270,Matthew,Frederick,pharris@example.com,34,NY,12184.96,2022-03-16
6271,Alexander,Hubbard,hferguson@example.net,42,NJ,44925.56,2023-10-19
6272,Robert,Rojas,craig73@example.com,34,IL,4676.85,2026-01-03
6273,Mary,Patterson,james74@example.org,60,NJ,20357.9,2023-05-07
6274,Lonnie,Wallace,kryan@example.net,68,MA,144.29,2025-02-08
6275,Jennifer,Shepherd,erinarmstrong@example.org,25,CA,35762.37,2023-07-28
6276,Rachel,Johnson,terricurtis@example.net,47,FL,22845.9,2024-01-13
6277,Maria,Garcia,maciasmichael@example.net,63,TX,45154.67,2026-06-19
6278,Erika,Flynn,bellwendy@example.org,30,WA,26863.45,2024-09-26
6279,Sonya,Chandler,donaldbrown@example.com,34,NY,34189.35,2024-01-26
6280,Travis,Rogers,fjones@example.com,38,WA,4482.94,2024-10-28
6281,Dawn,Davila,gloria33@example.net,27,FL,14926.9,2025-07-02
6282,Christopher,Martinez,hamiltonamy@example.net,23,PA,29102.02,2022-01-25
6283,Jennifer,Daniel,ybrown@example.org,85,MA,5966.58,2021-10-06
6284,Sarah,Nichols,shelly83@example.com,21,CT,12397.07,2026-04-16
6285,Joshua,Bradley,bwright@example.net,53,NY,31004.44,2021-12-08
6286,Wendy,Boyd,wgilbert@example.org,68,PA,7541.79,2023-01-20
6287,Dustin,Barrera,clinton67@example.com,28,MA,46944.3,2022-05-09
6288,Lauren,Henry,john96@example.com,71,FL,699.61,2024-02-18
6289,David,Bowman,peteryoung@example.com,25,CA,20293.14,2024-03-30
6290,Andrew,Ball,brandyrogers@example.com,65,TX,42071.73,2024-12-28
6291,Ann,Lawrence,michael82@example.com,68,FL,47702.34,2022-05-01
6292,Thomas,Harris,hensleyjacob@example.net,23,TX,11693.39,2022-02-10
6293,Ellen,Tapia,zlong@example.org,68,PA,4205.63,2022-12-17
6294,Jonathan,Garcia,vvillegas@example.com,83,TX,18102.54,2022-12-09
6295,Vanessa,Coleman,melissaanderson@example.com,25,CT,29060.68,2025-11-09
6296,Richard,Yates,gutierrezgregory@example.com,50,CT,32801.35,2023-06-27
6297,Steven,Wright,cristinaphillips@example.com,74,TX,19575.81,2024-11-04
6298,Anthony,Sims,adrian05@example.com,43,CT,30232.96,2022-12-06
6299,Marvin,Rose,washingtonrobert@example.net,42,MA,28377.64,2023-12-06
6300,Kenneth,Perez,davidbryant@example.org,62,NJ,15115.04,2024-02-10
6301,Kendra,Gonzalez,amber24@example.com,66,PA,22680.77,2022-04-07
6302,Margaret,Lara,hughesalexis@example.org,34,PA,19267.02,2026-01-12
6303,Lindsay,Parker,wcoleman@example.com,73,NY,4422.98,2023-09-02
6304,Lindsay,Garcia,johnsoncory@example.net,36,CT,10822.11,2025-07-06
6305,Michelle,Carroll,sotomaria@example.net,70,PA,45981.76,2025-09-23
6306,Joe,Ballard,juan01@example.org,61,IL,34771.32,2023-12-05
6307,Charles,Tanner,uterry@example.com,52,PA,5070.59,2024-11-13
6308,Wendy,Lee,whitakercody@example.com,83,IL,31811.61,2023-01-15
6309,Tony,Kent,alexis80@example.net,23,IL,36747.61,2022-08-05
6310,Laura,Arellano,garrettreid@example.com,30,WA,46515.26,2022-12-09
6311,Collin,Williamson,vnguyen@example.com,36,MA,36217.74,2021-10-18
6312,Heather,Sanchez,iking@example.com,28,WA,28544.68,2024-10-31
6313,Angela,Burch,mcfarlandjohn@example.com,66,CT,11030.16,2023-03-27
6314,Gregory,Gutierrez,spencermichael@example.net,61,MA,44368.08,2021-10-04
6315,Misty,Roy,smithjohn@example.org,54,FL,48705.42,2023-04-17
6316,James,Medina,vgrimes@example.com,41,CA,33335.52,2024-10-12
6317,Kristi,Rios,,64,IL,11792.51,2021-09-06
6318,Chad,Mercer,,49,CT,47461.76,2022-06-25
6319,Gabriel,Marks,pgray@example.com,22,MA,3877.42,2022-06-20
6320,Michael,Jones,cantrellvictoria@example.org,64,IL,-1647.16,2023-11-10
6321,Mary,Shelton,shawnanderson@example.net,21,CA,49006.89,2022-06-19
6322,Lori,Wheeler,eileenortiz@example.com,52,CA,43178.36,2024-04-27
6323,Melissa,Torres,jademyers@example.net,67,WA,33756.98,2024-07-18
6324,Paula,Wilkins,rnewman@example.net,81,CA,39803.3,2023-04-02
6325,Chelsea,Brown,kelseyfrancis@example.org,69,WA,35605.32,2023-06-06
6326,Melinda,Gordon,jbruce@example.net,52,CA,47349.47,2024-11-17
6327,Jose,Pena,claychristopher@example.net,64,MA,21829.31,2021-10-06
6328,Manuel,Kent,invalid-email,78,CT,19651.37,2024-10-24
6329,Brenda,Miller,hoopernancy@example.net,82,TX,48113.76,2023-02-13
6330,Roy,Knight,deniselopez@example.net,26,TX,10431.09,2025-07-15
6331,William,Fleming,hillmelissa@example.net,53,PA,3953.93,2022-01-13
6332,Chad,Farley,kennedyevan@example.com,61,CT,18496.95,2023-04-27
6333,Zachary,Herrera,qnelson@example.org,19,WA,16602.02,2025-11-03
6334,Barbara,Thompson,angelachan@example.com,57,IL,4376.92,2023-05-14
6335,Amber,Johnson,bdouglas@example.org,61,PA,38020.89,2024-06-02
6336,Ebony,Kelly,millerrebecca@example.com,36,CA,39326.37,2025-12-14
6337,Tamara,Sandoval,sean29@example.org,65,WA,-3690.33,2023-04-14
6338,Virginia,Conway,morgan68@example.org,56,FL,9086.19,2025-02-21
6339,Amy,Coleman,smithmatthew@example.net,48,NJ,22660.02,2024-06-11
6340,David,Clark,joshualopez@example.net,53,PA,11979.87,2024-11-10
6341,Frances,Glover,smithteresa@example.com,33,CT,9079.63,2022-03-19
6342,Heather,Long,tstrong@example.net,33,CT,2631.96,2022-12-24
6343,Roger,Howell,lisa77@example.org,51,IL,29176.06,2025-10-27
6344,Amanda,Washington,dhughes@example.net,-1,PA,47047.93,2024-04-15
6345,Mathew,Anderson,duffycody@example.net,32,CT,38837.58,2021-11-30
6346,Jennifer,Gallegos,josephstevens@example.net,57,MA,35919.72,2025-06-26
6347,Christopher,Smith,pamela20@example.net,25,FL,28328.56,2022-05-27
6348,James,Stewart,dhutchinson@example.org,46,FL,11300.27,2022-09-15
6349,Kimberly,Reynolds,sarahsweeney@example.com,20,NJ,26707.9,2023-05-09
6350,Shannon,Luna,dominic86@example.net,33,FL,47007.33,2023-04-02
6351,Patrick,Fernandez,hardyronald@example.com,63,PA,7104.44,2022-12-20
6352,Tammy,Woods,dianecollins@example.net,33,NY,18418.02,2023-12-31
6353,Jeffrey,Williams,matthewgreen@example.net,75,NY,45807.51,2022-12-16
6354,Melinda,Allen,whowell@example.org,53,CA,7820.92,2024-07-22
6355,Cynthia,Daugherty,keith04@example.org,64,CT,36956.22,2025-01-29
6356,Larry,Johnson,invalid-email,40,TX,44459.01,2021-10-31
6357,Carrie,Rogers,farrellalexandra@example.net,82,FL,12988.08,2023-08-08
6358,David,Nichols,xfoley@example.net,81,NJ,5621.43,2024-09-18
6359,Mark,Ramirez,baileycrosby@example.net,42,PA,43484.68,2022-08-02
6360,Nicole,Holland,charles97@example.com,21,IL,20546.11,2025-03-24
6361,Christopher,Smith,reevesnicholas@example.net,61,PA,11128.22,2025-07-20
6362,Kelly,Meyers,qwilliams@example.net,74,FL,22648.32,2024-10-01
6363,Aaron,Watkins,cassandra71@example.com,73,TX,34098.43,2022-10-01
6364,Robert,Carrillo,mking@example.org,70,MA,9748.96,2026-06-24
6365,Kevin,Castillo,jenniferbutler@example.com,18,NY,13932.87,2024-10-16
6366,Christopher,Nielsen,ytrujillo@example.com,25,NJ,46250.02,2026-06-21
6367,Leslie,Craig,jaime96@example.net,63,PA,40683.57,2023-03-23
6368,Jessica,Stein,,26,NJ,46378.58,2024-10-31
6369,Anthony,Morris,andersonrobert@example.com,65,CA,32453.86,2023-03-24
6370,Meghan,Evans,rebeccacooley@example.net,23,NJ,1265.86,2025-05-24
6371,Kevin,Rogers,amanda76@example.net,37,FL,42816.74,2023-03-28
6372,Annette,Larsen,robertdavis@example.org,40,PA,3285.63,2024-02-11
6373,John,Camacho,harringtonheather@example.org,41,CA,23155.73,2023-05-17
6374,Samantha,Rodriguez,kathyhays@example.com,42,NY,21271.13,2024-07-19
6375,Gerald,Thompson,,56,MA,48382.98,2023-05-15
6376,Mary,Jones,cannonvictoria@example.net,33,MA,38153.19,2023-12-16
6377,Kelsey,Cook,candice86@example.org,85,INVALID,24718.86,2022-04-20
6378,Jaclyn,Moore,marshallcynthia@example.org,39,NJ,9922.97,2022-04-12
6379,Julia,Williams,osmith@example.com,43,TX,31121.72,2023-07-28
6380,Maria,Hill,joshuaperry@example.org,62,PA,25904.87,2024-11-17
6381,Tammy,Burgess,johnrichardson@example.com,68,PA,45324.21,2021-12-31
6382,Richard,White,kjohnson@example.com,21,WA,32243.77,2022-05-21
6383,Michael,Bowen,,80,MA,17198.47,2022-10-09
6384,Michael,Brennan,manderson@example.net,65,WA,17612.44,2023-07-16
6385,William,Williams,amanda26@example.org,45,MA,7417.93,2024-10-19
6386,Karen,Short,matthewrios@example.org,37,FL,11341.97,2026-01-07
6387,Jonathan,Snow,leah30@example.com,42,IL,30169.49,2026-02-08
6388,Susan,Holder,smithmichael@example.net,40,NJ,14366.47,2026-03-13
6389,Derek,Cox,jameswilliams@example.com,78,MA,39092.94,2021-10-23
6390,Nathaniel,Hart,jefferydiaz@example.com,46,PA,11331.86,2023-08-23
6391,William,Lawrence,foxeric@example.com,72,NY,25363.8,2026-01-18
6392,Cheyenne,Strickland,alyssa69@example.net,22,ZZ,19854.8,2021-11-04
6393,Morgan,Moran,,24,IL,48806.16,2026-03-03
6394,Aaron,Hanson,richardprice@example.net,23,IL,9371.88,2025-01-01
6395,Alejandro,King,anthony75@example.org,81,NY,38224.56,2023-04-19
6396,Erin,Myers,zachary90@example.net,38,MA,19056.65,2023-08-15
6397,Amanda,Sanders,,30,NJ,24569.61,2025-03-12
6398,Frank,Jackson,bobbyallen@example.org,37,TX,4988.83,2023-08-18
6399,Hannah,Andrews,serranomelissa@example.com,46,IL,33888.55,2025-10-28
6400,Craig,Abbott,vblake@example.net,41,NY,48182.87,2022-01-09
6401,Emily,Pratt,tina20@example.org,81,TX,46152.14,2024-05-15
6402,Daniel,Cabrera,ericjenkins@example.org,51,IL,42976.46,2022-12-24
6403,Jennifer,Anderson,sarah42@example.org,69,FL,10015.21,2022-12-09
6404,Brooke,Jackson,andrewhall@example.org,74,CT,6551.21,not-a-date
6405,Brian,Johnson,davidfox@example.net,44,MA,49107.61,2022-06-27
6406,Donna,Martin,,37,PA,47614.2,2024-06-20
6407,Jennifer,Hall,,83,NJ,31737.02,2022-03-19
6408,Shelley,Bright,briannashannon@example.net,55,CT,49856.91,2024-03-25
6409,Ricky,Freeman,xmitchell@example.net,62,IL,49519.48,2025-05-26
6410,Rachel,Carlson,xellis@example.org,37,PA,8931.91,2023-07-06
6411,Rebecca,Smith,aaronmarshall@example.net,63,TX,2858.0,2021-11-25
6412,John,Spears,fbrown@example.org,41,WA,49645.14,2026-03-08
6413,Jennifer,Cook,kfranco@example.com,61,MA,18579.53,2021-12-22
6414,Julie,Sloan,rubenmatthews@example.com,24,TX,12112.16,2023-03-28
6415,Carmen,Gardner,,79,MA,3333.45,2024-05-08
6416,Joyce,Vazquez,staceymoore@example.com,32,IL,2771.09,2023-10-17
6417,Brooke,Martin,invalid-email,68,FL,13788.99,2024-03-29
6418,Kristie,Gonzalez,gregory23@example.com,48,NJ,24278.34,2024-08-21
6419,Anthony,Thomas,wisemichelle@example.com,58,MA,42838.59,2026-03-25
6420,Loretta,Williams,lutzkevin@example.org,57,NY,32660.06,2023-03-11
6421,Sandra,Lopez,johnathanwood@example.com,59,PA,677.6,2025-01-03
6422,Alexandra,Holloway,barbaraperez@example.net,27,MA,38738.42,2024-11-07
6423,Austin,Perry,heatheraustin@example.org,40,TX,33054.92,2022-08-13
6424,Stephanie,Ramirez,sandra58@example.net,83,CT,33198.51,2026-01-21
6425,Michelle,Clark,lromero@example.com,47,WA,41408.6,2025-07-28
6426,Christopher,Bullock,petersonkathryn@example.net,78,CA,19305.82,2024-10-29
6427,Joseph,Hoffman,ashley08@example.net,58,CT,39537.71,2026-08-04
6428,Michael,Stout,jeffreyfigueroa@example.net,23,CA,15921.02,2022-08-03
6429,Adam,Smith,esawyer@example.net,27,PA,46839.17,2023-10-24
6430,Lisa,Shaw,phillip74@example.com,26,CA,4323.9,2025-03-24
6431,Karen,Jackson,adamsjohn@example.com,52,NY,3874.66,2026-05-28
6432,Oscar,Cox,qduncan@example.org,61,CA,21413.26,2023-12-03
6433,Sheila,Mcconnell,invalid-email,20,WA,46667.26,2025-01-07
6434,Miguel,Pham,patricia11@example.net,29,WA,36044.83,2024-12-21
6435,Patricia,Sawyer,joanne24@example.org,45,WA,16052.03,2022-05-06
6436,Donna,Griffin,hartmansarah@example.com,81,CA,40242.68,2026-05-20
6437,Joanne,Carroll,timothy33@example.com,25,FL,40171.41,2025-09-27
6438,George,Roberts,kathleen20@example.com,35,NJ,12681.05,2023-03-26
6439,Melissa,Oconnor,,73,PA,33333.18,2026-07-30
6440,Kenneth,Brown,timothyreed@example.net,27,WA,43343.86,2022-12-18
6441,Laura,Williams,rogersmegan@example.com,81,NY,6797.76,2024-04-19
6442,Debra,Johnson,john12@example.org,29,PA,15374.05,2026-08-04
6443,Frank,Heath,chill@example.com,43,WA,12182.55,2023-10-28
6444,Steven,Graham,kroberts@example.net,73,WA,20176.68,2023-09-13
6445,Sharon,Hall,vmcgrath@example.org,76,TX,1816.78,2023-12-07
6446,Christopher,Williams,quinndaniel@example.com,84,FL,10780.97,2026-08-19
6447,Tara,Mills,watsoncatherine@example.com,39,TX,24527.47,2026-05-06
6448,Daniel,Rodgers,lparker@example.net,79,MA,3995.15,2021-09-24
6449,Joshua,Silva,barrettkimberly@example.org,41,PA,21892.46,2023-10-30
6450,Holly,Watts,samantha20@example.com,67,NJ,23019.11,2024-06-22
6451,Jared,Marquez,qroberts@example.org,61,WA,48191.74,2022-04-13
6452,Brian,Williams,gina31@example.org,78,IL,21017.83,2025-08-20
6453,Mitchell,Smith,diazalexa@example.com,48,MA,47035.23,2024-05-19
6454,Benjamin,Perry,zwallace@example.com,57,MA,5764.41,2024-11-13
6455,Joseph,Baker,,29,TX,16440.78,2021-09-26
6456,Michael,Adams,sarahwells@example.net,42,NJ,47690.65,2022-05-31
6457,Matthew,Hall,vwilson@example.org,60,PA,11658.74,2022-03-21
6458,Rebecca,Hamilton,qmathis@example.org,36,NJ,7926.98,2025-05-22
6459,Christina,Baker,longdeborah@example.com,26,CA,42108.25,2026-06-14
6460,Alex,Scott,ulopez@example.com,62,FL,40377.71,2022-09-16
6461,Melissa,Johnson,victorjones@example.org,52,CT,28152.02,2021-08-31
6462,Dustin,Gross,manuel24@example.org,76,CT,-2040.28,not-a-date
6463,Samuel,Moody,icraig@example.com,24,NJ,7014.02,2025-06-18
6464,Jerry,Young,garciaalexis@example.net,77,TX,15308.52,2025-04-23
6465,Christie,Young,whitakerbrittany@example.org,73,FL,20045.68,2026-05-09
6466,Janet,Adams,johnsonbrooke@example.net,75,WA,22506.95,2024-02-27
6467,Fred,Higgins,hdavid@example.net,57,NY,20989.48,2022-04-23
6468,Jaclyn,Sparks,zacharywest@example.com,43,TX,44526.32,2025-04-19
6469,Matthew,Garza,cindy54@example.net,72,NJ,12846.58,2022-08-04
6470,Jasmine,Hoover,richardgreen@example.org,60,NJ,1152.68,2024-01-11
6471,Amanda,Mckinney,rlarsen@example.net,49,CA,15736.74,2021-12-11
6472,Christopher,Cook,arianablair@example.net,46,FL,9958.99,2026-01-09
6473,Eddie,Nelson,fitzgeraldtrevor@example.com,67,CT,28252.32,2024-09-20
6474,Jesus,Cruz,aromero@example.com,41,ZZ,22068.97,2021-08-24
6475,Hayley,Taylor,gordonlaura@example.net,32,WA,32503.69,2023-06-04
6476,Jennifer,Callahan,jamesgill@example.com,35,WA,34797.27,2023-11-27
6477,Gregory,Hoffman,,46,CA,10294.43,2023-07-27
6478,Frank,Miller,brittanycoffey@example.net,65,WA,23297.58,2022-03-21
6479,Donald,Newman,rbrown@example.net,19,PA,18400.34,2026-03-19
6480,Robert,Willis,maddenmelissa@example.org,32,PA,26450.81,2024-05-28
6481,Aaron,Allen,,77,TX,33721.06,2024-12-28
6482,Yvonne,Myers,arobinson@example.org,72,CT,11738.54,2025-07-04
6483,Robert,Barron,jefferyaguilar@example.net,28,CA,30704.08,2026-06-26
6484,Bradley,Myers,fday@example.com,85,WA,42496.95,2021-09-03
6485,Jennifer,Gomez,wongmatthew@example.org,60,WA,19673.55,2025-01-10
6486,Brian,Robinson,lgarrett@example.com,54,TX,32872.96,2021-11-14
6487,Jenna,Gill,,49,CT,48618.73,2026-02-02
6488,Sarah,Collins,richardskaitlyn@example.org,51,CT,37266.45,2025-11-08
6489,Jose,Butler,awilliams@example.net,57,CT,39278.23,2022-07-13
6490,Cynthia,Cisneros,alexanderchristopher@example.org,57,WA,6065.61,2025-06-11
6491,William,Harmon,cheryl83@example.com,49,WA,12122.9,2024-02-06
6492,Joseph,Smith,marydavis@example.com,51,CT,28915.97,2023-01-10
6493,Martha,Dominguez,wangryan@example.com,54,MA,28746.0,2023-06-28
6494,Tanya,Shea,ramirezmargaret@example.com,52,TX,13189.72,2024-11-03
6495,James,Baxter,,85,IL,8566.87,2024-09-26
6496,Brian,Ryan,mjohnson@example.net,46,NJ,29666.05,2021-12-04
6497,Roger,Carter,xramos@example.com,82,TX,6415.19,2023-12-29
6498,Michael,Harris,,79,MA,49416.36,2024-12-09
6499,Tina,Snyder,carmentaylor@example.org,84,WA,42906.68,2024-03-22
6500,George,Ellis,farmerjennifer@example.org,52,NY,12458.86,2024-02-04
6501,Christopher,Smith,wrightdouglas@example.org,31,NJ,49885.32,2024-02-23
6502,Melanie,Scott,,75,PA,3060.2,2025-01-22
6503,Angel,Marshall,ipadilla@example.com,40,NY,43021.06,not-a-date
6504,Richard,Miller,jimenezrandy@example.com,23,FL,16341.17,2022-12-17
6505,Carol,Campbell,julie61@example.com,84,CA,9635.82,2026-06-05
6506,Donald,Norris,cnorris@example.org,70,CA,16833.91,2023-10-16
6507,Andrew,Adams,jacksonpatrick@example.net,34,PA,1864.62,2025-11-17
6508,Alexandra,Turner,vkelly@example.net,19,NJ,15088.56,not-a-date
6509,Christopher,Moreno,patrick86@example.com,73,CT,19075.07,2025-12-31
6510,Colleen,Hurst,elizabethcole@example.com,26,PA,36176.72,2023-05-24
6511,Natalie,Richmond,thompsonamber@example.net,46,WA,2730.38,2023-11-02
6512,Christopher,Fowler,jonathan37@example.org,21,PA,44861.94,2023-07-10
6513,Dawn,Johnson,huntsamuel@example.org,63,NY,6818.02,2025-07-10
6514,Taylor,Torres,gmolina@example.net,32,MA,36691.94,2025-03-17
6515,Desiree,White,smithjustin@example.net,77,CA,42923.58,2022-06-18
6516,Tony,Zuniga,eric34@example.com,63,IL,35348.94,2025-04-03
6517,Dominique,Stewart,danielolsen@example.com,68,MA,16538.37,2023-08-25
6518,Adam,Mills,bwilliams@example.com,-1,FL,48192.12,2026-05-12
6519,Ronald,Stewart,kshaw@example.net,73,NY,46134.89,2023-03-09
6520,Jessica,Abbott,,45,NY,13054.57,2025-09-21
6521,John,Fowler,burtonkevin@example.com,64,IL,14917.23,2024-10-05
6522,Andrew,Hall,mlee@example.net,51,CA,19827.44,2022-11-25
6523,Tina,Branch,millsyolanda@example.com,46,NY,3623.95,2024-09-01
6524,Peter,Williams,oleon@example.org,65,NJ,44250.9,2025-01-25
6525,Jenna,Walker,cooperselena@example.org,55,PA,9524.69,2024-01-11
6526,Steven,Burke,williamsonlaura@example.net,70,PA,46639.41,2024-04-07
6527,Tyler,Coleman,jonesbryan@example.net,35,NJ,42898.76,2025-06-16
6528,Laurie,Barr,sarahramirez@example.com,42,CT,22875.96,2021-12-25
6529,Catherine,Hernandez,michael18@example.org,41,CT,20328.87,2022-08-18
6530,Tyler,Meyer,debra42@example.com,31,NJ,15062.89,2021-10-01
6531,Leah,Parker,brandongonzalez@example.com,75,WA,20784.26,2025-10-06
6532,Brian,Dawson,ramosronald@example.com,68,IL,41559.76,2025-12-20
6533,Matthew,Johnson,james57@example.net,22,IL,39573.49,2024-10-17
6534,Loretta,Marquez,philipchavez@example.org,58,PA,28454.04,2026-08-15
6535,Carlos,White,thomas15@example.org,53,TX,37663.16,2025-10-15
6536,Jessica,Hernandez,samuel14@example.net,-10,PA,44306.05,2026-01-14
6537,Laura,Vaughn,denise64@example.net,29,FL,21907.71,not-a-date
6538,Scott,Martin,vmaldonado@example.com,54,NY,23290.81,2024-01-02
6539,Brian,Hughes,monica60@example.org,42,NJ,15104.9,2024-02-04
6540,Jonathan,Miller,uparker@example.org,58,NJ,7758.29,2021-12-09
6541,Jessica,Moore,yrhodes@example.org,64,NJ,8168.48,2026-02-27
6542,Erica,Ho,ccalderon@example.net,53,TX,19542.17,2022-11-17
6543,Lindsay,Hawkins,vmendoza@example.com,41,FL,37580.32,2021-08-19
6544,Jeffrey,Mcmillan,sgill@example.com,38,MA,10052.09,2022-03-16
6545,James,Nelson,chanamanda@example.org,84,PA,31180.42,2023-09-21
6546,Michael,Li,lmaynard@example.net,47,NJ,6814.61,2022-09-29
6547,Elizabeth,Mendoza,xwhite@example.com,35,CA,20063.63,2023-05-04
6548,Mallory,Smith,breanna89@example.org,31,MA,10220.56,2024-08-28
6549,Michael,Howard,reginaldevans@example.org,19,MA,1098.33,2022-07-16
6550,Brandon,Lane,qjohnson@example.com,43,CT,20414.57,2024-02-09
6551,Raymond,Gordon,cherylgood@example.net,74,NY,36703.16,2025-11-26
6552,Alex,Duffy,scruz@example.net,33,TX,39165.66,2022-06-15
6553,Sean,Nelson,williamrivera@example.net,64,NJ,21876.98,2022-05-14
6554,Monica,Hayes,kayla83@example.com,72,PA,38795.29,2024-11-21
6555,Deborah,Adams,andersonbrandy@example.net,62,CA,12456.17,2024-12-10
6556,Rachel,Allen,lance24@example.org,25,PA,13899.7,2022-05-30
6557,Penny,Hammond,turnerroger@example.net,65,MA,2802.5,2023-07-23
6558,Jennifer,Burton,ryanshannon@example.org,-1,MA,36735.81,2026-01-28
6559,Mary,Hurley,invalid-email,51,FL,8531.37,2022-02-24
6560,Michael,Pierce,timothyhahn@example.org,21,MA,13542.66,2023-05-04
6561,Richard,Combs,invalid-email,34,NJ,6352.79,2022-09-09
6562,Sarah,Kirk,judysharp@example.org,55,FL,3405.07,2021-12-12
6563,Andrew,Bowman,rebeccacarroll@example.org,20,NY,22710.94,2023-08-15
6564,Robert,Hampton,colemanlance@example.net,38,PA,33095.87,2024-12-08
6565,Christina,Gardner,zmendoza@example.org,34,CT,2605.96,2026-04-24
6566,Charles,Taylor,steven22@example.com,65,NJ,21967.33,2024-02-07
6567,Denise,Wu,rgonzales@example.com,70,CT,33027.69,2022-02-22
6568,Megan,Davis,april95@example.com,77,NY,41584.85,2024-09-05
6569,Matthew,Herrera,jamesstewart@example.org,78,FL,16055.75,2024-08-14
6570,Brian,Bright,kellyjones@example.com,51,TX,5293.54,2022-10-29
6571,Matthew,Anderson,timothy11@example.com,250,CT,2502.32,2026-01-05
6572,April,Lopez,stacygrant@example.net,64,IL,11369.5,2023-04-19
6573,Sean,Casey,hayesanthony@example.com,74,PA,39430.99,2023-12-29
6574,Ronald,Contreras,margaretwilson@example.org,78,PA,16973.92,2025-08-07
6575,Peter,Boyer,john33@example.com,26,PA,7777.59,2026-01-30
6576,Evan,Morris,wyattsusan@example.org,23,XX,39097.06,2022-11-06
6577,Samantha,Burgess,lisadavis@example.org,-1,TX,19710.15,2022-06-08
6578,Stacy,Wolfe,mmurphy@example.org,54,CT,45742.9,2023-02-03
6579,Brianna,Jacobs,oruiz@example.org,36,MA,24273.39,2025-02-23
6580,Timothy,Ward,mikegonzalez@example.org,42,FL,28670.17,2021-12-19
6581,Joseph,Livingston,kristopher63@example.com,27,PA,4986.48,2026-01-03
6582,Christina,Robertson,samuelhamilton@example.com,28,NY,48966.32,2024-10-17
6583,Marisa,Bird,jennifer98@example.org,33,IL,22894.48,2021-10-13
6584,Richard,Blevins,kristenvillarreal@example.org,83,NJ,11785.31,2024-06-15
6585,Cynthia,Bennett,,62,IL,20796.43,2023-02-08
6586,Christina,Shields,davismaria@example.com,24,NY,22720.73,2023-11-13
6587,Susan,May,brendan97@example.net,24,FL,14567.4,2026-02-17
6588,Brian,Riley,waynetaylor@example.org,22,XX,29913.21,2022-02-07
6589,Sarah,Lewis,jennifergilbert@example.org,63,NY,29387.85,2024-07-27
6590,Lori,Larson,garciapamela@example.net,50,CA,8910.14,2026-05-21
6591,Erica,Richardson,shelby76@example.org,58,NY,24699.59,2023-10-21
6592,Vanessa,Brown,phunt@example.org,40,PA,7105.25,2023-03-09
6593,Tammy,Johnson,evelyn46@example.net,81,TX,37421.91,2021-09-18
6594,Linda,Mack,wilkinsraven@example.org,49,MA,27877.82,2026-03-22
6595,Robert,Sexton,lgreen@example.org,41,PA,1073.2,2025-04-23
6596,Daniel,Kent,joseph59@example.net,55,PA,7217.1,2025-04-30
6597,Deborah,Anderson,blakethomas@example.net,66,PA,18844.21,not-a-date
6598,Caitlyn,Kirby,guzmancarl@example.com,59,CT,29555.13,2023-02-04
6599,Tracy,Butler,andrewrandall@example.com,66,MA,45438.58,2026-07-11
6600,Kevin,Walters,kjohnson@example.org,18,IL,40822.7,2026-01-30
6601,Valerie,Fisher,rodriguezchristopher@example.net,43,CT,14721.38,2022-09-18
6602,Judy,Smith,mcarter@example.com,74,NJ,15236.66,2023-06-14
6603,Megan,Gonzalez,,84,FL,25428.73,2021-12-04
6604,Melissa,Gutierrez,watsonmatthew@example.net,60,NJ,13548.11,2026-07-22
6605,Kylie,Howard,lauracooper@example.com,20,PA,516.22,2025-05-11
6606,Sara,Byrd,linkevin@example.net,65,WA,34155.83,2024-02-10
6607,Joseph,Hill,marcus16@example.net,82,CA,3568.57,2025-04-17
6608,Frank,Campbell,patricia74@example.org,58,MA,39401.14,2022-01-13
6609,Danielle,Harris,ashleysims@example.org,75,FL,12868.93,2024-03-13
6610,Kimberly,Jones,zolsen@example.com,41,TX,21356.93,2023-11-01
6611,Anthony,Dillon,eric85@example.net,44,PA,47381.43,2024-02-26
6612,Theresa,Schmidt,greenwendy@example.net,58,TX,11658.57,2022-12-07
6613,Brittany,Johnson,markbuck@example.net,41,FL,46064.1,2025-10-10
6614,Mark,Palmer,chelseafuentes@example.net,78,CA,39739.52,2021-11-09
6615,Timothy,Lewis,fharris@example.org,38,CA,-4889.76,2021-11-21
6616,Tammy,Tyler,sbradley@example.com,20,TX,4027.67,2024-03-24
6617,Jamie,Brown,abigail81@example.org,69,CA,27136.85,2022-11-30
6618,Andrew,Watkins,glassalexis@example.org,36,WA,6691.06,2025-05-08
6619,Angela,Sanchez,cjones@example.org,65,WA,36256.39,2021-10-25
6620,Joshua,Weiss,jessica12@example.net,38,PA,29626.46,2022-08-05
6621,John,Schaefer,baxterbrandi@example.net,32,NY,16129.02,2023-04-05
6622,Lucas,Henson,xthomas@example.com,70,MA,2102.08,2022-01-09
6623,Joseph,Zuniga,dbrown@example.net,58,CA,37872.54,2022-08-02
6624,David,Cook,daniel61@example.org,69,MA,21794.58,2022-02-10
6625,Melissa,Robertson,ericchristensen@example.org,77,PA,32287.63,2024-08-17
6626,Kara,Reilly,sarahjenkins@example.org,40,WA,36135.99,2022-04-16
6627,Paul,French,zachary00@example.org,41,NJ,21573.22,2021-12-14
6628,Jenna,Robinson,martinezshawn@example.com,27,CA,33162.27,2023-04-27
6629,Miguel,Benitez,,83,NJ,32315.36,2024-05-16
6630,Deborah,Joyce,paulparker@example.com,61,NY,9726.59,2022-11-02
6631,Juan,Macdonald,lauriejohnson@example.com,31,MA,32735.06,2022-12-14
6632,Carrie,Brown,williamforbes@example.net,23,NJ,13630.57,2024-06-27
6633,Danielle,Cooper,adrian42@example.net,46,PA,3211.62,2024-11-02
6634,Ryan,Hall,markgriffin@example.org,28,PA,42525.19,2022-01-22
6635,Isabel,Henry,hmitchell@example.org,30,PA,39105.55,2025-10-18
6636,Nathan,Miller,joyce98@example.net,65,CT,25568.09,2025-10-26
6637,Nancy,Brooks,christopher49@example.com,32,CA,26916.32,2025-03-23
6638,Kristy,Jackson,oscott@example.com,73,IL,20857.82,2022-05-02
6639,Cody,Gonzalez,donald87@example.net,81,TX,14897.71,2024-12-25
6640,Ashley,Brown,invalid-email,19,NY,38178.8,2024-11-06
6641,Stephen,Jackson,kimberly34@example.org,32,IL,16335.83,2021-10-17
6642,Colleen,Randall,huertajohn@example.com,25,TX,15465.19,2023-06-13
6643,Kathleen,James,jeremy30@example.org,57,PA,41858.58,2023-01-13
6644,Cameron,Smith,wilsoncameron@example.com,18,NJ,39730.62,2023-02-22
6645,Kyle,Miller,stevenmendoza@example.net,40,WA,46403.43,2026-01-03
6646,Anthony,Allison,elizabeth92@example.net,81,FL,31914.05,2022-04-19
6647,Timothy,Wells,ronaldyang@example.net,79,MA,41595.42,2023-12-19
6648,Cindy,Santos,wdominguez@example.com,84,CA,38796.92,2024-12-28
6649,Ryan,Chan,brownmichael@example.com,67,TX,14088.45,2025-02-01
6650,Kristie,Montgomery,shayes@example.com,69,CT,38753.54,2025-03-01
6651,James,Cunningham,doughertyscott@example.org,33,WA,21767.22,2024-09-17
6652,Justin,Edwards,cynthia20@example.org,34,MA,14809.71,2021-12-17
6653,Nicole,Kramer,aolsen@example.net,41,NY,30525.75,2023-01-16
6654,David,Lyons,joerobbins@example.org,73,PA,8952.28,2022-09-07
6655,Andrea,Morton,jasonsullivan@example.org,42,PA,855.39,2023-10-16
6656,Richard,Huffman,tparker@example.com,26,NJ,14216.11,2024-07-17
6657,Bernard,Wilson,priscilla11@example.com,50,IL,10847.91,2024-02-07
6658,Raven,Anderson,mcintyretroy@example.com,32,CT,36636.95,2024-11-13
6659,Shari,Black,whitekevin@example.org,83,WA,38624.28,2023-08-25
6660,Gregory,Pittman,laura84@example.net,32,NY,23552.97,2023-07-07
6661,Beverly,Clark,burnettsteven@example.net,75,PA,41269.12,2024-02-12
6662,Michelle,Stone,kellyheather@example.net,70,WA,30470.52,2021-12-16
6663,Pamela,Fuentes,orice@example.com,53,WA,34532.73,2023-01-10
6664,Bruce,Quinn,kim94@example.org,30,PA,25684.36,2023-01-05
6665,Sharon,Alexander,,43,NY,36767.79,2023-01-24
6666,Amber,Sanders,iwilson@example.net,20,NJ,10967.01,2022-01-04
6667,Carlos,Jackson,plove@example.org,73,TX,20491.07,2023-02-10
6668,Sean,Roberts,hkim@example.net,39,NJ,3119.4,2023-02-02
6669,Isabella,Ford,heatherallen@example.net,62,MA,37399.79,2024-10-31
6670,Danielle,Gallegos,stewarttyler@example.com,61,MA,27198.59,2022-03-27
6671,Jason,Rogers,matthew79@example.com,42,INVALID,192.44,2024-10-25
6672,Anthony,Stevens,,23,CA,40480.66,2025-10-17
6673,Crystal,Brooks,anthonysmith@example.com,52,MA,44314.8,2022-08-11
6674,Kimberly,Baker,thomasnixon@example.net,48,IL,35489.22,2022-07-05
6675,Danielle,Andrews,patrick24@example.org,63,IL,34455.62,2023-06-20
6676,Matthew,Brewer,markmassey@example.com,71,WA,8545.8,2023-12-24
6677,Cynthia,Kelly,eric64@example.org,25,NJ,22555.09,2025-06-06
6678,Kaitlyn,Robinson,eric22@example.org,73,PA,41131.75,2022-07-22
6679,Brett,Jones,kcarter@example.com,73,MA,42889.73,2021-11-03
6680,Fernando,Peterson,finleynancy@example.org,40,IL,49647.17,2025-04-03
6681,William,Barnes,ohayes@example.com,44,IL,30470.69,2022-06-26
6682,Arthur,Berry,terrinavarro@example.com,67,MA,10724.51,2023-08-01
6683,Mary,Howell,invalid-email,79,TX,45006.41,2025-04-10
6684,Bobby,English,,28,IL,16811.12,2025-03-27
6685,Tina,Herman,joseph52@example.org,32,IL,45652.55,2023-08-14
6686,Betty,Baker,whiteheadanthony@example.org,69,PA,19882.47,2025-08-10
6687,Erica,Johnson,vvasquez@example.org,31,MA,21702.67,2023-02-13
6688,Stacey,Jenkins,sonyadavis@example.com,57,NY,41.02,2022-03-25
6689,Sylvia,Owens,guzmanthomas@example.org,27,MA,7752.63,2026-02-01
6690,Ricky,Rogers,fgomez@example.com,82,PA,10056.25,2025-01-10
6691,Jason,Roach,antonioserrano@example.com,250,WA,7617.73,2022-09-19
6692,Kristy,Williams,kellis@example.org,83,MA,17466.38,2024-06-09
6693,Jon,Velazquez,rita93@example.net,41,FL,36858.66,2023-08-20
6694,Sarah,Martin,fjohnson@example.com,26,IL,23843.54,2026-07-22
6695,Hannah,Ruiz,gmoses@example.net,20,TX,47633.38,2021-12-01
6696,Dale,Drake,delgadogeorge@example.net,79,FL,19282.14,2022-05-20
6697,Jared,Walker,earlowens@example.com,23,TX,37775.88,2021-11-07
6698,Justin,Warren,invalid-email,65,WA,8352.41,2022-12-14
6699,Andrea,Lynch,robert41@example.net,84,NY,42815.03,2022-06-24
6700,Daniel,Ramsey,mark42@example.com,52,MA,38516.23,2024-07-23
6701,James,Chapman,hbrown@example.com,34,FL,30334.94,2024-12-25
6702,Chris,Cruz,collinselizabeth@example.org,70,NY,23032.22,2021-11-19
6703,Tammy,Mathews,joseph19@example.net,82,NY,17617.16,2021-11-08
6704,Laura,Gonzalez,kcamacho@example.net,71,WA,42661.44,2024-12-07
6705,Stephen,Koch,alex56@example.org,49,IL,34638.96,2022-10-27
6706,Shannon,Lopez,randy45@example.com,62,FL,8909.75,2021-09-05
6707,Amanda,Merritt,monica19@example.net,20,PA,35074.76,2021-10-15
6708,Richard,Mullins,gregorylopez@example.com,66,CA,34796.56,2024-01-22
6709,Charles,Wilson,hromero@example.org,69,IL,19223.61,2023-05-16
6710,Jennifer,Maldonado,lauraperkins@example.com,39,WA,43493.88,2024-08-13
6711,Sherry,Farmer,nicolelawson@example.com,30,ZZ,16183.64,2022-11-12
6712,Jonathan,Arnold,krystal76@example.org,44,CT,30837.13,2024-01-31
6713,Nicholas,Washington,elizabethroy@example.com,38,CA,16307.51,2025-11-01
6714,Rachael,Meyer,ryansmith@example.net,52,TX,31413.73,2024-06-06
6715,Jimmy,Bates,palmerjessica@example.org,19,FL,36908.71,2023-12-29
6716,Jeffery,Jefferson,bellcynthia@example.org,35,WA,43082.66,2025-11-22
6717,Robert,Sullivan,invalid-email,20,FL,13405.85,2023-06-24
6718,Matthew,Williams,lopezdouglas@example.com,78,PA,38241.61,2021-09-12
6719,James,Ortiz,campbellmorgan@example.net,70,TX,29513.28,2022-05-29
6720,Austin,Jacobson,qsolis@example.org,56,NY,38223.49,2025-01-16
6721,Jason,Kennedy,fholloway@example.net,68,FL,1079.68,2022-10-08
6722,Gregory,Thomas,tmayo@example.net,18,IL,39092.34,2024-09-28
6723,Morgan,Murphy,victorbutler@example.org,76,CT,34300.08,2024-09-07
6724,Jessica,Hodges,gsimon@example.org,81,CT,27957.5,2022-05-04
6725,Kyle,Shelton,laurenrobertson@example.net,54,TX,13789.98,2025-10-11
6726,Cheryl,Garcia,qmora@example.net,83,MA,40136.39,2021-10-04
6727,Lauren,Fuentes,greeneanna@example.org,82,CT,5627.23,2022-12-12
6728,Colleen,Hall,samuelcarney@example.com,77,MA,14448.76,2023-04-12
6729,David,Webb,derek73@example.org,76,IL,47186.19,2025-01-29
6730,Jennifer,Washington,paulagarcia@example.com,61,MA,19933.4,2026-08-13
6731,John,Flores,longmichelle@example.org,31,TX,14648.36,2025-07-09
6732,Jacob,Randolph,gking@example.org,21,CT,14500.79,2025-02-26
6733,Ralph,Briggs,hendersonamy@example.org,19,WA,8333.26,2025-07-04
6734,Kenneth,Watkins,natasha33@example.net,83,TX,43791.91,2023-10-04
6735,Lisa,Smith,invalid-email,59,PA,5913.38,2024-07-04
6736,Randall,Torres,invalid-email,22,PA,19923.58,2024-03-11
6737,Jason,Mosley,chavezjames@example.net,76,NJ,19835.38,2022-03-23
6738,Jennifer,Medina,xrivera@example.org,55,IL,30091.47,2025-07-05
6739,Sharon,Reynolds,wendy16@example.com,25,NJ,41993.36,2026-01-16
6740,Molly,Banks,michael99@example.org,40,CT,26732.06,2026-05-05
6741,Candice,Bolton,zrichards@example.org,50,CA,26004.17,2025-05-03
6742,Devin,Gray,ashley95@example.net,46,NJ,27814.1,2022-02-25
6743,Keith,Cole,rojasjames@example.net,42,NJ,16494.0,2022-11-22
6744,Eric,Lawson,mmoore@example.org,57,IL,27553.26,2024-02-13
6745,Taylor,Nelson,,78,CT,41670.38,2025-01-11
6746,David,Brewer,glee@example.org,31,IL,17381.65,2024-12-21
6747,Morgan,Fleming,rangeljonathan@example.org,48,NJ,7468.87,2022-02-24
6748,Mark,Johnson,brittanydiaz@example.org,75,CA,45759.93,2025-04-11
6749,Mark,Hunter,joewells@example.org,24,NJ,10642.7,2023-02-15
6750,Jared,Blanchard,sanfordlouis@example.com,62,TX,37988.61,2025-04-17
6751,Traci,Fletcher,camerongonzales@example.org,69,NY,29608.69,2024-08-29
6752,Tamara,Burch,zhall@example.org,63,MA,864.37,2025-06-06
6753,Jose,Fuller,monica33@example.net,63,TX,14639.19,2024-10-19
6754,Sierra,Jackson,daniel68@example.net,51,WA,9579.09,2026-06-15
6755,Hannah,Thomas,ileblanc@example.net,74,IL,33248.32,2026-05-14
6756,Brittany,Swanson,kendra02@example.net,55,TX,22441.28,2026-04-16
6757,Michael,Wilson,rberry@example.org,24,IL,38058.5,2025-06-01
6758,Elizabeth,Palmer,,20,NY,26540.97,2024-08-13
6759,James,Mora,john65@example.org,38,TX,43909.34,2022-08-19
6760,Samantha,Burch,buchananrobert@example.net,22,NJ,5649.93,2023-02-01
6761,Paul,Jordan,umckenzie@example.com,44,TX,18618.06,2022-11-02
6762,Shawn,Smith,patrickmiller@example.com,33,NJ,11546.31,2025-02-19
6763,Timothy,Butler,sylvia12@example.org,55,CT,47484.7,2023-11-25
6764,Allison,Cannon,melissa69@example.com,50,PA,30072.65,2022-05-02
6765,Brooke,Griffin,,23,TX,24197.4,2023-10-13
6766,Chloe,Brown,newmanpamela@example.net,61,TX,27931.3,2026-04-06
6767,Cynthia,Edwards,fvaughn@example.com,69,CA,8241.73,2021-09-14
6768,Kimberly,Wilson,daniellecooper@example.org,22,TX,7088.17,2023-11-24
6769,Matthew,Lloyd,peter16@example.org,34,NY,16180.36,2023-02-08
6770,Jesus,Singleton,brandon97@example.org,62,WA,29867.83,2025-11-10
6771,Thomas,Campbell,lbarnes@example.net,79,PA,15771.32,2021-12-01
6772,Kelly,Scott,sarah09@example.com,72,PA,9211.84,2023-08-05
6773,Riley,Simon,williamlucas@example.org,41,NY,30449.42,2024-03-02
6774,Alexandra,Lee,edgarharvey@example.com,60,MA,10772.74,2024-01-24
6775,Javier,Morrow,james58@example.net,55,FL,39656.41,2025-01-18
6776,Michael,Riley,dmacias@example.com,51,FL,15365.16,2022-11-13
6777,Michael,Velazquez,donaldmarquez@example.net,67,CT,27059.19,2026-07-29
6778,Jeremy,Schwartz,robertthompson@example.com,59,CA,29864.39,2022-02-12
6779,Steven,Wilson,nwatson@example.net,73,CA,8536.12,2023-05-06
6780,Katherine,Reed,catherineschaefer@example.org,47,IL,11261.21,2023-10-04
6781,Ashley,Gilbert,catherinemedina@example.org,18,ZZ,41521.83,2025-07-17
6782,Bruce,Berry,hpadilla@example.com,35,CT,16650.85,2023-04-05
6783,Courtney,Martinez,jaclynmack@example.com,62,MA,5081.37,2026-03-12
6784,Christopher,Prince,bakerrenee@example.com,25,NJ,37051.12,2022-11-23
6785,Jennifer,Irwin,rileysteven@example.com,68,PA,32920.6,2022-05-14
6786,Renee,Pierce,troy04@example.org,29,NY,46464.79,2026-05-17
6787,Mitchell,Garner,dfields@example.org,78,MA,46156.79,2022-08-21
6788,John,Murray,zpeck@example.org,36,FL,24732.67,2021-11-18
6789,Shawn,Oconnell,mhudson@example.com,72,CT,26803.59,2023-03-27
6790,Elizabeth,Smith,fosterdiana@example.org,49,WA,17325.25,2024-09-27
6791,Justin,Freeman,,59,CA,27707.19,2023-06-12
6792,Bobby,Wilson,porterwilliam@example.net,39,PA,29222.8,2022-05-22
6793,Brian,Thomas,christopher39@example.org,57,PA,34063.39,2021-08-26
6794,Brenda,Kelly,loganclayton@example.com,62,PA,35640.13,2022-12-01
6795,Emily,Singleton,christinabrown@example.com,58,NY,20304.01,2026-08-18
6796,Marc,Allen,heatherjohnson@example.net,82,CA,24462.68,2026-06-08
6797,Troy,Castillo,lawrence84@example.com,28,FL,3328.01,2022-04-25
6798,Patrick,Gonzalez,kimberlyrosales@example.net,61,NJ,26454.65,2024-05-08
6799,Kyle,Cross,kcooper@example.org,24,CA,15425.69,2022-09-01
6800,Kelly,Gonzalez,hansenkenneth@example.org,29,CT,22411.84,2021-11-02
6801,Robert,Williams,doris49@example.org,57,CT,23580.8,2022-08-21
6802,Danielle,Knight,sara17@example.net,64,MA,17831.1,2024-01-20
6803,Nicole,Pollard,justinmcdaniel@example.org,36,CT,21918.02,2026-04-23
6804,Jeanne,Williams,urodriguez@example.org,85,CT,5606.75,2025-10-17
6805,Cory,Jefferson,christopherreyes@example.org,77,NY,17820.36,2026-01-21
6806,Elizabeth,Carroll,carlmcfarland@example.com,56,WA,22973.12,2026-08-04
6807,Elizabeth,Wilson,stanleymadison@example.net,51,CT,42370.27,2025-08-24
6808,Sarah,Moore,samanthahawkins@example.com,44,NJ,16668.5,2026-08-14
6809,Erin,Browning,,80,IL,26715.78,2023-11-18
6810,Nicole,Allen,rodney41@example.org,46,MA,6240.59,2024-08-29
6811,Erin,Bailey,,45,TX,4157.29,2022-11-16
6812,Tina,Miles,kevinsmith@example.org,26,MA,11982.3,2022-10-16
6813,Jacqueline,Faulkner,brianjones@example.net,84,WA,49020.15,2023-05-11
6814,Charles,Flores,guzmanandrew@example.org,72,NJ,25648.99,2024-09-28
6815,Michael,Mendoza,ngilbert@example.com,82,INVALID,44481.22,2022-10-23
6816,Stephanie,Casey,johnsonmelissa@example.com,250,CA,39720.19,2022-10-06
6817,Jason,Stone,ucruz@example.org,79,IL,23760.89,2026-05-17
6818,Kenneth,Santiago,heatherray@example.com,19,CT,41360.5,2024-03-28
6819,Bailey,Jackson,amy52@example.org,73,ZZ,15798.48,2021-12-31
6820,Erin,Rodriguez,erika44@example.net,26,CA,9076.96,2025-11-17
6821,Travis,Thomas,xnelson@example.org,74,CT,20429.69,2025-08-16
6822,Madison,Dunn,msmith@example.net,45,CA,36446.93,2022-04-22
6823,Curtis,Pearson,nmurphy@example.org,79,IL,2500.13,2022-04-20
6824,Kimberly,Goodman,audreyjohnson@example.org,83,WA,43173.85,2022-07-06
6825,Hayley,Rodriguez,halltommy@example.net,63,TX,34277.95,2025-06-11
6826,Brian,Hernandez,vjackson@example.com,130,CT,13960.82,2023-04-07
6827,Michael,Costa,invalid-email,66,FL,4381.12,2021-11-28
6828,Kathryn,Simmons,jaredjohnson@example.org,79,FL,37115.34,2022-06-04
6829,Dale,Hughes,nhouston@example.net,38,WA,40453.61,2022-07-03
6830,Rebecca,Burns,nmartin@example.org,26,CT,11224.19,2023-02-23
6831,Barbara,Love,daniellearroyo@example.com,68,PA,29383.04,2026-04-26
6832,Raymond,Brown,carlaswanson@example.net,250,TX,31455.25,2021-10-18
6833,Paula,Knight,charles47@example.com,73,CT,48583.44,2026-03-24
6834,Kathleen,Patterson,karinahodges@example.net,61,NJ,30479.57,2026-07-12
6835,Gregory,Ali,kayla58@example.com,21,NJ,5608.28,2026-03-08
6836,Wanda,Kim,rachel57@example.com,61,FL,11393.75,2025-03-31
6837,Marc,Castro,shelley06@example.com,20,IL,45296.04,2024-08-17
6838,Kim,Gutierrez,michelle11@example.com,61,PA,4759.98,2024-07-24
6839,Adam,Jensen,robert70@example.com,28,IL,29722.55,2025-12-30
6840,Roger,Gray,cwilliamson@example.net,84,CT,45230.11,2024-05-11
6841,Kristen,Evans,arussell@example.net,39,CT,19493.12,2026-05-24
6842,Peter,Hunter,williamjohnson@example.com,83,IL,14877.04,2022-02-21
6843,Douglas,Marshall,trevinocrystal@example.org,76,WA,18535.61,2021-10-08
6844,Christina,White,danielcannon@example.org,39,IL,45541.93,2024-06-09
6845,Greg,Montoya,joseph62@example.com,65,FL,16429.67,2023-07-10
6846,Mario,Ball,william49@example.com,62,IL,6320.92,2024-10-13
6847,Leslie,Davis,joshua89@example.org,130,NY,42129.35,2025-04-13
6848,Amy,Walker,martinshields@example.com,24,PA,7172.96,2024-06-26
6849,Courtney,Morrison,hamiltonmichael@example.com,74,WA,23138.04,2026-03-30
6850,Deanna,Greene,douglas87@example.net,27,PA,14961.99,2025-01-11
6851,Christian,Esparza,invalid-email,42,WA,45365.2,2023-02-21
6852,Barbara,Wright,martinezjustin@example.net,75,NY,23106.1,2023-10-01
6853,Jason,Jefferson,noblebrian@example.net,60,WA,26456.05,2021-08-24
6854,Emily,Potter,greid@example.net,51,CA,40544.26,2024-11-26
6855,Rachel,Hayden,,52,INVALID,21272.7,2024-02-01
6856,Kimberly,Clark,michael42@example.org,38,IL,49745.69,2021-09-18
6857,Kevin,Smith,invalid-email,84,NY,4150.01,2024-10-07
6858,Stacy,Flores,whitakeramy@example.org,45,NJ,10496.0,2023-04-03
6859,Austin,Brooks,cookolivia@example.net,82,CA,37599.28,2021-11-14
6860,Jamie,Wood,amalone@example.com,32,NY,28906.11,2025-10-10
6861,Beth,Gray,benitezerin@example.org,80,IL,3989.32,2026-03-05
6862,Rodney,Hill,kathleenvelasquez@example.org,61,WA,567.83,2025-09-19
6863,Jose,Atkins,noahburke@example.com,20,WA,32834.56,2024-07-28
6864,Michael,Montes,dford@example.net,39,ZZ,22264.74,2023-09-05
6865,Christine,Anderson,robertroberson@example.org,24,CA,15781.14,2025-09-26
6866,Paul,Chambers,carly60@example.net,72,TX,29260.06,2024-11-09
6867,Tyler,Martinez,jacksonjeremiah@example.org,130,CA,4471.51,2024-12-03
6868,Anthony,Hanson,michael96@example.net,58,IL,26923.05,2022-03-07
6869,Stephanie,Harrison,invalid-email,20,FL,48059.24,2026-04-09
6870,Donna,Gonzalez,ghoward@example.net,19,CA,9757.94,2025-03-28
6871,Brittany,Miller,hzamora@example.com,68,NJ,37306.44,2025-12-26
6872,Daniel,Black,wilsonjerry@example.com,33,NY,28783.66,2024-09-06
6873,Natalie,Mayer,jamesadams@example.org,28,NJ,12430.99,2023-01-04
6874,Crystal,Ramos,wjohns@example.org,34,WA,49237.94,2022-05-10
6875,Wesley,Ingram,vallen@example.net,57,PA,32315.92,2024-01-22
6876,Lisa,Brewer,leestacey@example.org,58,CA,6063.13,2025-04-25
6877,Maria,Hurley,natashatorres@example.net,72,NJ,28698.39,2023-02-06
6878,Lisa,Allen,daniel78@example.net,85,CA,41317.59,2022-02-14
6879,Nicole,Willis,wrodriguez@example.org,30,IL,35858.94,2025-08-21
6880,Teresa,Barnett,victoria90@example.org,23,CT,16387.01,2025-02-23
6881,Michelle,Lopez,frank41@example.com,35,CT,10608.87,2021-11-06
6882,David,Owen,melissaglover@example.org,77,MA,20023.05,2024-02-08
6883,Erica,Clark,walkerpamela@example.org,61,IL,24809.47,2025-10-30
6884,Joanne,Kennedy,martinroman@example.org,66,TX,6993.05,2024-02-14
6885,Jeffrey,Dorsey,hallvincent@example.org,74,NY,10851.65,2021-11-12
6886,Courtney,Cook,christiepennington@example.com,62,IL,36031.22,2024-09-17
6887,Angela,Kidd,fthompson@example.com,69,WA,12267.3,2026-05-26
6888,Alan,Brown,bradleytaylor@example.org,63,MA,39923.96,2025-10-01
6889,Joseph,Bryant,ureynolds@example.net,25,NJ,31331.57,2024-10-24
6890,Elizabeth,Lewis,mariaanderson@example.net,59,TX,4517.38,2022-11-10
6891,Jennifer,Williams,garciajoseph@example.net,55,FL,33282.96,2023-07-08
6892,Samantha,Irwin,anthony29@example.org,29,CA,43038.71,2025-11-04
6893,Alisha,Hicks,michael94@example.net,66,MA,29239.16,2024-08-07
6894,Donald,Phillips,donnagallagher@example.com,41,CA,17335.87,2024-01-30
6895,Kristin,Parker,erikawest@example.com,32,NY,18991.54,2023-09-10
6896,Ashley,Willis,lisa51@example.com,49,TX,47825.94,not-a-date
6897,Kevin,Benson,todd81@example.com,23,PA,41915.96,2025-04-30
6898,Ernest,Taylor,uevans@example.org,48,FL,24307.95,2026-01-21
6899,Cheryl,Jacobson,john17@example.net,76,NJ,42763.02,2023-02-06
6900,Charles,Crosby,walkersamuel@example.net,71,TX,20492.96,2024-09-20
6901,Victor,Green,christinafreeman@example.com,61,MA,14749.26,2026-02-10
6902,David,Waters,xrojas@example.com,84,NY,18885.55,2025-10-24
6903,Frank,Wilson,tara03@example.net,50,CT,3434.4,2025-01-07
6904,Joshua,Garcia,thomas23@example.com,70,NY,1748.1,2026-03-15
6905,Bradley,Evans,greenemichael@example.com,-10,WA,49958.8,2021-11-17
6906,Emily,Chase,evanlarson@example.net,77,CA,31730.3,2024-06-01
6907,Courtney,Orr,xclark@example.org,44,CA,26770.66,2022-02-12
6908,Aaron,Peterson,tammystevens@example.com,56,TX,41411.77,2025-01-16
6909,Amy,Floyd,tararaymond@example.org,23,CA,48166.73,2026-05-16
6910,Allison,Campbell,natasha08@example.net,22,MA,33463.94,2023-05-14
6911,William,Mccarthy,roserhonda@example.net,18,PA,24520.75,2024-09-25
6912,Howard,Wilson,justindeleon@example.org,45,NJ,13202.94,2023-09-10
6913,Jake,Barrett,matthew43@example.org,80,XX,10426.53,2023-01-19
6914,Erica,Joseph,aanderson@example.com,35,IL,43618.12,2021-11-19
6915,Sara,Cunningham,,51,CT,33821.61,2025-10-09
6916,Teresa,Huff,glennchloe@example.org,76,NY,26443.43,2025-01-13
6917,Tammy,Stevens,bennettjeffrey@example.com,47,WA,15849.43,2024-11-14
6918,Adam,Black,khubbard@example.com,45,NJ,28767.22,2022-11-26
6919,Wesley,Combs,livingstondavid@example.org,23,TX,24764.86,2022-01-18
6920,Rebecca,Diaz,emichael@example.org,51,WA,31334.81,2022-05-13
6921,Melissa,Carroll,thomasmartin@example.com,18,WA,8685.02,2023-02-01
6922,Cindy,Thompson,alexanderashley@example.net,82,IL,38176.57,2025-09-15
6923,Michael,Cabrera,christophervilla@example.net,53,WA,25457.38,2023-12-13
6924,William,Kelly,dsullivan@example.org,52,CA,37719.94,2026-01-11
6925,Brandon,Watson,teresa27@example.com,62,NY,42783.93,2023-08-01
6926,Dave,Grimes,connortaylor@example.com,48,CA,26881.88,2023-06-22
6927,Angel,Johnson,pauljenkins@example.net,76,PA,42292.92,2023-05-18
6928,Michelle,Allen,pchaney@example.net,33,FL,13294.1,2022-12-25
6929,Lauren,Mata,mcgeeamy@example.com,43,NJ,32090.17,2024-02-23
6930,Michelle,Perez,frostdaniel@example.net,72,IL,47992.78,2025-08-28
6931,Amanda,Lee,toniwells@example.org,33,NY,37877.95,2023-04-14
6932,Daniel,Taylor,manningjamie@example.net,52,NJ,10154.75,2022-01-23
6933,Eric,Hernandez,cjohnson@example.com,44,WA,25193.84,2025-07-18
6934,Emily,Hawkins,ericamoore@example.org,84,NY,25362.86,2024-07-05
6935,Mark,Sweeney,wrogers@example.net,44,IL,23494.66,2024-12-29
6936,Troy,Walker,reynoldschristopher@example.com,63,IL,11122.23,2023-05-27
6937,Brooke,Kirby,paulperez@example.net,47,MA,20235.15,2026-04-05
6938,Pamela,Moore,scottmcneil@example.com,78,FL,696.23,2023-10-26
6939,Shannon,Cruz,garybuck@example.com,50,NY,11627.41,2023-08-01
6940,Trevor,Schneider,ramirezmichael@example.com,19,WA,622.82,2026-05-01
6941,Katelyn,Phillips,heatherward@example.com,32,CA,9650.07,2022-12-08
6942,Vanessa,Diaz,ypatel@example.com,71,NJ,9314.49,2022-10-12
6943,Christopher,Wilkinson,pwilliams@example.org,34,TX,6662.01,2023-01-30
6944,Karen,Hunt,ogaines@example.org,51,ZZ,48494.42,2022-03-05
6945,Brandon,Bailey,invalid-email,51,NY,32760.44,2022-07-23
6946,Christopher,Barton,joshua24@example.org,39,MA,44721.93,2022-02-05
6947,Andrew,Figueroa,marymarshall@example.org,22,CA,22510.51,2025-02-24
6948,Robert,Kelley,matthewhiggins@example.com,35,NJ,13426.55,2026-02-04
6949,Valerie,Newman,invalid-email,53,NY,984.01,2024-06-10
6950,Nathan,Austin,wgreen@example.net,81,WA,41943.28,2023-02-04
6951,Fernando,Carpenter,simonmelanie@example.org,130,NY,28251.31,2023-07-22
6952,Gary,Woods,lrobertson@example.com,38,CT,18561.57,2026-01-24
6953,Allison,Brown,pmills@example.com,48,IL,32162.33,2026-03-03
6954,Timothy,White,jesse81@example.com,25,WA,24136.06,2024-04-13
6955,Amy,Powell,xboyd@example.net,57,NY,47737.57,2022-12-09
6956,Daniel,Mathis,eringates@example.com,36,PA,37532.64,not-a-date
6957,Chad,Klein,stevenjackson@example.com,77,NJ,29369.09,2026-02-17
6958,Andrew,Smith,jessicadean@example.com,78,PA,37220.44,2025-12-22
6959,Danielle,Lee,solisanita@example.com,50,WA,20343.69,2023-05-22
6960,Brian,Harris,bobhiggins@example.com,41,PA,18659.72,2022-01-05
6961,Gabriella,Smith,larry64@example.org,81,CT,39672.55,2024-09-27
6962,Timothy,Mckinney,chad03@example.com,41,CT,699.44,2024-02-05
6963,Alyssa,Smith,ericblair@example.net,45,PA,20960.8,2024-04-02
6964,Brittany,Williams,bryantmarissa@example.org,31,IL,41421.86,2025-05-21
6965,Stefanie,Washington,qgarcia@example.com,24,NJ,9620.95,2025-10-19
6966,Brittany,Arnold,omarsh@example.com,66,IL,21581.06,2022-09-17
6967,Dana,Villegas,sethlynch@example.com,66,MA,2513.03,2023-03-07
6968,Sara,Miller,montesdana@example.net,19,PA,27307.77,2025-09-15
6969,Thomas,Williams,gbrown@example.org,75,PA,2804.53,2022-04-17
6970,Crystal,Norris,ejames@example.net,37,NJ,1589.88,2021-09-03
6971,Clayton,Rose,kristin70@example.org,60,MA,19546.19,2024-02-17
6972,Maria,Garcia,karenanderson@example.org,71,PA,3503.92,2022-06-24
6973,Randy,Poole,floresmegan@example.org,64,MA,20463.51,2022-03-29
6974,Tammy,Jones,grossashley@example.com,21,NJ,16948.21,2025-04-06
6975,Daniel,Patton,,78,WA,15649.42,2025-11-06
6976,Bernard,Pollard,christina11@example.com,25,NY,24746.64,2022-10-12
6977,Harry,Hernandez,michaelbradley@example.com,35,CA,47765.75,2025-07-01
6978,Rhonda,Stark,william61@example.com,19,NJ,39926.5,2023-11-11
6979,Daniel,Villanueva,ysmith@example.org,45,WA,23073.96,2025-09-11
6980,Jon,Turner,cstewart@example.org,42,NJ,32717.42,2025-03-01
6981,Sandra,Moore,,39,PA,4676.21,2026-03-19
6982,Martha,Baker,riverasteven@example.com,44,IL,40649.85,2024-09-20
6983,Tara,Smith,kellyschmitt@example.net,23,IL,23630.7,2025-06-20
6984,Robert,Sanchez,harry17@example.net,27,TX,24780.71,2023-03-27
6985,Wesley,Jimenez,,41,NY,1247.59,2021-08-23
6986,Allen,Davis,christinawalsh@example.org,50,CA,43506.94,2022-10-22
6987,Kimberly,Perry,ydecker@example.com,53,TX,39617.36,2023-01-12
6988,April,Jackson,fspencer@example.org,81,NY,28473.97,2024-09-15
6989,Bradley,Flowers,cheryl30@example.net,26,FL,41711.73,2024-07-11
6990,Paul,Myers,btodd@example.org,-10,CT,15319.66,2024-06-21
6991,Anthony,Moore,tdougherty@example.net,70,NJ,49162.52,2024-08-15
6992,Rebecca,Walsh,laura71@example.com,36,MA,37978.81,2023-02-14
6993,Whitney,Murphy,,55,PA,9183.36,2025-04-19
6994,Regina,Cooper,hlove@example.org,36,NY,32397.29,2025-01-26
6995,Rachel,Cole,james27@example.net,19,PA,17116.06,2025-05-13
6996,Jason,Kirby,jcarrillo@example.org,45,WA,13493.91,2025-08-30
6997,Katrina,Simmons,jonathan84@example.org,28,PA,47717.49,2024-02-17
6998,Kevin,Wheeler,tina45@example.net,20,WA,13579.86,2023-01-03
6999,Brian,Mcclain,cortezeric@example.org,75,FL,44165.1,2025-11-18
7000,Jesus,Perry,michael38@example.net,66,WA,1130.2,2022-06-29
7001,Tiffany,Taylor,kevinhuber@example.net,41,TX,32077.64,2022-11-09
7002,Michael,Butler,valerieschroeder@example.net,63,CA,4718.67,2024-08-16
7003,Jessica,Perry,kaylee54@example.net,34,FL,20448.76,2026-02-21
7004,Eduardo,Smith,maureenmendez@example.org,77,INVALID,40917.06,2022-03-13
7005,Jesse,Reid,njones@example.org,21,PA,13517.42,2026-02-18
7006,Emily,Olson,garcialance@example.org,62,CA,29217.31,2022-03-17
7007,Christian,Goodman,fieldsmary@example.org,62,NY,19113.25,2021-12-23
7008,John,Nelson,wilsonamy@example.net,34,NY,5315.03,2026-03-25
7009,Matthew,Ray,bennettrachel@example.com,32,CA,47754.13,2026-01-13
7010,Michael,Wood,mwilkins@example.org,29,PA,40271.16,2022-03-27
7011,Leah,Brown,browndeanna@example.com,69,XX,36625.34,2023-02-08
7012,Alexis,Taylor,wperez@example.org,70,CT,23948.47,2025-01-07
7013,Matthew,Knight,seangutierrez@example.org,72,IL,33723.23,2024-05-26
7014,Mary,Fox,kboyer@example.com,34,MA,23180.45,2025-09-06
7015,Robert,Perez,millerjohn@example.net,25,NJ,25009.99,2021-12-09
7016,Matthew,Villarreal,rriddle@example.org,52,CT,22809.33,2022-12-18
7017,Tiffany,Lopez,dennis30@example.com,21,IL,37460.07,2024-12-25
7018,Lauren,Cross,campbelljames@example.net,74,IL,48821.08,2022-08-22
7019,Rebecca,Hunter,gutierrezkevin@example.net,32,WA,1626.45,2022-04-21
7020,Amber,Larson,rebekah05@example.net,55,WA,42318.54,2023-01-20
7021,Thomas,Sanchez,tracy52@example.net,34,NY,21859.16,2026-05-18
7022,Todd,Colon,matthew97@example.net,23,NJ,20183.2,2024-05-30
7023,Brittany,White,matthew40@example.net,85,MA,19651.91,2024-11-20
7024,Joshua,Martinez,invalid-email,34,MA,39271.15,2023-08-18
7025,Daniel,Gallegos,ugriffin@example.com,47,CT,27016.62,2023-06-29
7026,Ariel,Huff,griffithscott@example.net,83,TX,13520.95,2024-05-13
7027,Patrick,Anderson,ywheeler@example.org,23,IL,7886.02,2022-10-25
7028,Matthew,Allen,johnsonemily@example.org,46,WA,48273.21,2024-11-26
7029,Joanna,Dunlap,michelle25@example.com,70,CA,13716.05,2025-02-05
7030,Shawn,Short,danielmontoya@example.org,41,PA,35720.79,2023-03-11
7031,Alyssa,Larsen,martinezyvonne@example.net,19,PA,3295.9,2025-09-14
7032,Bryan,Bell,invalid-email,39,MA,37174.02,2024-06-01
7033,Robert,Snow,,80,PA,43311.0,2024-07-12
7034,Larry,Tran,,63,CA,74.5,2023-04-02
7035,Gabrielle,Franklin,paula89@example.org,44,MA,98.92,2026-03-14
7036,Robin,Logan,amanda25@example.com,20,NJ,27427.19,2022-06-05
7037,Regina,Lewis,mhartman@example.net,66,MA,39663.97,2025-07-11
7038,Melissa,Jordan,aarongreene@example.org,69,FL,11963.63,2026-04-20
7039,Robert,Ferguson,jgrant@example.net,32,WA,241.46,2025-02-08
7040,Timothy,Garcia,randygonzales@example.org,84,IL,28586.86,2021-11-13
7041,Brittany,Callahan,barry66@example.net,29,NY,12606.13,2024-08-06
7042,Gabriella,May,tammy68@example.com,69,NJ,1157.13,2024-06-16
7043,Joshua,Miller,lorraine33@example.org,29,TX,28385.87,not-a-date
7044,Christopher,Flores,,37,MA,6943.19,2025-05-17
7045,David,Holmes,qmoran@example.org,81,MA,46690.94,2025-03-18
7046,Karen,Ortiz,jerrywood@example.org,76,WA,2236.47,2024-05-19
7047,Michelle,Thomas,pattersonmichael@example.org,19,IL,39757.84,2022-08-18
7048,Patty,Copeland,laurenrobertson@example.com,61,CT,27166.33,2022-01-09
7049,Elizabeth,Dixon,stephanie43@example.org,28,IL,21262.87,2021-08-26
7050,Debbie,Patton,erojas@example.com,51,TX,12247.19,2022-03-28
7051,Pamela,Roach,mindy83@example.org,24,NJ,46067.97,2023-08-22
7052,James,Thompson,jeffrey36@example.org,83,CT,34214.85,2021-10-30
7053,Stephen,Gomez,dpowell@example.com,49,TX,5937.03,2026-08-19
7054,Jacob,Escobar,andrew66@example.com,30,MA,47654.61,2021-11-08
7055,Paul,Davidson,andrew52@example.com,28,NY,26169.57,2022-01-15
7056,Brandon,Palmer,vwatson@example.org,28,CA,4623.35,2022-04-24
7057,Kathryn,Scott,michelle41@example.org,65,CT,16486.3,2024-12-29
7058,Alexis,Goodwin,james68@example.com,36,WA,48142.64,2024-03-16
7059,Jason,Aguilar,awilliams@example.org,57,PA,48638.92,2024-05-23
7060,Gina,Smith,ogarcia@example.org,42,CT,40245.99,2024-04-15
7061,Andrea,Vargas,thomasknight@example.net,19,NY,18150.94,2024-08-05
7062,Lindsay,Hansen,mckayamanda@example.net,59,MA,13886.7,2022-04-10
7063,Robert,Smith,,70,NJ,22323.88,2025-05-10
7064,Curtis,Johnson,rmarquez@example.com,66,WA,30360.48,2025-05-19
7065,David,Anderson,cookgina@example.net,50,CT,29100.23,2022-10-03
7066,William,Meadows,vbrennan@example.net,52,TX,21597.12,2022-01-12
7067,Stacy,Harris,christophermendez@example.com,36,NJ,4774.53,2026-02-19
7068,Ashley,Wilson,devin76@example.org,35,CT,44061.73,2025-07-20
7069,Melvin,Jensen,xhenderson@example.org,20,PA,35317.0,2022-02-04
7070,April,Anderson,bmolina@example.net,29,IL,-914.32,2025-07-03
7071,Daniel,Lewis,bryanttaylor@example.com,35,MA,25666.95,2022-11-22
7072,Heather,Gutierrez,oneillvalerie@example.org,54,NJ,7464.59,2023-01-25
7073,Jim,Cook,jamesmorales@example.net,250,PA,1684.03,2023-12-31
7074,Victoria,Perry,tnguyen@example.net,62,IL,44362.13,2025-05-10
7075,Ronnie,Stewart,,81,CT,34441.36,2022-09-20
7076,Tina,Keller,changpatricia@example.com,35,FL,11370.08,2024-03-07
7077,Sheila,Mullen,lori50@example.org,63,MA,20579.29,2025-06-24
7078,Matthew,Clark,ibrooks@example.net,38,MA,17222.04,2024-12-11
7079,Marcus,Barnes,onorris@example.net,76,NJ,421.06,2024-01-31
7080,Joseph,Mendoza,tmiller@example.org,29,PA,30987.75,2022-06-17
7081,Julie,Davidson,josephguerra@example.org,35,IL,35060.98,2023-10-02
7082,Kimberly,Wilcox,cherylhardy@example.net,31,IL,5809.77,2026-05-10
7083,Robert,Reyes,tduran@example.org,71,NY,31417.09,2026-01-06
7084,Lisa,Welch,patriciahall@example.com,59,CA,28223.04,2023-11-01
7085,Erin,Gibson,melanie08@example.com,54,TX,5721.11,2022-08-24
7086,Taylor,Martinez,meyervalerie@example.org,22,NJ,23232.41,2026-02-22
7087,Jeffery,Stark,austin35@example.net,40,MA,2769.07,2025-05-29
7088,Isaac,Fitzgerald,calhountodd@example.net,72,ZZ,1176.58,2025-04-13
7089,Derek,Moyer,,28,PA,28077.88,2023-08-15
7090,Juan,Graham,colin84@example.com,84,PA,22914.06,2024-03-05
7091,William,Moran,gfox@example.com,21,ZZ,36170.31,2023-05-19
7092,Vincent,Bush,wharvey@example.com,40,MA,49180.46,2025-02-18
7093,Thomas,Garcia,ellissuzanne@example.com,34,WA,36750.4,2023-09-19
7094,Deborah,Salazar,lchapman@example.org,72,NY,17542.37,2024-10-28
7095,Ashley,Gomez,ryandebra@example.net,34,INVALID,32743.2,2025-07-16
7096,Rhonda,Vaughan,zlambert@example.com,51,IL,35766.51,2024-03-26
7097,Ronald,Maddox,dustin03@example.org,19,FL,36771.43,2026-05-06
7098,Sheila,Rivera,wendyhumphrey@example.org,73,CA,11219.42,2022-12-09
7099,Colin,Fischer,navarrowhitney@example.com,51,CT,19091.78,2025-11-07
7100,Yesenia,Walker,gregory94@example.net,23,CT,32754.58,2023-07-02
7101,Samuel,Wright,eroy@example.org,36,FL,20948.1,2024-05-01
7102,Kristin,Mcmahon,karinagarza@example.org,46,CT,19140.97,2023-02-19
7103,Logan,Boyd,zdaniels@example.org,21,NY,31101.96,2022-05-08
7104,Karen,West,hbennett@example.net,60,MA,342.18,2026-05-02
7105,James,Evans,richard14@example.net,81,MA,48201.94,2022-10-07
7106,Melissa,Cooper,sarahhendricks@example.net,57,FL,42267.21,2022-08-03
7107,Natasha,Hansen,john12@example.org,51,MA,17486.12,2021-10-16
7108,Katie,Ray,collinsteresa@example.org,71,NY,24558.45,2025-12-21
7109,Joshua,Rowland,zjohnson@example.net,70,IL,8453.85,2022-11-21
7110,Nicole,Yates,jeffharris@example.net,58,NY,37472.66,2022-05-18
7111,Bryan,Wilkerson,gmartinez@example.net,250,FL,33408.93,2026-02-15
7112,Monica,Long,malonekristen@example.com,41,TX,22653.16,2024-08-29
7113,Sara,Olsen,jessica92@example.org,18,IL,19599.23,2021-10-22
7114,Dale,Taylor,amber21@example.net,71,TX,46747.37,2023-05-03
7115,Christopher,Castillo,tracey79@example.com,69,PA,42796.29,2022-10-24
7116,Jeffrey,Hill,batesjessica@example.com,53,NY,47819.63,2024-07-26
7117,Lisa,Dean,olyons@example.com,74,TX,42615.06,2022-02-03
7118,Randy,Jackson,hilltodd@example.com,74,IL,42812.96,2023-03-20
7119,Hannah,Winters,bmaxwell@example.org,52,WA,14672.59,2025-10-24
7120,Sandra,Lewis,heather77@example.org,77,NY,33119.57,2025-01-05
7121,Teresa,Martinez,johnstonashley@example.org,25,MA,18080.28,2025-11-26
7122,Diana,Jacobs,vasquezjennifer@example.com,22,TX,48748.36,2021-08-20
7123,Michelle,Hooper,,31,IL,15165.4,2024-07-08
7124,Rodney,Martin,kevin27@example.net,79,CT,48677.72,2026-08-02
7125,Kelly,Gonzalez,robinsonamy@example.net,34,MA,15660.35,2024-10-26
7126,Bill,Huerta,rodney59@example.com,52,MA,15379.98,2025-04-27
7127,Christopher,Farmer,udaniels@example.com,57,INVALID,43935.26,2024-08-21
7128,William,Terry,,66,IL,7618.02,2024-07-16
7129,Garrett,Tran,bmason@example.net,32,PA,4344.03,2025-01-21
7130,Thomas,Watson,yschmidt@example.com,73,CT,30230.06,2023-04-09
7131,Janet,Prince,jason92@example.com,63,PA,17845.86,2025-05-15
7132,Robert,Harris,walkeredward@example.com,40,NJ,48494.83,2026-07-11
7133,Nathan,Green,franklong@example.org,53,CT,32140.9,2025-02-03
7134,Nathaniel,Hodges,,29,NY,5053.77,2024-11-12
7135,Scott,Garcia,donnacoleman@example.org,81,MA,27335.1,2022-05-11
7136,Diane,Henry,jsmith@example.org,28,IL,7337.59,2025-08-29
7137,Tammy,Brown,browndrew@example.com,49,NJ,42858.73,2024-04-05
7138,Megan,Rice,onelson@example.com,72,MA,15336.15,2024-11-28
7139,John,Morrison,msalazar@example.org,61,WA,39447.75,2024-12-03
7140,Katherine,Mccormick,katelynsalazar@example.org,82,IL,40314.58,2022-11-11
7141,James,Gonzalez,jfuentes@example.net,26,IL,25840.86,2022-09-07
7142,Jennifer,Ross,,71,IL,1159.96,2022-09-07
7143,Monica,Hamilton,bartlettnicholas@example.org,69,TX,12983.52,2025-05-07
7144,John,Johnson,timothyproctor@example.org,20,CA,42337.11,2025-04-18
7145,Michael,Wilson,bennettzachary@example.net,30,NJ,9087.24,2023-08-26
7146,Elizabeth,Noble,gregory95@example.org,38,CA,15550.1,2024-05-03
7147,Steven,Bright,rickywelch@example.org,53,NY,40107.36,2024-04-21
7148,Rachel,Cole,cbryant@example.net,41,MA,43159.49,2025-11-25
7149,Suzanne,Lambert,jacquelineolson@example.net,33,TX,2547.89,2026-08-12
7150,Tonya,Williams,bbaker@example.net,85,TX,209.56,2026-05-19
7151,Audrey,Carroll,antoniolewis@example.com,130,FL,7113.88,2023-01-13
7152,Elizabeth,Moore,donald10@example.net,82,XX,2643.57,2022-10-23
7153,Edward,Riggs,yjimenez@example.com,25,MA,8157.78,2022-03-05
7154,Amanda,Chan,mendezmadison@example.com,43,NY,29733.73,2022-01-14
7155,Donald,Turner,xallen@example.com,24,NY,4473.27,2022-07-18
7156,Tanner,Allison,thomas26@example.net,53,NJ,46917.92,2025-02-17
7157,Marcus,Smith,angelarhodes@example.com,44,CT,45949.18,2025-11-07
7158,William,Joseph,,78,NY,12035.09,2024-09-28
7159,Brianna,Dixon,slam@example.net,81,NY,29484.7,2022-06-09
7160,Heidi,Adams,hannah51@example.com,77,IL,20747.04,2024-09-18
7161,Lance,Campos,melvinlawson@example.com,31,TX,44205.3,2022-12-31
7162,Mary,Bean,jimmy64@example.net,37,CA,34187.15,2024-06-16
7163,Craig,Brown,kgriffith@example.net,24,IL,12918.53,2024-10-23
7164,Stephen,Hernandez,heidiparker@example.com,54,FL,41073.78,2025-04-14
7165,Christopher,Branch,joeljohnson@example.org,60,CA,46063.22,2024-02-12
7166,Derek,Rowe,chasethomas@example.com,33,NY,10301.65,2025-08-28
7167,Tonya,Carr,pbenson@example.net,74,CA,11172.84,2025-02-03
7168,Penny,Rodriguez,john86@example.net,85,PA,35308.44,2024-08-08
7169,Alec,Arias,mooresue@example.org,-1,FL,46131.2,2024-02-14
7170,Monica,Brown,invalid-email,85,FL,26129.31,2025-01-19
7171,Stephanie,Diaz,sarah39@example.net,18,FL,6880.09,2022-06-01
7172,Douglas,Green,michael65@example.org,77,WA,38022.64,2022-09-10
7173,David,Torres,joshua13@example.net,47,FL,5597.56,2025-08-22
7174,Ashley,Brooks,kentrichard@example.net,71,NY,21337.6,2022-08-17
7175,Sharon,Allen,stewartbrandy@example.net,83,NY,38959.86,2026-03-12
7176,Timothy,Bailey,tharper@example.org,78,PA,6488.92,2021-09-11
7177,Ryan,Roth,pberger@example.org,43,WA,43955.76,2025-09-02
7178,April,Washington,bushwayne@example.org,67,CT,24056.09,2021-12-13
7179,Maria,Jarvis,mlane@example.org,33,IL,9898.27,2025-10-18
7180,Dustin,Hill,amysmall@example.net,61,MA,2015.92,2024-07-19
7181,Katherine,Oneal,ktaylor@example.org,71,IL,43164.56,2021-09-01
7182,Darlene,Tran,wardcharles@example.com,18,PA,39913.44,2021-11-13
7183,Patrick,Williams,julieduncan@example.org,19,IL,18316.82,2024-11-23
7184,Brian,Miles,julie89@example.com,63,FL,43356.58,2023-04-06
7185,Christina,Arnold,joseph09@example.org,82,NJ,736.52,2024-05-08
7186,Shelby,Patterson,stephen92@example.com,50,CT,9707.73,2024-11-02
7187,Sheri,Mcdaniel,jon74@example.net,35,MA,43816.95,2023-12-29
7188,Matthew,James,anthonyhartman@example.net,41,PA,48513.89,2021-11-13
7189,Nathan,Barajas,joseph61@example.com,33,TX,29254.01,2021-09-07
7190,Connor,Larsen,sallywilliams@example.com,67,WA,33444.48,2024-10-10
7191,Michele,Reynolds,mathismaria@example.org,66,IL,17620.58,2026-07-22
7192,Christina,Davenport,dawn76@example.com,76,CT,19920.54,2024-01-21
7193,Patricia,Lewis,pberry@example.net,78,NJ,19446.68,2022-02-10
7194,Carolyn,Freeman,stevenwalter@example.net,74,CA,3314.66,2021-11-03
7195,James,Kane,bensonkatie@example.net,33,MA,28903.21,2025-04-17
7196,Sarah,Morton,vargasanthony@example.com,64,PA,4472.13,2023-09-30
7197,Kimberly,Crawford,jacob32@example.org,25,NY,41936.48,2022-02-18
7198,Lisa,Carpenter,samuelbutler@example.net,56,PA,19419.76,2022-04-20
7199,Todd,Lee,pattonstacy@example.org,18,FL,46387.18,2021-09-01
7200,Rebecca,Medina,barajasmitchell@example.org,45,MA,18198.93,2022-11-18
7201,Amanda,Tate,clarkpaul@example.org,84,CT,44639.4,not-a-date
7202,Henry,Ramos,lindabutler@example.com,38,CT,42426.73,2026-06-15
7203,Rebecca,Long,adkinssusan@example.net,32,WA,26909.68,2021-11-01
7204,Brandon,Ward,samantha38@example.org,46,WA,6847.68,2023-04-09
7205,Marilyn,Grimes,durhammelissa@example.com,55,IL,3297.92,2022-09-26
7206,Amy,Watts,shawn18@example.net,21,NJ,15071.39,2021-11-17
7207,Timothy,Oliver,christine14@example.net,31,TX,30034.35,2026-07-14
7208,Monica,Wilson,friedmanjoseph@example.com,27,NJ,15819.64,2022-02-04
7209,Candace,Wheeler,daniel10@example.org,-10,ZZ,7368.01,2025-12-21
7210,Richard,Cox,reneemyers@example.net,65,NY,18852.85,2024-05-25
7211,Kelly,Bowers,jimmy63@example.com,64,IL,49458.09,2026-04-16
7212,Tyler,Hamilton,christine02@example.net,55,TX,35645.76,2022-10-10
7213,Juan,Ayala,jessepham@example.org,49,MA,33387.33,2025-10-22
7214,Henry,James,william49@example.net,60,MA,15492.91,2022-03-03
7215,Deborah,Davis,jtanner@example.net,29,NY,157.01,2022-10-19
7216,Jeffery,Rogers,hopkinskaren@example.org,20,NY,44023.22,2022-01-24
7217,Michael,Soto,byrdjames@example.com,53,FL,21030.56,2022-03-14
7218,Daniel,Wallace,martinwilliam@example.com,37,FL,25278.22,2022-07-27
7219,Kristopher,Spence,seangoodman@example.org,72,NY,16002.86,2025-06-25
7220,Pamela,Burgess,egallagher@example.net,49,IL,16848.0,2025-02-15
7221,Mindy,Grant,michaelpayne@example.net,32,PA,27300.43,2026-05-15
7222,Veronica,Fitzpatrick,doris13@example.net,27,FL,45380.37,2025-02-27
7223,Lee,Maldonado,htorres@example.com,60,NY,6699.32,2023-03-03
7224,Joshua,Grimes,chelseahernandez@example.net,65,WA,24887.53,2023-09-25
7225,Julie,Reed,scott99@example.org,30,CA,18114.03,2023-07-23
7226,William,Sanchez,jose51@example.org,37,TX,42704.1,2024-02-29
7227,Carla,Green,christian24@example.org,23,WA,23092.99,2023-06-24
7228,David,Rubio,larryking@example.org,47,TX,943.04,2026-06-13
7229,Megan,Miller,pwilliams@example.net,55,CT,21756.58,2023-07-15
7230,Catherine,Wilson,mark37@example.net,65,CT,21142.58,2026-06-08
7231,Megan,Smith,patrick14@example.com,77,FL,7067.32,2026-05-03
7232,Daniel,Cohen,,63,NY,22077.15,2022-07-28
7233,Ronald,Bonilla,adrian91@example.org,21,FL,10178.71,2022-12-20
7234,Crystal,Hunter,montgomerytony@example.net,250,FL,6125.15,2023-07-03
7235,Dawn,Sandoval,rebecca14@example.net,67,CT,37734.93,2023-06-04
7236,Joshua,Vincent,mark38@example.com,79,IL,49745.4,2025-12-02
7237,Patrick,Johnson,zthompson@example.com,47,FL,33228.97,2025-04-07
7238,Megan,Holmes,john88@example.org,25,MA,4885.13,2023-07-19
7239,Amber,Moreno,mreeves@example.net,58,CT,48935.01,2026-01-22
7240,Madeline,Munoz,yreilly@example.com,85,NJ,38815.83,2025-04-01
7241,Paul,King,youngelizabeth@example.com,74,CT,41066.9,2024-12-27
7242,Jose,Reeves,craigchristina@example.net,56,IL,42333.81,2022-01-18
7243,William,Hall,johnsontrevor@example.com,76,PA,19166.13,2022-10-29
7244,Virginia,Morton,nwhite@example.com,38,WA,8637.92,2022-09-28
7245,Ronald,Vincent,,51,TX,34262.56,2023-07-24
7246,Bradley,Richards,steven53@example.com,69,PA,44675.15,2025-11-06
7247,Frank,Todd,jorge30@example.com,41,IL,25809.72,2025-12-09
7248,Susan,Elliott,kaylabridges@example.org,56,NJ,22434.74,2022-08-09
7249,Donna,Pacheco,aphillips@example.org,72,CT,6805.34,2024-10-19
7250,Madison,Espinoza,qmoore@example.org,75,TX,34159.63,2025-02-19
7251,Christopher,Pena,dannyphelps@example.com,36,XX,47279.77,2022-02-01
7252,Casey,Mendez,haynesryan@example.com,44,CA,10412.29,2023-03-09
7253,Brandon,Davidson,helenglass@example.org,69,FL,20878.45,2023-10-09
7254,Bobby,Martinez,garymeyer@example.org,35,CA,30187.1,2023-06-07
7255,Steven,Gentry,amandacarlson@example.net,45,IL,21561.87,2023-02-19
7256,Nancy,Hart,invalid-email,82,FL,30369.07,2023-01-10
7257,Todd,Thompson,cindy75@example.com,70,NJ,39866.56,2023-06-19
7258,Curtis,Robertson,,84,IL,49682.41,2023-10-10
7259,Ricky,Reed,fbrown@example.net,47,PA,2876.72,2021-08-24
7260,Gary,Burton,jeffreywolf@example.net,60,CA,-3928.52,2026-06-18
7261,Trevor,Hartman,gregory44@example.net,51,NJ,17342.66,2024-03-10
7262,Makayla,Rogers,karen74@example.net,21,IL,47179.51,2024-03-01
7263,Jennifer,Hall,mblackwell@example.net,36,FL,10000.74,2025-02-05
7264,Michael,Watson,jason93@example.com,71,NY,47849.65,2025-01-29
7265,Sarah,Morgan,belltracy@example.net,59,WA,42687.72,2026-07-23
7266,Kristine,Fisher,bentleyryan@example.net,72,CT,38825.58,2025-04-02
7267,Danielle,Lamb,teresascott@example.org,58,MA,34090.57,2026-06-12
7268,Thomas,Flores,smithbrandon@example.org,59,TX,22511.59,2021-10-29
7269,Jason,Smith,pamelabaldwin@example.org,78,IL,29768.94,2024-07-17
7270,Susan,Rodriguez,daltonrobert@example.net,77,FL,35534.0,2022-10-03
7271,James,Peters,corey22@example.com,62,CT,7939.26,2025-09-23
7272,Courtney,Gutierrez,danielbaker@example.org,27,WA,35223.19,2026-03-05
7273,Daniel,Brewer,marc96@example.com,21,MA,41558.68,2024-05-08
7274,Scott,Pierce,cannonsusan@example.net,85,CT,7358.13,2022-04-03
7275,Michael,Jacobs,gregoryherrera@example.org,41,FL,10502.89,2022-08-11
7276,Gregory,Parks,matthewmcguire@example.com,69,PA,22772.08,2024-09-07
7277,Billy,Lee,invalid-email,44,PA,2981.82,2022-07-28
7278,Austin,Koch,sean97@example.org,40,PA,47184.65,2022-07-06
7279,Jacqueline,Garcia,matthew27@example.net,36,FL,5164.37,2025-04-12
7280,Samuel,Osborne,lsmith@example.org,27,FL,41506.61,2023-04-13
7281,Justin,Archer,alexissalazar@example.net,80,TX,30337.36,2024-04-20
7282,William,Spence,alexander86@example.com,80,NY,21146.72,2026-04-28
7283,Vickie,Hudson,elizabethsampson@example.net,-10,CT,7880.73,2026-08-16
7284,David,Kline,anna74@example.com,65,NY,14447.51,2022-03-22
7285,Jimmy,Hopkins,johnsonkeith@example.com,69,WA,27672.95,2023-04-26
7286,Troy,Durham,cescobar@example.org,22,CA,8786.07,2023-04-19
7287,James,Suarez,andersonkimberly@example.net,31,TX,47767.7,2024-08-27
7288,Ricky,Hamilton,ilamb@example.com,19,MA,29225.71,2025-09-13
7289,Martha,Adams,davisevan@example.org,40,PA,1479.4,2021-12-05
7290,Emily,Sullivan,,130,TX,49745.09,2022-08-31
7291,Christina,Powell,gabrielle43@example.org,19,NY,49844.2,2021-09-21
7292,Michael,Simpson,,52,PA,33930.41,2025-06-30
7293,Steven,Berry,grantcrystal@example.net,52,FL,41441.26,2025-06-13
7294,Amy,Bishop,,25,TX,27318.36,2022-08-26
7295,Rachel,Lopez,ashley52@example.net,27,FL,23227.66,2022-02-20
7296,Michael,Kane,iwilliams@example.net,20,MA,40311.17,2026-06-24
7297,Adam,Weber,,28,TX,46192.55,2024-11-24
7298,Monique,Le,stewartlauren@example.com,75,NJ,44408.61,2025-05-11
7299,Kelly,Howard,grantalexis@example.org,19,NJ,14560.26,2025-02-25
7300,Emily,Mendoza,jennifer96@example.org,43,MA,9237.48,2025-07-20
7301,Jonathan,Small,lindaturner@example.org,76,PA,12690.26,2023-03-27
7302,Joseph,Robinson,justinlewis@example.net,53,TX,28878.6,2023-08-15
7303,Melanie,Martinez,herrerachristopher@example.com,32,FL,7995.48,2025-03-04
7304,Joshua,Richardson,sarahlyons@example.net,53,FL,21661.56,2025-08-29
7305,Ricardo,Curtis,shannonli@example.com,48,IL,266.47,2024-02-24
7306,Gregory,Carroll,martinkristopher@example.com,46,WA,1625.57,2023-08-01
7307,Shari,Stephenson,jacobstracy@example.org,68,CA,13005.48,2021-09-02
7308,Kathleen,Mcdonald,lawsonemily@example.com,38,INVALID,30789.11,2025-12-19
7309,Craig,Rivas,cindy17@example.com,59,NY,34944.04,2024-11-17
7310,Joe,Gonzales,emilybell@example.org,46,WA,11243.32,2022-10-30
7311,Carmen,Smith,pwilliams@example.org,77,PA,49565.32,2023-12-21
7312,Timothy,Reed,xwhite@example.org,81,PA,27045.91,2023-12-20
7313,Travis,Johnson,morrisjohn@example.org,29,PA,44740.38,2021-09-01
7314,Sara,Lopez,zjohnston@example.com,33,TX,11110.43,2022-12-28
7315,Kathryn,Hendricks,leerebecca@example.org,24,CT,48747.01,2026-04-01
7316,Michael,Larson,chelseybenitez@example.net,72,NJ,6271.93,2023-02-20
7317,Donald,Douglas,christopherturner@example.org,73,TX,22628.12,2021-09-20
7318,Nicole,Mendez,dawndelgado@example.com,60,PA,22680.86,2025-02-02
7319,David,Jones,mdavidson@example.net,39,IL,32226.06,2023-07-12
7320,Tyler,Clark,robert35@example.org,63,MA,29405.61,2025-05-14
7321,Kevin,Jackson,jasonkeith@example.net,51,WA,37445.93,2022-09-18
7322,Kyle,Keller,madisonlarson@example.net,65,NJ,22632.18,2024-06-21
7323,Jennifer,Carlson,ckelly@example.com,18,IL,42958.12,2023-03-18
7324,John,Davidson,gregory97@example.org,73,CT,40803.23,2026-07-13
7325,Paul,Smith,jroberts@example.org,71,FL,49685.87,2026-04-13
7326,Sierra,Rojas,morrisblake@example.com,70,NJ,8482.31,2022-12-09
7327,Steve,Harris,awu@example.org,19,NY,28252.24,2023-08-19
7328,Donald,Walters,debraduncan@example.com,39,WA,2322.87,2022-02-21
7329,Allen,Reed,ofry@example.com,41,NY,45205.92,2022-08-21
7330,Sarah,Michael,stevenhernandez@example.org,56,MA,30984.83,2022-07-27
7331,Morgan,Valentine,gabrielle43@example.com,53,CT,27110.69,2024-01-24
7332,William,Blackburn,bcarr@example.com,22,WA,11258.53,2024-12-05
7333,Peter,Soto,paulpalmer@example.net,38,CA,47855.92,2022-08-09
7334,Patricia,Davis,jamieanderson@example.net,49,MA,8665.66,2025-07-04
7335,Jill,Raymond,lisagallegos@example.org,39,MA,17876.04,2022-06-27
7336,Stephanie,Wade,kmartinez@example.com,23,PA,40479.37,2021-12-25
7337,Melissa,Campbell,vincentmichael@example.com,60,CA,42675.35,2025-04-22
7338,Michael,Tapia,ystevenson@example.org,25,NY,30909.59,2024-05-10
7339,Brandy,Nguyen,raymondfuentes@example.net,46,CA,14184.0,2026-01-13
7340,Mary,Arellano,tknight@example.com,22,MA,42765.81,2021-12-27
7341,Kimberly,Mullins,rreyes@example.com,82,IL,40426.8,2024-09-15
7342,Christine,Lee,stephanie78@example.net,54,MA,31189.08,2021-11-10
7343,Amy,Rogers,hendersonalexis@example.org,49,MA,43757.35,2025-09-14
7344,Natalie,Walker,udoyle@example.net,55,MA,19705.71,2021-12-27
7345,Jack,Taylor,angelcameron@example.org,38,WA,21337.74,2026-02-25
7346,Morgan,Garrett,danielle51@example.net,18,IL,1332.61,2025-01-25
7347,Brittany,Moore,marshalldylan@example.org,47,NY,6316.28,2025-07-31
7348,John,Fitzgerald,jeffreyjohnston@example.net,52,CT,4523.29,2025-01-04
7349,Carlos,Hale,courtneybraun@example.net,25,FL,39003.79,2024-02-13
7350,Judith,Calhoun,amberstanley@example.net,68,CA,45383.68,2022-06-02
7351,Andrea,Mcdonald,kdunlap@example.org,35,NJ,5895.22,2023-08-04
7352,Cynthia,Klein,davidtownsend@example.com,49,FL,20074.42,2023-04-12
7353,Kevin,Parks,rmorgan@example.org,27,FL,22989.29,2021-10-01
7354,Richard,Wilkins,trose@example.net,65,CT,8002.66,2025-01-05
7355,Megan,Fields,matthewsjacqueline@example.org,19,TX,9112.62,2021-11-19
7356,Megan,Palmer,clarkkatherine@example.net,52,NY,28317.86,2022-12-28
7357,Sandra,Robinson,keyrachel@example.net,75,ZZ,31106.71,2025-02-27
7358,Darren,Fritz,pgarza@example.org,30,WA,6621.95,2021-09-26
7359,Matthew,Smith,rmullins@example.net,68,FL,3800.68,2026-06-06
7360,Brian,Campbell,,47,NY,24080.88,2025-10-05
7361,Brittany,Hudson,thomasabigail@example.net,47,TX,6405.44,2022-12-13
7362,Sara,Hogan,ymiller@example.net,72,CT,23672.63,2022-09-12
7363,Gabriela,Ortiz,joshuabrown@example.net,37,IL,31477.77,2024-04-06
7364,Mark,Shields,phall@example.net,69,CT,19154.76,2022-02-24
7365,Tracy,Werner,timothy41@example.org,36,ZZ,44517.81,2022-11-05
7366,Robert,Moore,vfarrell@example.net,72,NY,22428.44,2022-12-21
7367,Jennifer,Anderson,aliciamiller@example.com,47,NJ,225.47,2022-10-21
7368,Trevor,Jones,jenkinskristin@example.com,38,IL,45119.29,2025-03-16
7369,Robert,Mason,mrodriguez@example.org,58,PA,13524.11,2025-01-20
7370,Christine,Sparks,parsonspaige@example.net,42,PA,35257.53,2024-11-16
7371,Shelby,Boyd,gina18@example.com,26,CA,-887.12,2024-04-05
7372,Ruth,Serrano,davispatrick@example.org,60,CA,496.65,2022-08-03
7373,Julie,Wright,cynthia96@example.net,30,CT,10494.19,2022-06-12
7374,Brittany,Davis,suzanne81@example.org,35,NY,29094.33,2025-02-05
7375,Matthew,Perez,rosslisa@example.com,31,CT,11888.14,2021-11-16
7376,Shawn,Sanders,stevenkemp@example.net,24,IL,42567.62,2024-05-30
7377,Monica,Hunt,imullen@example.org,80,WA,23049.77,2025-11-25
7378,James,Best,kylecaldwell@example.com,35,CT,23306.89,2025-05-15
7379,Michael,Davis,thomas08@example.org,34,CA,34621.21,2022-07-22
7380,Zachary,David,danielmiller@example.com,50,PA,7666.27,2025-10-29
7381,Gerald,Soto,invalid-email,29,IL,27262.81,2021-09-26
7382,Kathleen,Parker,lpatel@example.com,50,CA,35020.6,2022-05-13
7383,Mark,Gutierrez,bethany00@example.org,32,WA,9016.63,2024-08-02
7384,Robert,Cortez,johnward@example.org,18,CT,38583.04,2022-12-03
7385,Christine,Davis,gonzalezbradley@example.org,79,FL,2072.37,2023-11-06
7386,Paul,Price,ssmith@example.org,81,TX,41475.74,2023-07-28
7387,Jennifer,Hawkins,melissa48@example.net,43,MA,44031.38,2026-03-11
7388,Laura,Dickson,tmartinez@example.net,39,WA,29478.39,2026-03-24
7389,Nicole,Hunt,mandrews@example.org,73,CA,4763.75,2022-10-06
7390,Juan,Mosley,nguyenscott@example.com,25,PA,17014.67,2024-02-15
7391,Steven,Miller,kimberlyortiz@example.org,55,TX,13746.86,2024-11-18
7392,Richard,Johnson,russellstephanie@example.com,84,CA,31826.99,2024-07-21
7393,Sandra,Crane,kfitzgerald@example.org,63,IL,26520.24,2021-12-21
7394,Claire,Brown,halepeter@example.net,39,CA,34973.54,2026-03-29
7395,John,Kim,wolfelaura@example.net,79,PA,20226.54,2024-07-06
7396,Megan,Palmer,jessica04@example.com,40,NJ,36982.8,2021-10-29
7397,Michelle,Diaz,,52,TX,24112.75,2025-10-16
7398,Louis,Ali,invalid-email,39,CA,15257.18,2022-02-19
7399,Ross,Foster,vellis@example.com,45,CA,36855.69,2025-07-01
7400,Shirley,Maddox,taylorsharon@example.org,28,WA,19589.51,2022-02-26
7401,Haley,Smith,connie93@example.com,38,PA,9178.35,2024-06-24
7402,Tracy,Lawrence,lindahenson@example.org,62,NJ,37749.1,2023-06-10
7403,Monica,Taylor,,41,CA,36466.81,2025-03-10
7404,Ruth,Huerta,,69,PA,37846.65,2025-08-16
7405,William,Scott,,56,ZZ,8605.17,2023-10-15
7406,Kathleen,Vazquez,karenfuentes@example.org,70,MA,29449.12,2023-01-13
7407,Dustin,Watkins,nfernandez@example.org,50,PA,32305.95,2025-10-06
7408,David,Vaughn,josephjeffery@example.net,29,PA,39645.95,2024-05-09
7409,Margaret,Smith,ramirezbrandon@example.com,49,CT,4359.48,2026-04-18
7410,Nancy,Cooper,martha90@example.org,40,WA,572.23,2026-02-03
7411,Bobby,Morgan,jill25@example.com,19,WA,35108.28,2024-05-16
7412,Benjamin,Stevenson,bishopcheryl@example.org,71,TX,8512.05,2025-01-16
7413,Steven,Guzman,nelsonjames@example.net,74,NJ,6718.94,2025-12-04
7414,Kimberly,Farmer,blackjames@example.net,69,NJ,13113.81,2023-09-25
7415,Joseph,Webster,omarortiz@example.com,61,NJ,48143.65,2022-01-11
7416,Jackie,Price,epowers@example.org,64,TX,9710.27,2023-11-29
7417,Jenna,Flores,rbaldwin@example.net,26,FL,41797.69,2025-03-01
7418,Sarah,Kramer,wdean@example.com,23,NJ,35858.82,2025-03-03
7419,Cynthia,Murray,powersjoseph@example.net,27,NJ,36866.19,2022-04-28
7420,Mark,Martin,egoodwin@example.org,28,WA,10980.3,2023-06-10
7421,Laura,Ballard,vmorgan@example.org,65,MA,26937.17,2023-03-30
7422,Frank,Phillips,stephensstephanie@example.net,40,PA,8016.11,2026-01-03
7423,Tina,Patel,lramos@example.net,130,NY,4342.17,2023-06-22
7424,Angel,Perez,morajames@example.com,46,TX,42608.9,2021-12-10
7425,Samantha,Massey,evansgary@example.org,23,TX,-3981.12,2022-11-01
7426,Mary,Ochoa,jason28@example.net,85,PA,23070.18,2025-06-15
7427,Charles,Merritt,cartergregory@example.com,22,CA,19998.71,2024-04-18
7428,Grace,Gonzalez,mary23@example.com,69,NY,46173.44,2024-12-12
7429,Timothy,Perez,masonashley@example.org,71,NJ,23700.08,2023-02-28
7430,Kimberly,Collins,linda32@example.org,73,PA,19546.12,2026-07-08
7431,Shelly,Williams,kenneth96@example.net,45,IL,35661.41,2023-09-22
7432,Tony,Pham,brianorr@example.net,63,NJ,736.27,2026-04-17
7433,Ashley,Jones,randy61@example.com,59,MA,23151.44,2021-09-23
7434,Audrey,Wilson,lewismary@example.com,43,XX,21182.96,2025-04-12
7435,Frank,Olson,danderson@example.net,130,TX,32951.74,not-a-date
7436,Arthur,Rose,shawn95@example.com,46,NY,10279.3,2021-09-30
7437,Linda,Hubbard,joshua56@example.com,43,TX,5733.31,2025-01-12
7438,Blake,Solomon,fkemp@example.com,51,CT,35627.56,2023-10-20
7439,Laurie,Stein,andrewwilson@example.com,-1,CT,6860.84,2024-05-02
7440,Harold,Mccall,annejohnson@example.org,43,NY,19454.47,2023-12-06
7441,David,Perez,sfletcher@example.net,53,CT,5815.21,2021-10-10
7442,Sherri,Bryant,powersjay@example.net,43,FL,8933.86,2023-01-11
7443,Tina,Lee,jeremyowens@example.com,78,TX,26167.94,2026-03-20
7444,Robert,Alvarez,selena68@example.com,79,TX,44714.78,2022-08-27
7445,Jacob,Wilson,william26@example.net,22,TX,42932.65,2026-07-08
7446,Cassandra,Kaufman,clayscott@example.com,44,CT,30220.26,2025-12-22
7447,Savannah,Kim,alyssa78@example.com,41,WA,48733.9,2023-08-09
7448,Kevin,Miller,joshuawest@example.org,53,TX,40442.6,2022-12-16
7449,Amanda,Anderson,christopher52@example.org,78,CA,42917.4,2024-12-19
7450,Tracy,Dyer,daniel87@example.com,30,IL,27523.95,2024-04-13
7451,John,Mcknight,hillanita@example.com,20,NY,41794.67,2024-12-16
7452,Scott,Wallace,lstrickland@example.com,81,WA,30774.79,2024-12-04
7453,Chris,Novak,leealexandria@example.com,42,PA,14988.99,2025-11-23
7454,Whitney,Finley,tylerrusso@example.com,41,NJ,44110.24,2026-06-23
7455,Nancy,Contreras,tkim@example.com,54,XX,10959.63,2025-04-14
7456,Gregg,Smith,ortegamaureen@example.com,57,CT,38574.78,2024-04-22
7457,Kenneth,Thompson,sullivanjose@example.com,27,FL,8410.91,2023-04-14
7458,Amanda,Sullivan,kelsey53@example.org,52,CA,21420.03,2022-04-18
7459,Kelly,Jones,jennifermartinez@example.net,60,MA,25049.16,2024-02-21
7460,Meagan,Hanson,bguerrero@example.com,67,WA,12776.42,2025-07-28
7461,Samantha,King,,19,PA,17946.77,2024-02-07
7462,Lauren,Rojas,christinaford@example.org,55,IL,18486.16,2026-08-12
7463,Lisa,Cook,jackparker@example.net,46,TX,42103.33,2022-04-20
7464,Wanda,Frye,matthew95@example.net,35,TX,27970.6,2024-01-24
7465,Shaun,Bauer,samanthawilson@example.net,23,CT,34410.72,2022-10-28
7466,Adam,Velasquez,laurenford@example.org,40,MA,25785.88,2022-01-16
7467,Denise,Mason,thomasjulie@example.net,52,NY,32641.85,2024-03-23
7468,Anthony,Hubbard,scott55@example.com,18,WA,16945.18,2023-11-13
7469,Todd,Roberts,edwardwhite@example.net,82,CA,31291.07,2021-12-21
7470,David,Bates,piercemadeline@example.org,58,FL,37095.93,2023-09-17
7471,Betty,Barber,cindy35@example.net,52,PA,4568.51,2024-03-13
7472,Alejandro,Nelson,,53,MA,16064.35,2026-02-04
7473,William,Sherman,gthomas@example.net,20,NJ,29077.55,2022-07-31
7474,Brian,Thomas,philip98@example.com,46,FL,26681.53,2023-05-16
7475,Amber,Mendez,guzmannoah@example.org,51,TX,2495.55,2024-07-02
7476,Tanner,Gonzalez,velasquezdylan@example.com,80,TX,36851.96,2023-02-01
7477,Jennifer,Rivera,rthompson@example.com,55,MA,22780.53,2025-06-05
7478,Paul,Benjamin,christopherluna@example.net,84,CT,13790.37,2023-01-12
7479,Donald,Hickman,stephenwillis@example.net,76,NJ,19808.96,2024-06-20
7480,Bradley,Black,thomasbenjamin@example.org,66,NY,27111.61,2023-05-04
7481,Cole,Taylor,christian68@example.com,75,ZZ,43923.51,2021-10-16
7482,Kelly,Rodriguez,kcaldwell@example.org,50,TX,42453.98,2024-01-28
7483,Aaron,Medina,xjimenez@example.org,34,TX,37750.92,2024-09-14
7484,Karen,Harris,tamarajordan@example.com,69,IL,46230.81,2022-11-03
7485,Kathleen,Marshall,john67@example.com,26,CA,32956.08,2026-01-13
7486,Kyle,Nelson,,29,IL,18638.35,2022-05-02
7487,Tracey,Gardner,lisa37@example.net,84,WA,28562.67,2023-10-22
7488,Pamela,Young,amy82@example.org,25,PA,22640.57,2024-09-26
7489,Nicole,Ramirez,carrie96@example.net,39,WA,-1136.25,2022-05-17
7490,Joseph,Davis,erinsuarez@example.org,250,IL,15403.27,2023-05-30
7491,Tina,Mcmahon,jilljackson@example.org,23,FL,32490.6,2021-09-26
7492,Amy,Adams,sandratate@example.com,67,NJ,14502.8,2021-09-25
7493,Robert,Leach,njimenez@example.net,48,CA,20594.87,2025-01-02
7494,Teresa,Pearson,meaganevans@example.net,72,NJ,16873.05,2025-09-21
7495,Kevin,Petersen,mnguyen@example.com,22,MA,35294.39,2021-12-23
7496,Jerry,Rodriguez,fmcbride@example.org,74,CT,45742.34,2022-03-20
7497,Bob,Evans,ubrock@example.net,83,MA,10563.7,2025-04-04
7498,Ruben,Hall,tammy84@example.com,68,FL,32230.61,2024-03-14
7499,Jeanne,Aguirre,leemichael@example.net,45,NJ,40871.17,2023-05-11
7500,Jennifer,Taylor,erinneal@example.com,78,NY,27399.68,2023-05-20
7501,Mary,Henry,obrienpaul@example.org,35,PA,36744.78,2022-03-08
7502,Adam,Young,holsen@example.net,71,TX,44392.63,2021-10-14
7503,John,Daugherty,invalid-email,78,WA,32118.65,2024-11-16
7504,Madison,Riley,chandlerfelicia@example.org,28,WA,807.23,2024-06-12
7505,Richard,Mccoy,jeffrey35@example.com,83,ZZ,25404.26,2022-05-08
7506,Bianca,Kramer,charlesjones@example.org,82,TX,16454.84,2026-01-17
7507,Vanessa,Ruiz,yubilly@example.org,130,CA,33812.64,2022-07-11
7508,Vanessa,Howard,karawilliams@example.net,23,TX,23536.41,2022-10-22
7509,Jennifer,Reyes,riceallison@example.com,44,WA,20735.5,2023-10-03
7510,Chad,Griffin,linjustin@example.net,56,PA,34818.78,2022-07-16
7511,Lisa,Summers,mackrebecca@example.org,82,FL,-3747.68,2024-06-21
7512,Krystal,Barnes,fitzgeraldzachary@example.net,21,CA,39941.0,2025-04-09
7513,Michael,Love,,59,NJ,42192.13,2022-03-28
7514,Andrew,Calderon,invalid-email,56,WA,6902.52,2023-08-08
7515,Tammy,Gonzalez,dmueller@example.net,33,FL,2934.14,2025-02-08
7516,Michael,Richard,robin69@example.com,72,NY,27253.25,2025-07-10
7517,Cynthia,Edwards,patrick66@example.com,69,FL,1486.98,2023-08-13
7518,Cynthia,Keller,robert14@example.org,68,MA,9340.95,2025-03-15
7519,Kevin,Smith,hooddaniel@example.com,25,NY,20110.96,2022-12-12
7520,Seth,Nelson,smiththomas@example.net,38,WA,46546.63,2025-09-10
7521,James,White,melanie83@example.org,19,FL,9582.89,2024-01-14
7522,Kimberly,Berger,monicaclark@example.org,40,IL,41965.27,2022-12-22
7523,Bradley,Peterson,ruizrichard@example.com,28,WA,40820.05,2024-04-29
7524,Robert,Briggs,williamsdenise@example.org,38,FL,5999.9,2021-09-22
7525,Michael,Miller,morenopatrick@example.net,37,TX,35121.4,not-a-date
7526,Victor,Goodwin,colleenharris@example.com,44,MA,23182.53,2024-03-04
7527,Becky,Mitchell,ralphchapman@example.net,76,NJ,26694.67,2023-07-30
7528,Samantha,Perez,tara55@example.net,57,WA,13120.73,2024-04-05
7529,Deborah,Gordon,tyrone57@example.com,69,WA,14596.84,2022-02-14
7530,Hannah,Rodriguez,jillarnold@example.org,21,MA,35898.16,2024-02-02
7531,Elizabeth,Medina,jonathan85@example.org,48,NY,33728.59,2022-02-27
7532,James,Weaver,williamespinoza@example.net,48,CA,15124.34,2023-02-15
7533,Daniel,Everett,christinamartin@example.com,20,NY,14113.85,2025-05-01
7534,Vicki,Chavez,harrisonlisa@example.com,71,FL,1339.2,2022-11-18
7535,Mary,Freeman,jonesrobert@example.org,66,WA,8981.61,2023-08-22
7536,Michael,Tyler,emiller@example.net,61,IL,21959.46,2022-10-18
7537,Courtney,Ferguson,pmartin@example.com,18,CA,12923.18,2023-12-21
7538,Robert,Hampton,hamiltonandrew@example.org,85,PA,47929.5,2024-02-28
7539,Christina,Price,patrick11@example.net,52,MA,28070.56,2025-12-06
7540,Jacob,Ray,mccarthyvalerie@example.com,83,CT,32934.45,2024-02-23
7541,Kevin,Ward,andrewsnyder@example.org,49,NJ,34868.74,2026-07-30
7542,Hannah,Gonzalez,belinda28@example.net,27,XX,36233.96,2024-08-04
7543,Vanessa,Davis,ewilson@example.com,32,TX,23573.8,2024-11-12
7544,Amy,Robinson,donna96@example.com,18,TX,31700.88,2024-12-20
7545,Gavin,Johnson,matthewcooper@example.org,52,MA,33890.04,2021-11-26
7546,James,Whitaker,beckjean@example.com,61,IL,28994.92,2023-06-22
7547,Connie,Finley,julie91@example.net,24,NY,18980.68,2025-12-01
7548,Benjamin,Holmes,kellygrant@example.net,50,WA,46050.4,2022-10-31
7549,Christopher,Franklin,scotthinton@example.com,36,IL,4657.68,2025-11-11
7550,Lisa,Ramos,keithcrawford@example.net,18,MA,-4176.33,2024-10-06
7551,Jacob,Case,mcmillanchristopher@example.net,23,NY,23797.7,2024-01-01
7552,Rachel,Henry,wilsonjeremy@example.org,37,TX,31540.54,2022-07-03
7553,Tamara,Henry,samueljimenez@example.com,23,FL,43991.78,2023-11-28
7554,Virginia,Garcia,shawdanielle@example.org,130,XX,25658.87,2021-09-20
7555,Bryan,Walton,perezbrian@example.net,22,IL,32031.09,2024-10-27
7556,Jennifer,Hill,scottalan@example.org,26,FL,7966.7,2025-04-07
7557,Phyllis,Davenport,danielguerrero@example.net,37,IL,8280.22,not-a-date
7558,Nichole,Carpenter,jtate@example.com,71,IL,8692.66,2023-01-28
7559,Deanna,Page,marcus18@example.net,55,CT,42122.37,2026-03-26
7560,Nicole,Collins,brookshaley@example.net,59,NJ,33025.67,2025-05-09
7561,James,Barr,christine74@example.com,20,FL,7365.26,2026-01-19
7562,Sarah,Soto,cartersteven@example.net,82,WA,48297.04,2022-03-23
7563,Jacob,Nunez,glennkristina@example.org,41,FL,31567.29,2026-05-08
7564,Pamela,Cameron,hbailey@example.net,29,NY,20947.42,not-a-date
7565,Cynthia,Maxwell,estephens@example.org,18,TX,46852.96,2023-07-08
7566,Robert,Jensen,cruzmegan@example.net,32,WA,44227.92,2025-12-29
7567,Jessica,Spence,rcraig@example.net,67,NY,8574.53,2025-09-10
7568,Roger,Glover,stephen48@example.net,78,TX,19595.66,2023-10-03
7569,Mary,Cole,caroline77@example.com,19,IL,1654.68,2024-01-17
7570,Heather,Sparks,williamssteven@example.org,35,NJ,12005.39,2025-04-18
7571,Robert,Anderson,,33,FL,2840.93,2024-06-17
7572,Joshua,Barton,housejennifer@example.com,40,TX,9730.92,2024-02-16
7573,Vincent,Cabrera,pwilliams@example.net,51,CT,13466.17,2025-09-23
7574,Rebecca,Richardson,vsmith@example.com,-10,WA,19074.26,2022-05-29
7575,Teresa,Cooley,derekwright@example.org,41,CT,16700.39,2024-10-27
7576,Willie,Gonzales,laurenromero@example.org,84,FL,44999.51,2026-07-20
7577,Tonya,Rowe,briannamontoya@example.com,28,PA,547.6,2025-07-08
7578,Monica,Porter,brianmills@example.org,55,PA,14912.83,2024-02-15
7579,Gabriela,Gonzales,,65,MA,20391.09,2021-09-06
7580,David,Cohen,reedjulian@example.com,20,WA,4501.24,2023-02-06
7581,Christian,Serrano,patricia70@example.net,37,MA,-3735.85,2024-05-12
7582,Pamela,Weaver,hfreeman@example.net,49,NJ,9131.98,2023-10-31
7583,Kelsey,Carter,maria63@example.com,52,WA,22567.46,2022-08-23
7584,Nathaniel,Cobb,bookerjohn@example.com,25,MA,30502.24,2026-04-20
7585,Crystal,Chan,lmaynard@example.com,75,NJ,6592.96,2021-09-07
7586,Catherine,Martin,,55,MA,18771.63,2022-05-06
7587,Craig,Baxter,,35,CT,2101.43,2025-01-06
7588,Christine,Dixon,marshalladrian@example.com,63,MA,34920.06,2025-03-18
7589,Ashley,George,alvarezchristian@example.net,72,CT,25061.61,2025-12-18
7590,Andrea,Barnett,hernandezchristian@example.org,28,IL,-3037.62,2026-08-06
7591,Brandi,Sanders,austin46@example.org,-1,CT,33983.48,2025-12-21
7592,Cynthia,Wells,christopher74@example.org,49,TX,41353.45,2023-01-10
7593,Mary,Reed,mark23@example.org,52,IL,27339.22,2026-04-20
7594,Matthew,Matthews,wleon@example.com,33,CA,43713.92,2025-05-12
7595,Christopher,Rios,slee@example.org,75,FL,12438.48,2023-07-17
7596,Jesse,Jenkins,william50@example.org,65,CT,46953.51,2023-11-12
7597,Kelly,Clark,rachelstewart@example.net,69,TX,7613.51,2021-08-21
7598,Toni,Miller,jerry47@example.org,43,PA,11541.05,2025-09-01
7599,Denise,Austin,owashington@example.org,22,TX,20161.61,2025-09-29
7600,Jared,Brown,edward48@example.com,77,WA,38773.14,2023-01-02
7601,Brandy,Cohen,jason09@example.org,85,TX,14185.19,2024-12-22
7602,James,Bell,bassjoshua@example.com,27,PA,18641.66,2026-04-29
7603,Carmen,Burke,dana65@example.org,57,WA,40829.83,2025-07-13
7604,James,Lowery,williamskevin@example.net,40,PA,37424.74,2024-07-18
7605,Michelle,Patterson,tiffany38@example.com,50,PA,30241.61,2025-05-31
7606,Jennifer,Quinn,johnstoneric@example.org,67,PA,8289.28,2023-06-12
7607,Sarah,Davis,ptrevino@example.net,70,WA,30994.13,2025-01-05
7608,Sheri,Hopkins,,19,TX,20847.64,2022-04-20
7609,Andrea,Ward,rodriguezheather@example.net,27,FL,47431.39,2022-06-23
7610,Kelly,Berry,taylorkayla@example.org,70,PA,9457.19,2021-08-23
7611,Anthony,Thompson,katherinerodriguez@example.org,62,TX,30513.64,2026-03-11
7612,Victoria,Dean,michael67@example.net,37,WA,45740.66,2022-01-29
7613,Shannon,Martinez,nsmith@example.org,49,MA,16030.81,2022-02-08
7614,Donald,Rush,joelbautista@example.net,79,TX,27798.89,2023-04-07
7615,David,Dennis,,77,FL,22546.99,2023-10-16
7616,Jennifer,Daniels,tball@example.com,41,CA,45818.23,2026-07-17
7617,Helen,Schultz,jennifer09@example.com,73,NJ,15055.39,2022-02-24
7618,Laura,Ortega,avilaroy@example.org,49,CT,26259.59,2024-04-16
7619,Chelsea,Thompson,kellyhughes@example.org,24,IL,47376.36,2025-09-11
7620,Colin,Lee,carlasmith@example.net,50,WA,40654.92,2023-10-16
7621,Dawn,Schneider,jhumphrey@example.net,30,CA,10007.1,2022-06-11
7622,Rebecca,Rubio,eric63@example.com,85,MA,48802.41,2026-07-23
7623,Angela,Lewis,moorejohn@example.com,28,PA,49552.11,2023-05-06
7624,Derek,Boyd,ipugh@example.com,69,NJ,1466.55,2024-01-07
7625,Cheryl,Ramirez,fcampbell@example.com,26,ZZ,14874.54,2023-10-03
7626,Jason,Adams,cooperbrenda@example.net,77,TX,7339.71,2025-04-17
7627,Paul,Morris,jay93@example.net,26,CT,37059.56,2022-04-10
7628,Kent,Adams,joshuabrooks@example.net,47,NJ,43535.76,2026-05-21
7629,Miguel,Ellison,zwebb@example.com,27,MA,15025.95,2024-02-07
7630,Jennifer,Mueller,invalid-email,20,MA,25829.31,2022-07-10
7631,Latoya,Smith,lmcmillan@example.org,81,CA,7615.29,2023-02-19
7632,Donna,West,greenmichelle@example.net,250,PA,1658.6,2026-04-06
7633,Frederick,Holmes,russellbailey@example.net,73,CA,41641.16,2025-12-28
7634,Gail,Gregory,morrisronald@example.org,67,CT,7988.44,2025-04-10
7635,Michelle,Castro,invalid-email,35,CT,45429.54,2024-11-02
7636,Melissa,Wheeler,georgejohnson@example.org,60,WA,48481.05,2023-06-01
7637,Connie,Smith,katrina35@example.net,37,NJ,25929.51,2022-12-05
7638,Annette,Lewis,tracyosborne@example.org,47,CA,41582.54,2024-07-27
7639,Susan,Smith,christopher02@example.org,-1,WA,46624.4,2024-01-11
7640,Anna,Yates,mary99@example.net,72,TX,30431.56,2026-02-18
7641,John,Mccormick,,31,WA,47163.86,2022-10-16
7642,Mary,Evans,foleytaylor@example.net,69,PA,45768.68,2021-10-16
7643,Jesse,Barton,henrykristin@example.org,22,CA,20114.91,2026-02-11
7644,Amber,Hernandez,,34,NJ,4258.75,2025-08-12
7645,Mike,Johnston,weaverdave@example.com,64,MA,31397.38,2022-01-19
7646,Jacob,Lucas,chendricks@example.org,18,FL,30784.35,2026-06-14
7647,Brandy,Higgins,becky11@example.com,70,NY,46822.36,2022-03-07
7648,Victoria,Villanueva,richardwall@example.net,73,WA,16660.28,2025-03-27
7649,John,Martinez,christina01@example.org,79,PA,37884.78,2023-03-19
7650,Barbara,Hunter,josephperez@example.org,55,NJ,15481.0,2026-07-25
7651,Sarah,Watts,efuller@example.com,57,FL,12881.37,2023-03-12
7652,Sheila,Sandoval,lisadennis@example.net,38,CA,11276.92,2025-01-30
7653,Phyllis,Nunez,linda19@example.com,27,MA,24108.09,2023-10-30
7654,Molly,Crawford,mcdonaldchristopher@example.org,58,TX,4846.66,2025-05-05
7655,Janet,Morse,michaelrobinson@example.org,24,FL,24509.6,2026-02-23
7656,Claire,Wilson,rwhite@example.org,43,PA,3663.73,2026-06-03
7657,Karen,Miller,amanda86@example.com,62,NJ,11287.79,2022-11-14
7658,Sarah,Lucero,elizabeth87@example.org,29,WA,38089.76,2023-07-05
7659,Caleb,Torres,,40,NJ,7330.64,2025-06-07
7660,Christine,Morgan,carla19@example.org,60,WA,37210.54,2025-04-04
7661,Paul,Powers,david33@example.com,27,WA,9913.8,2024-11-26
7662,Rodney,Dunn,jeffrey37@example.com,79,MA,10498.36,2021-09-30
7663,Kathy,Smith,knightbrian@example.org,23,MA,14913.5,2025-10-05
7664,Adam,Ortiz,,41,CT,42589.21,2022-06-05
7665,Michael,Baker,christopher89@example.net,57,CT,42331.43,2024-11-30
7666,David,Riley,michele17@example.net,54,IL,30446.69,2022-03-13
7667,Justin,Allen,staffordrachel@example.com,52,FL,21562.6,2023-06-20
7668,Jennifer,Ferguson,,74,IL,20799.14,2022-12-30
7669,Alice,Franklin,johnsonadam@example.net,34,MA,15760.66,2023-04-06
7670,Christie,Davis,jacobmata@example.org,130,NJ,34591.41,2022-01-22
7671,Thomas,Chung,pedrocruz@example.org,78,TX,16067.64,2025-06-11
7672,Mary,Young,griffinaaron@example.net,27,FL,31493.75,2025-09-22
7673,Ashley,Rios,hramirez@example.org,63,NY,24166.06,2021-12-06
7674,Seth,Brown,alexandernicholas@example.org,48,PA,43193.9,2021-09-20
7675,Linda,Nguyen,,62,NY,13399.23,2023-04-10
7676,Jennifer,Roberts,michael58@example.org,67,MA,48580.03,2024-08-08
7677,Christopher,Diaz,tcruz@example.com,22,WA,40697.15,2022-11-29
7678,Annette,Sanchez,gmoses@example.org,63,IL,72.78,2025-06-23
7679,Robert,Kelley,smithcourtney@example.net,62,IL,37099.38,2025-05-04
7680,Morgan,Holder,gregorymiller@example.com,30,CA,44759.88,2021-10-30
7681,Lisa,Johnson,marshallrodney@example.org,75,CT,13562.43,2026-06-16
7682,Gerald,Rogers,millerjoy@example.net,68,CA,12443.82,2024-11-19
7683,Gabriel,Gonzales,xgarcia@example.org,32,TX,2344.55,2024-05-11
7684,Shannon,Shaw,larry46@example.com,80,FL,134.64,2023-10-22
7685,Holly,Maddox,kingdominique@example.org,54,NJ,29391.61,2025-08-27
7686,Michael,Wallace,fstewart@example.org,19,CT,15946.66,2023-04-29
7687,Kenneth,Bell,laura79@example.net,57,NY,26978.81,2026-07-11
7688,Michael,Larson,kingmelissa@example.net,20,MA,30210.35,2021-09-20
7689,Megan,Downs,anthony90@example.com,130,PA,4071.75,2023-02-24
7690,Deanna,Collins,vjackson@example.com,21,MA,29428.32,2022-05-10
7691,Daniel,Bailey,zvelasquez@example.net,68,PA,38359.01,2022-09-19
7692,Brandi,Dyer,ellisrichard@example.net,23,MA,25687.08,2023-08-24
7693,Michael,Hernandez,dawn20@example.org,69,CT,31417.1,2022-02-24
7694,Tiffany,Flores,wsmith@example.net,20,FL,26708.91,2021-12-17
7695,Whitney,Ramirez,flynnsamuel@example.org,19,PA,19587.11,2023-10-23
7696,Mark,Lowe,dmoss@example.org,38,WA,34890.73,2024-06-23
7697,Victoria,Stevens,nperry@example.net,29,TX,14124.23,2024-11-11
7698,Michael,Mckee,millerwendy@example.com,73,WA,10332.33,2022-07-01
7699,Robert,Rogers,masseyjames@example.com,44,MA,17127.29,2022-02-15
7700,Matthew,Bauer,,71,PA,10004.38,2022-01-16
7701,Vanessa,Arellano,jasonlucas@example.org,42,WA,49272.68,2024-11-06
7702,Rebecca,Williams,michelle30@example.com,56,CT,42500.21,2025-10-13
7703,Molly,Ross,invalid-email,82,IL,45000.14,2026-04-03
7704,Veronica,Hogan,jessewolf@example.com,73,FL,2128.57,2023-08-26
7705,Heidi,Robinson,invalid-email,79,NJ,29829.04,2026-01-16
7706,Matthew,Parks,amy33@example.com,23,NY,29974.26,2023-01-26
7707,Edward,Cooper,hking@example.com,29,IL,41954.78,2025-05-23
7708,Nicholas,Lee,jenniferclark@example.org,54,MA,3943.04,2022-06-09
7709,Ryan,Hendrix,owenscody@example.org,43,PA,40537.84,2025-12-24
7710,Christopher,Haynes,matthew41@example.org,66,NY,4812.43,2026-05-16
7711,Karen,Garcia,gardnerjames@example.net,53,INVALID,16925.17,2022-08-10
7712,Alexis,Curtis,eandrews@example.net,24,CA,8150.47,2026-02-21
7713,Joseph,Terry,crystal76@example.net,69,MA,9323.54,2023-07-29
7714,Bonnie,Dawson,mauricejenkins@example.org,33,NY,29699.98,2022-02-22
7715,David,Taylor,kevinrichardson@example.com,69,NJ,14763.43,2025-02-03
7716,David,Petty,,76,PA,7337.0,2025-03-28
7717,Gerald,Vang,donovanjackson@example.org,58,MA,30030.98,2022-04-11
7718,Tammy,Cole,tesparza@example.org,78,NJ,23802.44,2026-07-29
7719,Ebony,Lee,sabrina99@example.net,52,CA,35558.41,2023-11-22
7720,Julia,Hardin,jonesdennis@example.net,55,FL,36320.48,2022-06-10
7721,Karen,Smith,,25,XX,33944.8,2023-10-11
7722,Jonathan,Williams,lunaclarence@example.net,35,MA,3996.41,2025-12-12
7723,John,Williams,salazardanny@example.net,26,CT,19520.08,2025-06-18
7724,Philip,Williams,jacob04@example.net,27,WA,28614.75,2023-05-02
7725,Paul,Butler,fmckinney@example.org,49,WA,13614.97,2022-08-19
7726,Meagan,Howard,ljennings@example.org,80,TX,49890.11,2023-12-06
7727,Janice,Moreno,joannsmith@example.com,34,TX,8990.1,2025-07-30
7728,Howard,Adams,vasquezwendy@example.net,59,WA,18796.35,2025-09-19
7729,Jennifer,Kelly,,18,CA,11604.46,2022-09-12
7730,Michael,Carlson,angelagarcia@example.com,19,PA,37452.02,2022-10-24
7731,Charles,Russo,matthew34@example.com,27,IL,15060.34,2022-12-10
7732,Jade,Waller,averyrichard@example.net,34,CA,24308.09,2024-03-06
7733,Erika,Owens,,130,NJ,10804.09,2024-11-05
7734,Joseph,Nelson,joshua48@example.com,67,IL,20064.24,2024-04-04
7735,Kristen,Foster,kevin51@example.net,60,NJ,19668.54,2022-12-11
7736,David,Richardson,christinewillis@example.com,23,TX,19790.49,2022-04-18
7737,Jennifer,Castillo,jamesriley@example.com,73,NJ,18548.23,2022-10-21
7738,Amanda,Alexander,elizabeth12@example.org,34,IL,44354.97,2025-04-19
7739,Michael,Baker,paularamsey@example.org,29,TX,13299.09,2025-10-24
7740,Scott,Combs,hollowaylaura@example.com,19,WA,27250.93,2024-10-28
7741,Elizabeth,Brown,phoffman@example.net,33,NJ,42979.06,2024-09-09
7742,Jason,Ross,tmartin@example.com,23,WA,5913.28,2023-05-08
7743,Stacey,Lewis,montoyachristopher@example.net,39,NJ,40274.7,2025-07-19
7744,Brandi,Lee,zacharysutton@example.org,48,NJ,7158.12,2024-03-07
7745,Jennifer,Ware,alexander39@example.net,35,NJ,30415.5,2023-02-24
7746,Danielle,Morris,coxpeter@example.org,61,PA,34427.98,2023-05-12
7747,Gail,Baker,stevenshaw@example.com,76,CA,28421.18,2025-06-24
7748,Cynthia,Martin,tdonovan@example.com,64,MA,42873.41,2026-04-06
7749,Emily,Hutchinson,kylemeyers@example.org,41,TX,2083.0,2026-06-04
7750,Kevin,Wiggins,woneill@example.org,73,NJ,6652.4,2025-03-07
7751,Michele,Watkins,pcooper@example.org,77,CA,45861.57,2021-12-24
7752,Jordan,Brady,amymorris@example.com,81,CT,33079.31,2023-04-20
7753,Aaron,Martinez,donaldsolomon@example.net,50,CT,49074.12,2025-08-19
7754,Deborah,Shaw,harrisdavid@example.org,35,NJ,15951.14,2026-06-07
7755,Nancy,Sanchez,andrewknight@example.org,54,CT,46286.44,2024-11-25
7756,Jacob,Joseph,jenniferlivingston@example.org,46,IL,4528.15,2025-09-05
7757,Ronald,Sexton,zwilliams@example.net,20,IL,6038.78,2023-08-26
7758,Alyssa,Horton,angelagray@example.com,67,CA,31462.52,2023-11-16
7759,Bruce,Conrad,georgevanessa@example.com,85,MA,14169.68,2024-01-27
7760,Mark,Phelps,qlopez@example.net,54,CA,-4229.76,2023-05-20
7761,Andrew,Wilson,robinsonmartin@example.org,69,PA,43347.79,2021-11-21
7762,Evan,Walker,ryangreen@example.com,65,PA,6167.4,2024-07-16
7763,Steven,Simmons,ruth44@example.org,81,NJ,15744.87,2022-09-07
7764,Christopher,Robertson,davidharvey@example.com,70,TX,603.58,2026-03-08
7765,Mark,Moses,wwhite@example.com,70,NY,40543.0,2023-03-27
7766,Jeremy,Garcia,natasha55@example.org,35,CT,27088.04,2022-05-27
7767,Madison,Larson,alexander83@example.net,21,FL,524.25,2023-08-04
7768,Steven,Hernandez,kimberly93@example.net,75,PA,37888.47,2022-05-19
7769,Jessica,Patel,gwalter@example.net,69,NJ,6554.09,2024-04-10
7770,Corey,Ross,shelia28@example.com,63,NY,18298.62,2023-01-21
7771,Larry,Gonzalez,gregg36@example.org,64,NJ,3550.31,2026-05-18
7772,Miranda,Cannon,ocalderon@example.net,43,NJ,3392.58,2023-11-10
7773,Steven,Martin,janice00@example.net,47,NY,21158.02,2026-01-24
7774,Dana,Bailey,debracarter@example.org,30,CA,21162.34,2026-01-24
7775,Scott,Austin,carrieramos@example.net,62,IL,22001.89,2024-06-08
7776,Megan,Williams,william91@example.com,25,CA,6447.43,2025-06-29
7777,Angel,Howard,george48@example.com,50,CT,3752.67,2024-03-30
7778,Cynthia,Parker,victor14@example.org,49,WA,16319.86,2025-01-12
7779,Michele,Solomon,kfreeman@example.com,74,WA,13267.41,not-a-date
7780,Chris,Wolfe,kbishop@example.org,66,CT,36596.15,2024-08-03
7781,Savannah,Gonzalez,fullerraymond@example.net,64,MA,4853.69,2023-01-16
7782,Alexander,Hale,onorris@example.org,58,FL,29176.23,2025-07-15
7783,Heather,Arias,thomas91@example.com,58,FL,6155.41,2022-02-22
7784,Leonard,Mcknight,katiewu@example.com,28,IL,31861.25,2022-04-29
7785,Natasha,Cooke,dunderwood@example.com,68,TX,48221.19,2022-02-22
7786,Matthew,Osborne,samantha67@example.net,56,TX,29036.82,2023-05-08
7787,Robert,Sutton,grayjoel@example.org,72,CA,19417.16,2024-11-24
7788,Janice,Davis,xtrujillo@example.net,33,IL,11752.57,2025-09-08
7789,Vicki,Taylor,whiteheaddavid@example.net,59,WA,24744.81,2024-02-07
7790,Travis,Martin,rlittle@example.net,76,TX,27346.93,2025-05-01
7791,Glen,Miller,christiananthony@example.net,18,CA,34333.24,2026-04-02
7792,Sarah,Mills,gloverashley@example.org,24,PA,48528.46,2022-12-25
7793,Brian,Davis,brandonmiller@example.com,130,FL,40064.44,2025-09-10
7794,Taylor,Graves,carneyglenda@example.net,29,IL,13267.96,2023-10-24
7795,Virginia,Kane,olivia38@example.org,18,NY,28183.1,2022-07-25
7796,Carlos,Scott,josechan@example.net,38,NJ,30173.5,2021-09-03
7797,Tanya,Curry,richardssteven@example.net,73,FL,12094.78,2025-07-25
7798,Shane,Oconnor,kbenson@example.com,42,PA,34510.16,2023-01-02
7799,Erica,Shelton,valentinepaul@example.org,79,MA,39306.7,2024-10-11
7800,Madison,Stanley,msullivan@example.net,35,MA,28276.12,2022-04-16
7801,Michelle,Webb,ashleyhernandez@example.org,69,CT,12953.81,2025-02-19
7802,Jennifer,Mills,gbray@example.com,41,IL,46077.97,2026-05-06
7803,John,Carey,kari45@example.org,59,MA,38154.33,2024-07-17
7804,Sonya,Sawyer,dunnashley@example.net,68,FL,18803.1,2021-09-25
7805,James,Palmer,pedro98@example.org,41,CT,8266.9,2026-06-01
7806,Angela,Ramirez,shannongonzalez@example.net,78,MA,31097.47,2022-04-16
7807,Nicholas,Montes,christine41@example.net,38,MA,36046.5,2026-01-04
7808,Nicole,Aguirre,qgreene@example.com,61,PA,2336.7,2023-11-29
7809,Christopher,Young,kschultz@example.com,48,PA,1084.55,2026-02-07
7810,Andrew,Malone,huangkayla@example.org,30,CT,34436.99,2022-11-17
7811,Zachary,Smith,smithdana@example.net,18,NY,21163.99,2023-12-30
7812,Alan,Little,conniehenderson@example.net,42,MA,38057.27,2023-03-14
7813,Adam,Hernandez,stephaniemartinez@example.net,40,IL,13945.01,2024-05-15
7814,Raymond,Smith,lori32@example.net,35,MA,48076.37,2026-02-11
7815,Jeremy,Simpson,invalid-email,81,NY,30232.5,2026-02-15
7816,Nicole,Atkinson,angelavilla@example.net,85,PA,44472.9,2022-01-14
7817,Katherine,Silva,amber22@example.org,19,FL,16569.97,2025-01-22
7818,James,Thompson,roger61@example.net,59,NY,16412.78,2024-07-20
7819,Sean,Williams,mirandaricardo@example.org,52,CA,6341.89,2026-04-26
7820,Rebecca,Allen,seanmullins@example.com,67,NJ,45741.94,2025-03-18
7821,Erin,White,melvin54@example.com,74,CA,21820.88,2023-11-12
7822,Eric,Johnson,marksveronica@example.net,26,MA,27555.71,2026-03-23
7823,Dana,Ritter,kelsey22@example.net,46,NY,1472.72,2023-05-08
7824,Felicia,Chavez,robinsonjohnny@example.com,68,CT,49234.07,2024-11-14
7825,Alicia,Logan,olarsen@example.org,45,PA,9215.25,2025-04-21
7826,Karen,Beasley,invalid-email,73,PA,45680.55,2025-07-17
7827,John,Fowler,bfreeman@example.net,81,FL,23371.97,2024-12-14
7828,Timothy,Cox,bonnie77@example.org,45,MA,46961.67,2025-04-08
7829,Rhonda,Stewart,jeremycook@example.org,71,IL,34992.17,2024-02-21
7830,Victor,Cordova,lopezamanda@example.net,22,TX,20090.45,2024-08-04
7831,Susan,Harrington,nguyenbrooke@example.com,56,FL,1413.86,2025-01-10
7832,Stephen,Gill,stevenrodgers@example.net,74,NJ,10366.77,2022-03-25
7833,Julia,Valenzuela,zjacobs@example.org,64,NJ,11902.01,2023-01-12
7834,Barry,Andrews,eric42@example.com,22,CA,30718.13,2023-04-09
7835,Darrell,Cole,rachaelgriffin@example.org,39,WA,25171.17,2022-01-10
7836,Melissa,Steele,brownsean@example.net,56,PA,31508.72,2023-04-14
7837,Heather,Gibson,timothy51@example.org,28,NJ,32015.66,2026-01-30
7838,Shawn,Torres,jorge99@example.net,56,NJ,6613.82,2024-06-13
7839,Brad,Fletcher,haynestracy@example.com,81,CT,925.13,2024-03-24
7840,Megan,Dawson,younglisa@example.com,73,FL,39075.06,2026-07-22
7841,Barbara,Taylor,goodalec@example.org,130,INVALID,8350.22,2022-10-02
7842,David,Ferguson,chanjasmine@example.net,76,TX,6886.01,2021-09-21
7843,Lisa,Jensen,brianlarsen@example.net,18,TX,41520.32,2026-05-08
7844,Sharon,Lee,joseph13@example.com,19,NJ,12255.51,2025-04-24
7845,Daniel,Huynh,laura04@example.net,69,MA,40242.51,2026-02-17
7846,Courtney,Mccann,wiseamber@example.net,63,TX,44151.91,2023-06-16
7847,Melanie,Knight,,51,TX,36446.43,2022-04-19
7848,Martha,Fox,rebeccayoung@example.net,54,WA,22390.83,2024-12-11
7849,Megan,Foster,sotorobert@example.org,58,WA,24285.06,2023-01-06
7850,Roy,Stevens,clozano@example.org,44,NY,26135.93,2024-05-06
7851,Melissa,Riley,,45,WA,34949.14,not-a-date
7852,Holly,Rush,qbradford@example.com,80,WA,41932.14,2025-10-04
7853,Brenda,Wilson,christopher15@example.com,53,WA,39479.67,2024-12-23
7854,Scott,Bonilla,matthew73@example.org,50,WA,45694.74,2025-04-25
7855,Victoria,Burgess,gtaylor@example.com,82,TX,1719.08,2022-07-05
7856,Jeffrey,Anderson,,58,CA,710.3,2024-01-21
7857,Rebecca,Watson,mcdanielmegan@example.org,54,WA,35110.01,2024-01-26
7858,Susan,Maddox,johngrimes@example.net,44,PA,41177.3,2022-12-18
7859,Justin,Chandler,orubio@example.net,73,CT,10823.91,2022-06-04
7860,Steven,Sherman,canderson@example.com,34,MA,48767.98,2022-03-07
7861,Ashley,Graves,mjohnson@example.net,50,TX,5071.46,2026-04-04
7862,Stephanie,Sellers,danielle74@example.org,30,PA,35930.05,2024-09-13
7863,Laura,Hall,mharrington@example.net,27,NY,16477.22,2024-01-30
7864,Ronald,Roberts,nkramer@example.org,54,IL,46639.28,2024-06-16
7865,Kathryn,Castillo,perrysmith@example.org,47,CT,814.18,2025-05-31
7866,Carla,Sloan,milleralexander@example.org,27,PA,34252.8,2024-01-16
7867,Jacqueline,Fernandez,braunapril@example.org,73,PA,6873.53,2025-04-18
7868,James,Fowler,matthewstodd@example.net,42,WA,48608.45,2021-11-14
7869,Rhonda,Lopez,quinnchristopher@example.org,56,FL,15008.56,2022-10-14
7870,Emily,Martin,deborah54@example.net,38,CA,19884.58,2025-02-06
7871,Jessica,Campbell,rhonda27@example.net,130,IL,34804.16,2026-03-15
7872,Jenna,Copeland,justin77@example.org,26,IL,38717.56,2023-11-29
7873,Andrew,Schaefer,xcole@example.net,85,PA,45449.67,2025-05-12
7874,David,Smith,emartinez@example.com,34,ZZ,22512.56,2024-09-05
7875,Amanda,Martin,jbennett@example.org,79,NJ,16491.39,2023-03-21
7876,Jennifer,Gates,rhondastephens@example.net,55,NY,19396.64,2025-12-06
7877,Tristan,Johnson,thompsontonya@example.org,24,TX,34876.42,2026-05-14
7878,Sherri,Villanueva,leslierocha@example.net,43,CT,28776.73,2025-07-28
7879,Daniel,Hamilton,johnsonsusan@example.com,65,TX,15297.37,2022-06-28
7880,Jenna,Avila,franklinjames@example.com,52,TX,1225.07,2022-04-14
7881,Tammy,Romero,kelly72@example.net,59,IL,21419.07,2022-07-20
7882,Roberta,King,camachomichael@example.net,74,WA,13466.98,2022-04-18
7883,Bradley,Sanchez,hartchad@example.org,67,MA,44179.7,2024-02-19
7884,Debra,Hernandez,zrocha@example.net,48,NJ,42815.8,2023-09-23
7885,Rhonda,Guerrero,anthonymata@example.com,74,PA,10066.53,2022-06-24
7886,Julie,Williams,nancyalvarez@example.org,33,NJ,41970.53,2022-09-12
7887,Robert,Zamora,alyssa41@example.net,25,WA,44002.85,2024-08-10
7888,Oscar,Elliott,hawkinslisa@example.org,71,NY,19209.55,2024-10-01
7889,Aaron,Griffith,,34,NJ,4947.82,2025-07-31
7890,Matthew,Knox,benjamin68@example.com,59,CA,45043.42,2025-05-27
7891,Michael,Drake,heatherbrown@example.org,75,IL,20317.6,2021-11-12
7892,Steven,Lin,mzimmerman@example.net,53,CA,24963.11,2024-01-01
7893,Donald,Sheppard,thomas50@example.org,84,TX,16123.68,2026-03-07
7894,Matthew,Wright,batesolivia@example.org,63,FL,17603.25,2026-06-05
7895,Gary,Adams,erica95@example.com,40,CT,23513.01,2024-10-04
7896,John,Smith,amy54@example.com,53,NJ,342.43,2023-12-24
7897,Scott,Young,falexander@example.net,67,IL,22320.54,2022-08-03
7898,Alex,Wallace,russellamy@example.com,84,TX,40417.83,2023-10-06
7899,Richard,Webb,invalid-email,34,CT,34164.67,2022-09-04
7900,Jennifer,Jackson,porterjoshua@example.org,63,NY,20736.16,2022-09-20
7901,Casey,Walters,kevin02@example.net,63,CT,16254.81,2022-01-11
7902,Sherry,Cox,andrew58@example.com,37,PA,44588.71,2024-06-07
7903,Chad,Fowler,lindseymedina@example.com,56,CT,3435.55,2025-03-13
7904,Austin,Anderson,theresaorr@example.org,83,WA,30581.12,2024-12-12
7905,Kerri,Humphrey,nlopez@example.org,55,NJ,7186.01,2026-04-06
7906,Jill,Bell,peter07@example.org,43,MA,26464.18,2024-12-08
7907,Laura,Baker,ellen17@example.com,72,NJ,25627.93,2024-08-30
7908,Christopher,Martin,beardarthur@example.net,47,CA,41029.11,2025-10-02
7909,Mark,Harris,camposjohn@example.net,23,NY,22631.76,2024-08-03
7910,Randy,Miranda,hrogers@example.net,49,TX,9699.29,2025-03-10
7911,Catherine,Ward,william53@example.com,56,CT,7694.15,2024-08-01
7912,Elizabeth,Gamble,simmonsrobert@example.net,45,IL,32149.39,2021-11-05
7913,Richard,Miller,tmitchell@example.net,25,PA,2261.11,2024-01-03
7914,Kylie,Miller,wmcknight@example.com,60,NJ,27027.87,2023-02-05
7915,Steven,Woodard,cjohnson@example.net,46,NJ,49155.96,2025-06-25
7916,Laura,Rojas,larrymoody@example.com,53,NY,10629.56,2023-01-19
7917,Sherry,Hall,melissamccarthy@example.com,19,WA,38507.9,2022-01-16
7918,Susan,Barber,ronald27@example.com,26,WA,23781.52,2021-11-20
7919,Christopher,Day,zmartin@example.net,80,WA,43881.99,2024-06-15
7920,Christopher,Brown,david92@example.org,35,CT,16831.77,2021-11-09
7921,Mark,Sanders,hendersonkathleen@example.com,37,IL,13436.31,2026-04-18
7922,Sara,Williams,kwalters@example.org,44,CA,19462.03,2025-12-11
7923,John,Cook,zacharyharris@example.org,52,IL,659.13,2022-10-07
7924,Christopher,Perkins,michaelmitchell@example.com,58,NJ,23201.93,2026-04-16
7925,Gina,Shaw,julieeverett@example.com,63,TX,37589.6,2023-10-12
7926,Marc,Green,xmoon@example.org,80,CT,49392.86,2021-10-21
7927,Andrew,Hernandez,smithandrew@example.org,19,WA,16093.4,2025-05-15
7928,Raymond,Sweeney,gcastro@example.net,46,WA,12560.74,2024-03-10
7929,Richard,Scott,myersterri@example.com,20,CA,29223.9,2025-02-08
7930,Kimberly,Reed,michellelynch@example.com,23,PA,32893.05,2026-04-21
7931,Evan,Brown,moorelisa@example.net,73,NJ,8429.29,2022-03-19
7932,Sue,Richardson,lmurphy@example.org,50,CT,7356.94,2026-07-07
7933,Charles,Vargas,hmcgee@example.com,23,MA,48472.35,2022-06-20
7934,Derek,Goodwin,jasonjohnson@example.net,63,IL,30023.23,2021-11-15
7935,Karen,Andrade,wilsonsteven@example.com,35,CA,26029.23,not-a-date
7936,Andrew,Walker,hbaker@example.com,20,FL,9560.49,2025-05-08
7937,Albert,Kelley,codyanderson@example.org,57,PA,2043.45,2022-09-29
7938,Melissa,Nash,josephjimenez@example.org,30,WA,37205.09,2022-02-23
7939,Tracy,Jones,francotammy@example.org,76,FL,14285.14,2023-11-23
7940,Daniel,Rodriguez,ann66@example.net,73,FL,18128.71,2025-01-22
7941,Anita,Ellison,chelseagibson@example.org,64,NY,32815.3,2026-05-26
7942,David,Rice,moorealicia@example.net,26,IL,44967.7,2024-10-02
7943,Megan,Galloway,paigerichardson@example.com,52,IL,36081.73,2024-11-28
7944,Tonya,Jones,sandovalemily@example.net,43,NJ,25043.01,2025-09-05
7945,Jose,Rhodes,david35@example.net,34,WA,16000.0,2023-06-17
7946,Sherry,Miller,kdiaz@example.net,84,TX,34816.57,2024-01-27
7947,Matthew,Mccarty,tara59@example.net,53,NY,28527.58,2022-02-18
7948,Lawrence,Townsend,smithbenjamin@example.org,38,MA,32335.14,2024-02-26
7949,Elizabeth,Smith,vjones@example.net,46,PA,48553.7,2023-10-12
7950,Melanie,Dunlap,thomassamantha@example.org,72,NJ,36841.43,2021-10-19
7951,Richard,Washington,fgomez@example.org,64,IL,18837.19,2026-02-14
7952,Alicia,Arnold,kevin55@example.net,53,PA,22962.33,2023-10-19
7953,Janet,Reyes,ianwilliamson@example.net,79,CT,46404.59,2024-11-06
7954,Lindsay,Campbell,stevensandrew@example.com,44,NY,42465.33,2024-02-14
7955,Caroline,Thomas,helenstokes@example.com,74,MA,34989.69,2025-05-27
7956,Mary,Owens,whitakerjohn@example.net,67,TX,9089.67,2024-11-11
7957,Donald,Allen,staceychen@example.net,45,NY,18576.52,2024-12-19
7958,Donna,Cook,owalter@example.org,85,NY,23436.95,2021-11-26
7959,Steven,Johnson,,82,PA,14745.05,2022-04-13
7960,Nancy,Rich,matthew82@example.com,36,TX,41166.43,2025-11-05
7961,Kurt,Hansen,heatherfoster@example.org,61,WA,15620.46,2025-12-18
7962,Matthew,Coleman,kevinclark@example.org,20,TX,46392.55,2026-02-20
7963,Erin,Taylor,melodyjones@example.com,48,PA,23008.41,2022-11-30
7964,Timothy,Pennington,wrightbrian@example.net,36,MA,32688.17,2026-07-10
7965,Jodi,Nolan,weaverheather@example.org,33,FL,31233.69,2022-09-10
7966,Troy,Kirk,holtandrew@example.com,21,PA,44195.17,2022-09-18
7967,Barry,Gallagher,rothbriana@example.org,47,FL,33965.48,2025-09-25
7968,Blake,Carpenter,dterry@example.net,25,NJ,35421.47,2024-04-11
7969,Timothy,Frye,elizabeth65@example.com,72,CA,41196.1,2024-03-28
7970,Kevin,Martin,melissagonzales@example.net,75,NJ,33554.94,2023-05-23
7971,Matthew,Steele,larry29@example.org,53,FL,49221.54,2024-02-08
7972,Matthew,Miller,dwayneward@example.net,59,CT,3530.07,2023-09-03
7973,Scott,Lynch,michelehines@example.org,74,TX,24819.98,2022-01-30
7974,Paul,Austin,gregg81@example.com,58,MA,29667.42,2024-09-04
7975,Shannon,Barker,juliesimon@example.net,27,IL,27039.35,2022-09-29
7976,Louis,Ibarra,hdean@example.org,23,FL,37447.35,2022-11-25
7977,Kelly,Sanchez,ndawson@example.com,77,IL,3315.45,2022-05-13
7978,Jeremy,Jones,wmorgan@example.org,26,CA,24705.63,2022-09-21
7979,Steven,Welch,pmcgrath@example.com,25,IL,29051.54,2022-09-20
7980,Morgan,Love,iflores@example.com,65,IL,49378.31,2024-03-06
7981,Shawn,Lara,kevin69@example.net,67,PA,20249.35,2026-07-28
7982,Michael,Walsh,brobinson@example.net,44,IL,13178.73,2022-11-09
7983,Travis,Dixon,yvonne14@example.net,83,FL,20551.25,2025-07-02
7984,Heather,Day,invalid-email,85,NJ,43062.23,2022-08-18
7985,Amanda,Ortiz,stevensandrew@example.com,20,FL,19929.68,2022-01-09
7986,Sarah,Reed,michael10@example.com,37,MA,29683.89,2026-04-15
7987,Lindsay,Garrett,hartrichard@example.net,31,PA,5725.81,2025-12-30
7988,Nicole,Miller,browncharles@example.net,21,CA,36911.39,2023-10-28
7989,David,Bryant,colonjessica@example.com,30,PA,46419.92,2024-03-02
7990,Darlene,Kelly,qjackson@example.org,84,TX,42366.73,2021-12-07
7991,Brandon,Fowler,stricklandrichard@example.com,30,IL,38350.8,2023-09-20
7992,Alex,Baker,kathryn68@example.org,21,FL,352.14,2025-04-21
7993,Kimberly,Jacobs,jennifer19@example.net,69,TX,35763.43,2021-08-21
7994,David,Wright,cmccarthy@example.net,22,NY,2353.77,2024-01-01
7995,John,Peterson,idiaz@example.org,34,MA,24052.38,2026-04-29
7996,John,Johnson,michellehicks@example.net,36,WA,27741.85,2025-06-12
7997,Dana,Nguyen,stephanie31@example.com,67,IL,30334.77,2022-04-27
7998,Sierra,Mclaughlin,invalid-email,47,MA,13745.05,2025-08-02
7999,Alicia,Hughes,psavage@example.org,83,TX,33067.65,2024-06-18
8000,Troy,Ayers,michaelfleming@example.com,76,ZZ,12130.52,2026-03-30
8001,Michael,Lopez,walkercody@example.com,58,NJ,21036.16,2023-02-04
8002,Scott,Haley,glee@example.org,59,FL,25551.62,2023-06-03
8003,Meghan,Smith,joshua07@example.com,70,IL,39147.03,2022-11-26
8004,Nicole,Rodriguez,oholt@example.net,46,MA,16915.96,2022-12-25
8005,Robert,Vaughn,christopherrich@example.org,75,NJ,40018.3,2025-05-26
8006,Juan,Santos,xrivas@example.org,74,MA,36986.75,2025-09-22
8007,Scott,Patel,jessica58@example.com,39,MA,5007.5,2023-04-12
8008,Kevin,Thompson,scottwebb@example.com,60,CA,31606.28,2025-01-23
8009,David,Spencer,invalid-email,58,FL,33805.96,2022-04-07
8010,Gregory,Garza,,22,CA,6348.92,2025-03-12
8011,Brianna,Sullivan,jphillips@example.org,29,IL,23922.06,2025-04-18
8012,Alan,Chang,alexisclark@example.com,46,IL,13692.42,2023-02-09
8013,Mary,Burns,vegaapril@example.org,53,CT,2235.62,2023-04-16
8014,Nancy,Osborn,jacob37@example.org,65,IL,26869.75,2023-04-27
8015,Haley,Cunningham,tmartinez@example.net,31,NY,15568.17,2023-09-24
8016,Christine,Hicks,gabrielhurst@example.org,57,FL,47548.69,2023-04-26
8017,Jack,Mcpherson,qvilla@example.net,31,PA,46810.45,2023-08-11
8018,Beth,Lee,travis13@example.com,59,NJ,9922.61,2026-01-25
8019,Matthew,Macias,ichandler@example.org,74,NY,16214.97,2022-07-18
8020,Christopher,Vega,tiffanysolomon@example.org,68,IL,30087.02,2025-04-20
8021,Alexander,Hernandez,dean03@example.org,22,WA,31943.51,2025-01-08
8022,Amy,Davidson,nathan35@example.org,75,WA,22320.43,2025-08-08
8023,David,Edwards,mallen@example.com,24,PA,11606.04,2023-07-09
8024,Ariel,Bowman,,56,CT,17858.02,2025-04-15
8025,Samantha,Jensen,,83,CT,13170.23,2022-03-15
8026,Jeffrey,Schneider,kelly55@example.org,78,WA,40510.26,2025-02-11
8027,Candace,Jimenez,travisstewart@example.com,21,MA,40970.14,2025-12-28
8028,Eric,Clark,arodriguez@example.com,72,TX,47688.94,2022-10-12
8029,Lisa,Lopez,morrisonconnor@example.com,20,NY,21600.32,2025-04-16
8030,Nicholas,Jackson,,35,WA,15964.9,2025-01-07
8031,Jonathon,Berry,glasssarah@example.com,45,FL,25301.6,2026-01-19
8032,Sherry,Patterson,vanessa65@example.org,44,NY,17753.36,2026-07-09
8033,Sarah,Coleman,theresa07@example.com,81,CA,22650.3,2025-08-25
8034,Michael,Gonzalez,jorgediaz@example.org,38,WA,45500.6,2025-09-27
8035,Javier,Turner,robert51@example.com,36,FL,11676.07,2025-02-03
8036,Eric,Bush,meghanwheeler@example.com,83,TX,48086.6,2024-01-25
8037,Benjamin,Bradley,vortiz@example.com,44,NJ,6835.26,2024-12-25
8038,Ryan,Jackson,jerrymorse@example.com,29,CA,27960.53,2022-02-13
8039,Patrick,Lindsey,vperkins@example.org,56,PA,49796.49,2024-03-06
8040,Edward,Chambers,aguirredawn@example.org,47,MA,8752.52,2026-04-06
8041,Stephanie,Molina,christiestone@example.org,29,TX,42726.82,2022-01-19
8042,Jessica,Miles,qwest@example.com,65,NY,27499.51,2025-07-11
8043,Shane,Hatfield,agonzalez@example.com,50,IL,12371.95,2021-12-12
8044,Christopher,Davis,john18@example.org,73,TX,1198.3,2023-08-08
8045,Carrie,Mcmahon,gordonkathryn@example.net,130,MA,-495.01,2021-11-30
8046,Daniel,Perez,badams@example.com,-1,FL,35450.95,2025-05-23
8047,Chris,Brown,jennifer98@example.net,67,PA,36357.77,2023-03-23
8048,Kristina,Bradford,yroberts@example.org,62,WA,17836.83,2023-03-11
8049,Donald,Wallace,phillipschristopher@example.org,54,NY,46078.91,2025-10-21
8050,Alexandria,Murphy,debrajohnson@example.org,80,CT,37036.18,2021-11-17
8051,Joe,Chavez,jeffrey18@example.net,32,TX,3182.1,2026-07-16
8052,Benjamin,Collins,jonathanjohnson@example.org,18,CA,-3101.15,2026-01-29
8053,Tabitha,Weaver,jordan99@example.net,38,PA,3846.13,2025-08-13
8054,Danielle,Santana,ohampton@example.org,30,ZZ,28227.2,2024-11-22
8055,Brian,Jones,dkim@example.com,27,CT,44562.02,2026-04-11
8056,Kim,Mclaughlin,margaret79@example.org,30,MA,39386.78,2026-06-30
8057,Marco,Lambert,vnelson@example.net,56,CT,33382.32,2024-04-10
8058,Jeffrey,Ward,lindsey87@example.com,67,NJ,35261.67,2026-05-16
8059,Elizabeth,Medina,wcampbell@example.net,50,IL,10169.78,2025-02-06
8060,Justin,Ewing,invalid-email,80,FL,14390.08,2021-10-21
8061,Carrie,Day,zwilliams@example.org,34,WA,40518.24,2023-12-14
8062,Jeremiah,Taylor,jennifer36@example.org,34,INVALID,20253.4,2022-03-09
8063,Meghan,Downs,ubrown@example.com,48,MA,38532.53,2022-02-22
8064,Megan,Martin,tyler54@example.net,21,PA,21237.62,2024-02-05
8065,Bradley,Owen,hscott@example.com,62,NJ,28756.9,2023-07-05
8066,Chelsea,Robertson,richard01@example.com,67,PA,5828.75,2025-08-30
8067,Wesley,Spencer,ygibson@example.com,42,TX,18855.58,2024-04-07
8068,Mason,Quinn,christine53@example.net,76,NY,29989.16,2022-09-05
8069,Jeremy,Myers,baxterashley@example.org,66,TX,20693.15,2022-04-05
8070,Jessica,Wright,ojoyce@example.com,27,NJ,6977.49,2025-03-28
8071,Natasha,Leon,tracey36@example.net,58,TX,45763.53,2022-08-18
8072,Jill,Smith,shannonmcdonald@example.net,53,PA,40565.39,2023-10-19
8073,Amanda,Stephens,zmitchell@example.org,-10,PA,39671.69,2025-01-31
8074,Benjamin,Copeland,kevin65@example.com,34,PA,34002.47,2023-08-01
8075,Hannah,Curry,peterhester@example.net,46,CT,30685.93,2024-12-20
8076,Daniel,Hendricks,lauracochran@example.org,23,NY,44982.22,2022-09-08
8077,Brian,Mitchell,collinhall@example.net,44,FL,48597.46,2025-05-19
8078,Tammy,Dunn,rebeccaturner@example.net,46,TX,24411.11,2023-11-11
8079,Sharon,Mclaughlin,wsharp@example.org,20,NY,23717.65,not-a-date
8080,James,Ingram,jodysoto@example.net,75,WA,3608.34,not-a-date
8081,Carla,Miller,brittanyfrazier@example.org,37,CT,13803.91,2024-09-23
8082,Pamela,Jones,scottmanning@example.com,69,NY,13717.39,2026-01-18
8083,Nicole,Reeves,brandon74@example.net,21,WA,8210.23,2024-10-28
8084,Sara,Miller,cassandraryan@example.org,49,CA,3133.36,2025-12-31
8085,Robert,Henderson,cindy82@example.com,56,TX,45398.28,2024-06-08
8086,Christopher,Dunn,kleinjeffery@example.org,73,CT,7005.62,2024-06-10
8087,Maria,Hardin,mburgess@example.net,66,NJ,5502.18,2023-08-28
8088,Kevin,Mcmahon,victor61@example.net,67,MA,24480.81,2023-01-28
8089,Michael,Barrera,escobarjennifer@example.net,34,TX,10909.26,2022-03-03
8090,Daniel,Jones,nlyons@example.net,63,TX,44681.4,2023-01-28
8091,Rachael,Lindsey,frankyoung@example.net,60,CA,29132.39,2024-09-25
8092,Julia,Riley,jennifer89@example.org,38,PA,24298.38,2024-11-08
8093,Dylan,Brown,forbesanita@example.net,74,TX,42540.39,2025-01-27
8094,Samantha,Castillo,dylansalinas@example.net,51,NY,14931.53,2026-02-08
8095,Melissa,Rangel,vevans@example.com,23,NJ,10816.59,2024-03-23
8096,Lauren,Davis,joseph08@example.net,59,NJ,48640.14,2022-08-25
8097,Kathleen,Adams,matthewtucker@example.org,60,CA,3177.29,2022-12-19
8098,Katherine,Davis,jmason@example.com,44,CT,38974.38,2024-01-04
8099,Victor,Moore,williambowman@example.org,50,IL,19966.51,2021-11-28
8100,Cameron,Gonzales,harperclayton@example.com,36,PA,26672.25,2024-11-02
8101,Joanne,Wallace,sarahallen@example.com,47,WA,39.68,2026-02-18
8102,Anthony,Burgess,tonyaturner@example.com,78,MA,47835.1,2021-11-11
8103,Catherine,Price,brownnicholas@example.org,26,CT,46257.57,2023-10-02
8104,Ann,Campbell,bautistataylor@example.com,53,TX,36560.75,2025-07-27
8105,Mary,Mccall,emiller@example.com,28,CA,-4230.84,2024-10-19
8106,Samuel,Lopez,bmartinez@example.com,55,WA,41472.93,2022-06-25
8107,Brenda,Richardson,brownclayton@example.com,37,CA,4639.75,2021-12-12
8108,Jennifer,Rose,mauricevargas@example.org,130,WA,22899.42,2022-09-09
8109,Paul,Davis,kgutierrez@example.com,84,FL,29482.27,2026-02-11
8110,Luis,Hernandez,gallowaykyle@example.com,58,MA,3176.38,2026-05-05
8111,Madison,Hill,brooksbradley@example.com,19,CT,698.2,2024-11-06
8112,Brenda,Cook,wellssabrina@example.com,59,CT,12193.01,2022-04-05
8113,Brandon,Campbell,marypreston@example.com,81,TX,21246.29,2024-06-05
8114,Lydia,Rivera,paulmartin@example.net,83,MA,2588.38,2024-03-30
8115,Jonathan,Wilson,erikamorris@example.net,85,CA,25102.42,2021-11-26
8116,Gregory,Nielsen,lewiskaitlin@example.org,25,NY,36154.33,2021-10-09
8117,John,Lewis,jamesballard@example.org,79,MA,4288.71,2023-10-25
8118,Taylor,Caldwell,thomas08@example.net,44,WA,4215.39,not-a-date
8119,William,Long,bakeroscar@example.com,29,NY,12508.53,2022-10-03
8120,Mary,Robinson,brenda18@example.net,73,FL,26743.03,2022-05-22
8121,Kyle,Reed,shaun46@example.net,39,NY,47264.43,2023-02-09
8122,Jesse,Mayo,nelsonallen@example.org,19,FL,39921.59,2024-12-18
8123,Megan,Miles,masonmichael@example.net,27,IL,22805.38,2026-07-24
8124,Joel,Smith,,23,WA,33569.4,2026-05-22
8125,Amanda,Johnson,cheryl94@example.org,85,CA,21162.23,2023-11-06
8126,James,Lewis,,34,CA,38049.3,not-a-date
8127,Parker,Heath,matthew85@example.net,24,TX,32115.74,2021-12-05
8128,Eric,Taylor,brooksamy@example.com,18,PA,43186.24,2025-05-30
8129,Stephanie,Craig,shannonwood@example.org,43,MA,46224.89,2025-12-04
8130,Stephanie,Paul,inguyen@example.org,27,CA,47103.29,2025-01-18
8131,Natalie,Wheeler,ryan20@example.org,40,MA,611.87,2025-04-14
8132,Billy,Chavez,joshuasmith@example.com,22,NJ,9234.31,2025-07-29
8133,Laurie,Pearson,garciaanthony@example.net,24,PA,47946.88,2025-08-27
8134,Jeffrey,Rodriguez,,73,CA,48840.34,2025-04-06
8135,Russell,Thompson,michael39@example.com,60,NJ,33764.01,2025-12-13
8136,Luke,Garcia,david86@example.org,35,PA,14415.33,2025-08-12
8137,Savannah,Moore,hurstdanielle@example.org,30,NY,14463.8,2021-10-18
8138,Lawrence,Gonzalez,melissa18@example.org,37,NJ,20185.79,2023-05-08
8139,Danielle,Lopez,rbenton@example.org,79,NJ,5154.84,2026-07-07
8140,Alyssa,Henry,hmcgrath@example.net,27,CT,15987.93,2022-12-09
8141,Derek,Perez,invalid-email,36,NJ,4772.42,2025-03-03
8142,Ernest,Hamilton,,69,TX,44641.82,2025-12-28
8143,Jenna,Phillips,tbowen@example.com,44,IL,7032.48,2026-01-04
8144,Travis,Santos,toddhowell@example.net,35,PA,13893.77,2025-07-26
8145,Lisa,Rosales,adamwood@example.org,22,CA,11605.36,2025-10-23
8146,Lauren,Yang,qsmith@example.com,34,PA,33241.96,2025-12-20
8147,Jacob,Singh,robertsjohn@example.com,24,CA,18889.04,2024-05-29
8148,Michael,Bradley,hannahblack@example.com,21,NY,48044.01,2023-02-01
8149,John,Vasquez,danielbaker@example.org,23,NY,5693.59,2022-05-06
8150,Andrew,Baird,gardnerkrystal@example.org,44,CT,26709.25,2022-09-28
8151,Christopher,Wilson,alexander55@example.net,44,MA,28793.8,not-a-date
8152,Laura,Jackson,qescobar@example.net,42,MA,32087.12,2023-02-28
8153,Jill,Roberts,cookkevin@example.com,64,PA,25851.16,2026-04-16
8154,Cynthia,Mendoza,patricia08@example.org,32,MA,7916.19,2026-02-09
8155,Angela,Rice,glasschristopher@example.com,50,CA,41620.19,2024-11-23
8156,Bianca,Murphy,henrykylie@example.org,70,CT,16662.83,2026-03-07
8157,David,James,matthew28@example.com,45,CT,9283.52,2023-10-22
8158,April,Gutierrez,nthompson@example.org,69,CT,38625.75,2022-08-18
8159,Jeffrey,Moore,timothycollins@example.com,56,WA,22135.92,2022-10-29
8160,Nicole,Woods,anthony65@example.com,18,PA,13185.44,2024-05-19
8161,Christina,Baker,martinjennifer@example.org,83,TX,21469.94,2022-03-27
8162,William,Gordon,jennifer05@example.net,52,PA,37271.16,2025-01-15
8163,Christopher,Young,thomasfreeman@example.com,63,MA,21863.27,2026-02-24
8164,Brandon,Berry,tyler18@example.net,76,FL,31255.12,2025-07-08
8165,Stacey,Jones,margaretthomas@example.org,49,CT,33093.55,2023-08-31
8166,Nicole,Bowen,ndavis@example.com,64,PA,31091.52,2022-12-08
8167,Jaime,Cummings,invalid-email,47,CA,20238.29,2023-03-30
8168,Kari,Christensen,olee@example.net,29,CA,34417.89,2022-03-25
8169,Joseph,Bond,steven71@example.net,67,TX,18546.32,2021-11-30
8170,Shannon,King,douglasstanley@example.org,60,WA,42353.13,2024-09-22
8171,Roy,Ward,jacqueline41@example.net,52,FL,38201.53,2021-08-19
8172,Katherine,Knapp,qramirez@example.com,67,PA,18486.6,2023-01-03
8173,Robert,Gates,wendysmith@example.com,49,IL,3028.93,2025-12-26
8174,Tonya,Alvarez,robertbradford@example.org,71,TX,15007.32,2023-07-02
8175,Stacy,Simpson,coreylong@example.org,52,FL,39137.81,2024-02-16
8176,Deborah,Brown,alyssa04@example.org,65,MA,12460.68,2025-06-28
8177,Nicole,Leblanc,probinson@example.org,65,ZZ,14427.18,2021-11-17
8178,Richard,Watts,qcampbell@example.net,74,CT,46190.2,2023-02-02
8179,James,Long,markthomas@example.com,68,TX,35983.96,2021-09-17
8180,John,Williams,xballard@example.org,47,CA,10418.92,2024-09-20
8181,Kathy,Parks,josephbautista@example.net,70,PA,38094.47,2026-01-04
8182,Peter,Alvarez,michaeloliver@example.com,61,MA,7704.8,2025-12-21
8183,Frank,Garcia,kelly62@example.com,43,TX,24692.71,2023-11-27
8184,Christopher,Fox,sarahnavarro@example.org,37,CT,5162.89,2022-01-30
8185,Ryan,Aguilar,ohughes@example.org,78,NY,7832.71,2025-08-04
8186,David,Doyle,cbanks@example.com,76,TX,47545.11,2024-07-31
8187,Lisa,Evans,,46,CA,13572.67,2025-06-22
8188,Matthew,Snow,invalid-email,54,TX,27426.44,2025-07-22
8189,Stephen,Garcia,ztaylor@example.org,82,TX,12317.55,2025-08-05
8190,Joshua,Johnston,mullinsjeffrey@example.org,21,TX,39239.61,2026-07-28
8191,Bridget,Gould,jaredrobinson@example.net,68,IL,7355.75,2024-05-30
8192,Nancy,Wells,qfischer@example.net,78,WA,31945.77,2023-06-16
8193,Robert,Howell,rodriguezstacy@example.net,27,TX,4809.08,2026-02-14
8194,Dale,Cruz,kday@example.net,46,IL,4165.12,2024-01-08
8195,Jeffrey,Singh,mcfarlandmichael@example.net,130,IL,32788.93,2025-08-13
8196,Dana,Ford,kevin68@example.com,77,NY,1461.35,2025-08-29
8197,Aaron,Oliver,qjensen@example.com,20,FL,40320.15,2025-06-03
8198,Kathryn,Vargas,melissaross@example.net,78,PA,18976.98,2022-02-16
8199,Melissa,Lin,stephensashley@example.org,78,PA,38750.78,2024-06-24
8200,Amber,Macias,deborahmacias@example.net,18,NY,13693.48,2025-05-10
8201,Shawn,Patterson,xcruz@example.org,72,FL,47946.29,2024-01-04
8202,Richard,Smith,award@example.com,20,IL,44811.87,2021-09-04
8203,Angelica,Wilson,stephaniehall@example.net,67,CT,-3881.28,2024-07-02
8204,Connor,Stevens,laurabrewer@example.org,33,PA,48960.61,2025-09-07
8205,Patricia,Harrison,gallowaytimothy@example.net,54,TX,39187.72,2026-03-26
8206,Diane,Barber,hmartinez@example.org,56,FL,19843.03,2023-07-02
8207,Jasmin,Perry,billy28@example.net,59,CT,41916.43,2021-08-25
8208,Pamela,Hoffman,georgemaynard@example.net,39,TX,42122.4,2023-02-19
8209,Mary,Hamilton,enguyen@example.net,55,CA,37532.63,2025-10-09
8210,Anna,Sanders,invalid-email,44,MA,29892.4,2025-09-14
8211,Kenneth,Robinson,jamesduncan@example.org,76,PA,37402.56,2026-07-24
8212,Emily,Boyd,deanjennifer@example.org,56,NJ,10761.58,2025-07-03
8213,Pamela,Jones,kmiranda@example.net,51,IL,42324.03,2023-06-17
8214,Sean,Macias,seanmassey@example.net,28,NY,9076.1,2024-05-25
8215,Jose,Brown,ujohnson@example.com,70,TX,35930.26,2023-12-22
8216,Brandon,Oliver,yadams@example.net,76,NY,31021.09,2023-04-09
8217,Donald,Sampson,qlove@example.com,75,XX,20584.7,2022-03-09
8218,Cassandra,Giles,cortiz@example.com,46,MA,16431.83,2022-10-17
8219,Jennifer,Barber,johnsonchristian@example.com,32,NJ,5243.96,2024-06-23
8220,Terry,Reyes,williamsethan@example.org,67,NY,8490.41,2024-11-15
8221,John,Graves,kendra38@example.org,21,NY,20067.61,2022-04-25
8222,Matthew,White,morrisoncraig@example.com,49,WA,30081.6,2026-06-29
8223,Diamond,Morales,hernandeznicole@example.org,22,NY,9734.37,2022-06-24
8224,Jonathan,Li,raydaniel@example.org,47,CT,48603.14,2024-06-23
8225,Richard,Green,markedwards@example.com,45,FL,45882.09,2025-07-07
8226,Luis,Moran,robertcharles@example.com,71,FL,32839.57,2021-10-05
8227,Carol,Golden,nhernandez@example.com,44,CT,26673.96,2023-06-27
8228,Teresa,Hernandez,jennifergarcia@example.net,30,CT,2279.52,2022-08-12
8229,Alejandro,Garcia,lisadixon@example.com,51,NY,36418.52,2026-05-04
8230,Barbara,Roberts,greenebrandi@example.org,27,TX,24681.19,2023-09-15
8231,Barbara,Harmon,arnolddavid@example.com,45,NJ,3695.67,2021-12-27
8232,Jonathan,Lane,gdavis@example.org,50,IL,4557.04,2024-12-06
8233,Jon,Fernandez,mcdowellpaul@example.net,69,NJ,48765.98,2026-02-17
8234,Stuart,Edwards,lopezcraig@example.net,28,NJ,2378.03,2025-08-23
8235,Laura,Webb,rogerssuzanne@example.net,57,PA,44681.6,2025-05-07
8236,Marvin,Ball,jason42@example.net,22,PA,26481.84,2023-11-21
8237,Stephanie,Hall,ydennis@example.com,71,TX,46291.48,2022-08-24
8238,Sherry,Smith,kingchristopher@example.net,69,IL,49962.59,2026-05-28
8239,James,Delgado,pdaniel@example.net,27,WA,30111.09,2026-01-25
8240,Cynthia,Martinez,carsonkathy@example.org,49,CT,7218.97,2025-09-14
8241,Sarah,Johnson,ydiaz@example.org,43,CT,25097.21,2025-02-11
8242,Heather,Mcmillan,anna81@example.net,60,CT,27675.86,2022-10-11
8243,Michele,Merritt,nolansamuel@example.com,37,NJ,10476.49,2023-08-13
8244,Leslie,Hurst,garystewart@example.net,43,NY,21273.36,2024-10-09
8245,Daniel,Andrade,,79,WA,49218.49,2022-07-09
8246,Jeremy,Wilson,jarmstrong@example.com,130,FL,41866.67,2026-07-16
8247,Lisa,Graves,fordbrandon@example.com,30,MA,46039.04,2024-10-25
8248,James,Johnson,renee84@example.org,66,NJ,3991.87,2025-11-29
8249,Eric,Clark,myersmary@example.com,79,ZZ,42760.63,2025-09-06
8250,Jose,Perez,patrickhiggins@example.org,29,FL,5800.31,2026-03-13
8251,Michele,Donovan,sarah89@example.org,35,NY,29148.34,2022-04-16
8252,William,Williams,duanehubbard@example.org,57,NJ,49817.94,2026-01-09
8253,Anthony,Contreras,robinsonwhitney@example.com,56,FL,33450.35,2026-06-29
8254,Tyler,Harvey,austintaylor@example.com,18,PA,48532.47,2022-07-27
8255,Joshua,Martinez,margaret97@example.net,84,IL,40150.21,not-a-date
8256,Dustin,Dennis,amy79@example.net,29,CT,4600.78,2022-11-04
8257,Nicolas,Golden,thomascoleman@example.net,34,IL,22968.83,2025-03-20
8258,Amanda,Alexander,xosborne@example.net,56,CA,6835.87,2023-08-05
8259,Robin,Davis,gaysarah@example.net,80,NY,38630.35,2025-10-30
8260,Michael,Stewart,nicolegarcia@example.net,45,TX,23821.84,2025-09-30
8261,Katherine,Lewis,vgates@example.com,83,CA,24542.97,2025-09-05
8262,Thomas,Spencer,christina13@example.com,55,TX,9376.11,2021-12-29
8263,Wendy,Calderon,crystalcohen@example.net,27,MA,27705.39,2021-12-19
8264,Joseph,Rosales,courtney47@example.net,28,NJ,45898.53,2023-08-20
8265,Haley,Howard,bradley85@example.com,81,CT,30733.31,2022-12-09
8266,Zachary,Rogers,hughesbrent@example.org,32,TX,6105.71,2024-07-12
8267,Amy,Robertson,christy84@example.com,54,PA,12475.18,2025-11-09
8268,Randall,Thomas,criley@example.net,37,NY,17417.55,2024-10-23
8269,Caitlin,Williams,danielknight@example.net,24,NY,35499.32,2024-09-20
8270,Jacob,Smith,mmarshall@example.org,28,CA,10889.75,2024-04-19
8271,Paula,Koch,jerry29@example.org,24,TX,29840.6,2022-08-31
8272,Stephanie,Salinas,wcole@example.org,73,PA,19426.8,2024-06-15
8273,Beth,Gomez,craig27@example.net,70,IL,12663.55,2024-10-16
8274,Kristin,Thomas,samanthataylor@example.com,62,CA,8361.03,2024-03-26
8275,Ann,Harrington,torreschristian@example.org,59,PA,37883.0,2024-01-24
8276,Gregory,Davis,davismary@example.com,81,CT,44671.06,2023-02-20
8277,Joseph,Holland,alexis46@example.net,18,PA,31649.83,2021-12-30
8278,Erika,Jones,beardtroy@example.org,54,FL,36033.2,2026-01-31
8279,Todd,Carpenter,nhall@example.net,26,FL,29187.47,2024-10-14
8280,Shelby,Thornton,msmith@example.com,53,IL,26285.59,2022-06-29
8281,Kyle,Sanchez,shelleykramer@example.org,63,TX,19521.34,2023-01-19
8282,Sandra,Garcia,wallacematthew@example.com,54,IL,28510.65,2026-06-13
8283,Victoria,Wilkerson,rachelavila@example.org,46,NJ,1531.28,2023-08-19
8284,Joshua,Diaz,millercarol@example.com,31,WA,49520.44,2022-10-29
8285,Rhonda,Rice,bherrera@example.com,61,TX,22570.89,2023-12-02
8286,Michael,Carter,patrickclark@example.org,69,MA,18281.02,2021-10-21
8287,Justin,Manning,wromero@example.org,82,CT,44325.63,2022-01-22
8288,Brandi,Lane,wattsthomas@example.org,41,FL,31907.58,2021-12-19
8289,Kevin,Rodriguez,dandrade@example.net,29,FL,7803.12,2025-02-27
8290,Thomas,Underwood,josephprice@example.net,69,PA,38021.08,2025-07-14
8291,Christopher,Costa,vramirez@example.org,64,TX,18347.92,2024-03-04
8292,Zachary,Thompson,kimchen@example.net,51,TX,43698.24,2023-09-08
8293,Ashley,York,terri77@example.org,78,NJ,33166.84,2026-05-19
8294,John,Moore,cassandrabanks@example.org,28,CT,42951.07,not-a-date
8295,Kevin,Smith,invalid-email,53,NY,41941.61,2024-09-14
8296,Keith,Smith,jchapman@example.com,18,TX,25462.2,2022-11-22
8297,Nathan,Bradshaw,qwilliamson@example.net,71,PA,13033.85,2022-06-21
8298,Christopher,Chase,gdoyle@example.org,83,FL,38901.47,2023-01-06
8299,Jeffrey,Malone,moorematthew@example.org,31,NJ,171.52,2022-07-23
8300,Michelle,Jackson,,70,TX,27074.77,2023-02-17
8301,Kenneth,Evans,daniel26@example.com,25,CT,49413.77,2023-07-05
8302,Roberto,Pitts,scottkenneth@example.org,30,FL,6778.78,2026-01-10
8303,Anthony,Martin,yyoder@example.net,36,NJ,23585.62,2021-09-06
8304,Samantha,Rowe,charlesrobinson@example.net,39,MA,25075.11,2024-01-14
8305,Allison,Ford,ybennett@example.net,32,NY,17558.72,2024-08-25
8306,Jeffrey,Kennedy,lbartlett@example.com,38,PA,11468.42,2025-06-29
8307,Gregory,Scott,yhicks@example.net,36,PA,8749.46,2021-12-28
8308,Meghan,Estrada,ytownsend@example.org,37,CT,658.55,2022-04-20
8309,Jill,Thomas,mooremary@example.net,53,FL,16337.11,2024-09-11
8310,Mary,Murray,donna81@example.net,37,IL,9630.24,2023-03-11
8311,Melissa,Russell,thompsonstephen@example.com,56,NJ,64.44,2026-06-14
8312,Jennifer,Phillips,,29,NJ,36314.49,2022-05-07
8313,Kylie,Zuniga,invalid-email,52,FL,30266.98,2023-01-05
8314,Charles,Case,sabrina93@example.net,32,MA,18651.29,2025-11-28
8315,Holly,Patton,,31,NY,46800.63,2021-10-04
8316,Jose,Kelly,waynedaniel@example.net,62,NJ,41302.13,2023-09-27
8317,Karen,Marshall,,58,MA,15934.22,2023-07-05
8318,Dillon,Smith,elizabethlee@example.org,74,PA,8236.6,2024-02-03
8319,Anthony,Watson,emilyjones@example.com,85,WA,6562.6,2024-05-01
8320,Mark,Hughes,sharonmurphy@example.org,18,TX,14463.42,2023-06-17
8321,Sarah,Martin,invalid-email,64,FL,27826.23,2025-09-11
8322,Jeffery,Arnold,devin05@example.org,23,WA,37958.54,2021-12-01
8323,Maria,Mccormick,oconnordawn@example.com,85,MA,1460.53,2021-09-11
8324,Angela,Williams,ashley43@example.net,20,NY,1186.48,2024-10-30
8325,Denise,Miller,frankarroyo@example.com,56,NY,31102.98,2021-11-29
8326,Daniel,Jenkins,,60,MA,15064.11,2022-06-08
8327,Amber,Contreras,aliciaphelps@example.com,60,PA,39332.17,2024-09-14
8328,Catherine,Barr,ldalton@example.net,83,NY,46491.75,2025-11-23
8329,Margaret,Olson,blevinssavannah@example.com,51,CT,23476.55,2026-08-03
8330,Emma,Tran,tammypratt@example.net,70,FL,14391.85,2025-07-15
8331,Leslie,Grant,stacyprice@example.net,34,IL,1820.63,2025-11-16
8332,Kevin,Garza,steven43@example.org,28,IL,33706.73,2022-10-18
8333,Dawn,Jordan,xkelley@example.com,46,NJ,19276.29,2025-09-11
8334,Laurie,Hamilton,rodriguezmark@example.com,62,FL,49066.94,2023-08-17
8335,Deanna,Shannon,,21,MA,23232.96,2021-12-02
8336,Samuel,Snyder,wbutler@example.net,32,PA,4867.34,2026-06-29
8337,Thomas,Gardner,scastaneda@example.net,74,CT,46558.15,2024-10-09
8338,Jeremy,Chavez,hernandezcarmen@example.net,48,TX,29813.07,2025-03-12
8339,Dennis,Nixon,hharris@example.net,19,CA,40716.06,2026-02-14
8340,Ronald,Tyler,randall52@example.org,59,CA,45748.33,2024-01-04
8341,Nancy,Delgado,angela88@example.com,65,WA,28608.25,2022-08-10
8342,Angela,Hart,megan80@example.net,20,IL,37978.02,2023-08-04
8343,Alexandra,Rodriguez,nathaniel95@example.com,41,WA,44739.64,2026-05-15
8344,Lisa,Griffith,egonzalez@example.com,18,TX,30137.14,2024-10-18
8345,Jennifer,Lane,hday@example.org,73,WA,31881.64,2023-05-09
8346,Roger,Lopez,martinezkristine@example.org,56,CA,44693.16,2025-12-01
8347,Krista,Salas,flewis@example.com,84,WA,40050.13,2025-03-10
8348,Kimberly,Campbell,xharris@example.net,72,NJ,18863.11,2023-11-20
8349,Alexandra,Frazier,arichardson@example.com,24,TX,16577.97,2026-07-23
8350,Victor,Ferguson,craigtimothy@example.org,76,MA,11676.41,2022-12-18
8351,Bianca,Rodriguez,wbarton@example.org,52,CA,22202.61,2022-01-25
8352,Todd,Barnes,lydiacampbell@example.com,23,NY,19953.66,2021-12-03
8353,Brendan,Wilson,mercadolisa@example.org,36,FL,20718.72,2023-10-19
8354,Robert,Ali,xmartin@example.com,46,TX,33194.11,2025-07-28
8355,William,Flowers,jasonpacheco@example.org,26,CT,29387.29,2023-07-12
8356,Jared,Vasquez,cunninghamlaura@example.org,25,PA,17885.72,2023-02-26
8357,Robert,Porter,websterpaige@example.org,20,IL,14017.64,2023-10-14
8358,Angela,Gilbert,robertmartinez@example.com,79,TX,30798.26,2026-06-17
8359,Brenda,Little,ashaffer@example.org,38,WA,42443.98,2022-06-03
8360,Margaret,Daniels,gina41@example.com,55,CT,15064.7,2023-01-04
8361,Anthony,Jennings,bobby66@example.com,81,PA,16155.43,2026-03-14
8362,Amy,Conway,johnsonmark@example.com,19,IL,14099.21,2025-02-08
8363,William,Ross,christine22@example.org,41,MA,37197.33,2025-12-17
8364,Tiffany,Smith,wmcintosh@example.net,50,PA,10629.59,2025-01-10
8365,Rachel,Lucas,darlene44@example.org,83,NJ,38339.62,2024-10-28
8366,Christopher,Barrett,clarkjustin@example.org,53,NY,22718.46,2021-08-21
8367,Nicholas,Quinn,lcharles@example.org,34,INVALID,5530.55,2026-04-03
8368,Anthony,Davenport,ebutler@example.net,60,CA,12330.03,2025-08-03
8369,Susan,Lara,lloydcheryl@example.org,68,WA,5400.62,2022-04-03
8370,Stephanie,Webb,joebaker@example.net,61,CA,22926.79,2023-05-07
8371,Jeremy,Khan,cassandra80@example.net,-1,TX,8705.86,2025-05-07
8372,Crystal,Davis,rhoward@example.org,81,WA,40449.64,2025-10-16
8373,Robert,Russell,garymoyer@example.org,19,PA,13877.52,2024-05-07
8374,Michelle,Cohen,craighodge@example.net,65,FL,3071.71,2025-02-14
8375,Angel,Duncan,mgreer@example.net,45,MA,32857.95,2022-12-07
8376,Andrea,Orozco,nealrandy@example.net,61,WA,14555.83,2026-07-22
8377,Angelica,Green,,41,MA,42416.17,2024-06-18
8378,Melissa,Schaefer,larry17@example.com,59,IL,46081.13,2023-07-08
8379,Melanie,Davis,olopez@example.org,35,IL,19343.74,2026-07-28
8380,Joe,Boyle,alejandro97@example.com,23,CT,1012.79,2022-01-16
8381,Kathryn,Taylor,myersmelissa@example.net,35,WA,-848.56,2025-03-01
8382,Teresa,Stevens,rcaldwell@example.org,41,WA,30004.71,2025-12-30
8383,Martin,Jones,harveymegan@example.net,74,PA,4960.44,2022-09-13
8384,Erin,Morrison,matthew81@example.com,55,PA,30011.94,2024-12-16
8385,Theodore,Lopez,burkejohn@example.com,34,NJ,15101.77,2022-04-11
8386,Tracie,Miller,brenda52@example.com,70,FL,27078.71,2022-10-08
8387,Christian,Pierce,abell@example.com,40,NY,17959.13,2026-03-31
8388,Jacob,Rodriguez,ubradshaw@example.org,48,WA,8804.65,2025-02-16
8389,Susan,Black,brownsheila@example.net,69,TX,30206.18,2023-05-27
8390,Nicole,Mooney,erikbaker@example.org,78,NJ,19810.75,2025-01-31
8391,Joseph,Moody,,34,CA,37576.21,2025-11-22
8392,Ashley,Thompson,dennisliu@example.com,45,NY,41950.08,2025-10-07
8393,Jacqueline,Ramirez,mjones@example.net,38,IL,2257.88,2026-04-28
8394,Gary,Lara,haley14@example.org,63,NJ,9247.33,2022-07-07
8395,Charles,Wilson,wjackson@example.com,23,TX,4760.98,2025-04-24
8396,Kimberly,Jones,brianlittle@example.net,24,NY,28822.71,2023-09-14
8397,Lindsey,Hayes,foxsamantha@example.org,49,MA,18683.59,2023-05-02
8398,Susan,Higgins,,46,FL,30209.77,2022-05-29
8399,Brian,Macdonald,steven36@example.com,28,WA,3089.71,2024-06-23
8400,Nathaniel,Lopez,ujohnson@example.org,130,NJ,9190.36,2025-07-31
8401,Timothy,Valdez,carolynlyons@example.net,61,INVALID,4972.5,2023-10-14
8402,Barbara,Mcgee,mosleypamela@example.org,36,PA,42084.32,2025-04-10
8403,Douglas,Miller,timothywhite@example.com,66,CT,35000.69,2025-04-02
8404,Patrick,Davis,fwhite@example.org,26,IL,-3965.72,2022-05-22
8405,Jessica,Miller,robertdavis@example.net,63,WA,15455.22,2022-08-31
8406,Andrea,Flowers,durantamara@example.net,75,WA,49875.05,2022-01-24
8407,Jenna,Walsh,amandadecker@example.com,36,MA,23.52,2025-11-06
8408,Kimberly,Owen,veronicabyrd@example.net,62,MA,6835.82,2026-01-14
8409,Brooke,Hall,fshort@example.org,47,NY,48118.66,2024-07-28
8410,Douglas,Weaver,,77,FL,45802.45,2026-04-13
8411,Charles,Rocha,,27,CT,16574.88,2023-12-23
8412,Raymond,Mosley,smithsheena@example.net,55,FL,36695.84,2025-04-28
8413,Christina,Campbell,vwalter@example.org,49,FL,642.43,2024-08-30
8414,Steven,Logan,nathanwilkinson@example.net,33,WA,14785.42,2024-09-20
8415,Cameron,Sexton,melissa13@example.org,63,INVALID,33883.96,2025-12-10
8416,Steven,Wong,amanda51@example.net,31,NY,33504.0,2023-06-05
8417,Juan,Jackson,jamiescott@example.org,81,TX,48459.82,2023-07-01
8418,Angela,Hunter,laura10@example.net,72,CA,2920.67,2024-04-04
8419,Edwin,Ochoa,adavis@example.net,40,FL,32405.13,2024-12-14
8420,Joshua,Nguyen,morganmary@example.net,71,NY,6251.08,2024-08-10
8421,Karl,Holloway,hansenshane@example.org,130,IL,-1541.17,2025-10-03
8422,Matthew,Porter,,59,FL,27372.0,2026-05-13
8423,Katherine,Payne,ibauer@example.org,70,NY,39857.68,2023-06-23
8424,David,Ruiz,mortonjennifer@example.org,25,PA,6602.27,2025-11-13
8425,Elizabeth,Wilson,mhernandez@example.net,26,NY,19539.58,2024-06-23
8426,Kristine,Scott,robert31@example.com,74,NJ,19319.1,2024-06-06
8427,Christopher,Novak,erica16@example.com,79,TX,10224.89,2024-09-17
8428,Jennifer,Smith,chenrebecca@example.com,49,PA,7558.43,2022-03-18
8429,Hannah,Roberts,johnjohnson@example.net,80,NY,26957.55,2026-05-29
8430,Cameron,Lang,wilsondenise@example.net,37,NY,43450.23,2026-06-04
8431,Michelle,Carter,evan67@example.org,66,IL,36023.09,2024-08-18
8432,Bryan,Espinoza,mallory73@example.net,83,CA,20704.25,2024-07-13
8433,Kaylee,Mendoza,matthewvaldez@example.net,81,NY,4156.32,2022-08-26
8434,Jessica,Stuart,elizabeth51@example.org,37,WA,15578.45,2022-08-02
8435,Chad,Baldwin,xnewton@example.com,20,NJ,1445.9,2022-08-12
8436,John,Hill,michaelmartinez@example.net,49,FL,41508.9,2024-02-11
8437,Zachary,Lee,eburnett@example.com,49,WA,37617.07,2025-08-13
8438,Kathleen,Parker,gchase@example.net,37,MA,35151.95,2024-05-17
8439,Joshua,Marshall,mclaughlinjennifer@example.com,27,MA,7160.06,2023-03-19
8440,Juan,Kelly,kristinetrevino@example.org,73,CA,29971.91,2024-03-27
8441,Andrew,Harris,tony96@example.com,82,TX,18999.47,2025-05-04
8442,Heather,Conrad,aaron68@example.net,44,PA,48544.94,2024-08-03
8443,Kevin,Peterson,zacharysanders@example.org,130,NY,24544.44,2021-08-28
8444,Connie,Tran,garciaelizabeth@example.net,43,FL,20636.73,2024-01-30
8445,Daniel,Lopez,,27,CA,44775.84,2025-02-08
8446,Lisa,Burch,seth23@example.net,85,PA,2062.21,2023-10-11
8447,David,Gross,gardnerrussell@example.net,30,CT,33364.95,2022-03-04
8448,Melissa,Dunlap,dbyrd@example.net,21,TX,40191.42,2023-09-12
8449,Marvin,Weaver,julie18@example.com,38,TX,19645.97,2021-11-11
8450,Dawn,Odonnell,,41,TX,22255.82,2024-03-12
8451,Allison,Matthews,caleb32@example.org,46,CA,3180.68,2026-07-20
8452,Lawrence,Russell,lorrainehall@example.com,36,FL,9153.93,2025-10-05
8453,Pamela,Smith,jeffreythomas@example.net,53,CA,47153.36,2025-07-27
8454,Tyler,Berry,yvonnegarcia@example.net,-1,INVALID,24450.45,2022-07-03
8455,Amanda,Jones,hessmarcus@example.org,64,TX,15700.77,2022-05-29
8456,Christopher,Smith,bakeryesenia@example.net,67,WA,23463.08,2024-07-04
8457,Elizabeth,Erickson,ntaylor@example.org,70,CT,26446.74,2024-08-02
8458,Stephen,Yang,,83,CT,29434.03,2023-04-26
8459,Joseph,Green,rlindsey@example.com,38,PA,13934.1,2024-02-29
8460,Cheryl,Green,tammyabbott@example.org,54,CA,41523.05,2022-11-15
8461,Sharon,Williams,nelsoncory@example.net,20,CT,20339.8,2023-08-28
8462,Nicole,Young,michaelmcgee@example.org,35,CA,290.68,2026-07-17
8463,Regina,Schultz,watkinsalexander@example.org,70,WA,6480.69,2022-03-05
8464,Derek,Cooper,freemanjennifer@example.org,71,CA,19153.88,2024-04-23
8465,Jessica,Carter,paul66@example.net,60,NY,7149.73,2022-10-24
8466,Bradley,Johnson,katie37@example.org,24,TX,38295.78,2025-06-17
8467,Stephen,Richardson,joel35@example.com,75,TX,35548.1,2025-05-05
8468,Ronnie,Martin,erinwilkerson@example.com,40,WA,47232.89,2023-12-04
8469,Sandra,Hughes,carrkurt@example.net,58,NJ,30694.45,2021-08-21
8470,Stephanie,Hardin,oscarobrien@example.com,45,CT,34240.74,2024-05-28
8471,Miguel,Evans,cindy40@example.org,52,PA,3647.46,2023-03-09
8472,William,Jacobs,arogers@example.net,32,CT,21854.31,2022-11-18
8473,Anna,Nelson,carla56@example.net,65,NJ,9302.32,2025-02-19
8474,Ashlee,Owens,bward@example.org,43,CT,44648.98,2022-06-08
8475,Kelly,Williams,fischermark@example.org,77,IL,49198.3,2024-09-10
8476,Nicole,Johnson,howardtimothy@example.org,18,CT,45535.39,2024-08-07
8477,Lisa,Jackson,hernandezdaniel@example.org,81,WA,23182.05,2025-07-08
8478,Bobby,Turner,grant08@example.org,35,CA,5810.87,2023-02-12
8479,Michelle,Miller,steven87@example.org,84,CT,34905.72,2023-01-28
8480,Elizabeth,Allen,chernandez@example.net,24,FL,1211.37,2025-02-23
8481,Jeremiah,Snyder,peterjones@example.com,47,WA,26484.99,2023-12-19
8482,Becky,Palmer,jason52@example.com,29,CT,22639.18,2024-04-19
8483,Miranda,Stokes,cynthia99@example.com,36,MA,9653.39,2022-03-26
8484,Joseph,Montes,robertbrown@example.org,37,NJ,46323.24,2024-05-15
8485,David,Mitchell,rollinswilliam@example.net,52,CA,3201.56,2025-06-01
8486,Jessica,Simmons,debra44@example.net,68,FL,20010.05,2022-05-27
8487,Julie,Blackwell,bradleyerica@example.net,74,NJ,19771.21,2022-08-04
8488,Kimberly,Rivera,dberry@example.org,70,MA,33545.12,2023-04-07
8489,Michael,Smith,parrishjames@example.com,84,TX,10023.06,2024-03-27
8490,Martin,Reed,penny29@example.com,32,NY,49421.98,2023-05-09
8491,Timothy,Mathis,thomas80@example.net,37,NJ,41085.3,2024-05-24
8492,Stacey,Sanders,reneebrown@example.org,24,IL,14608.9,2025-10-02
8493,Joel,Parker,whitemichael@example.com,52,PA,19384.91,2024-10-21
8494,Erica,Martinez,gregory95@example.org,50,IL,10177.01,2022-11-01
8495,James,Johnston,tstephens@example.org,45,ZZ,42455.76,2022-05-28
8496,Curtis,Johnson,kenneth98@example.org,130,NJ,47349.83,2024-10-09
8497,Martha,Maxwell,paul65@example.org,83,PA,46925.24,2026-03-02
8498,Cynthia,Lewis,bjenkins@example.org,69,FL,36189.08,2023-03-08
8499,David,Bennett,brooksmarcus@example.com,28,MA,19059.53,2026-06-14
8500,Melissa,Andrews,michael43@example.com,60,CT,30329.48,2026-08-19
8501,Linda,Lee,charlesmoore@example.org,54,TX,43835.4,2025-03-23
8502,Angela,Wilson,robinsontracy@example.org,35,NJ,28114.56,2026-04-11
8503,Tammy,Sexton,beasleystacey@example.net,65,TX,13996.59,2024-02-17
8504,Summer,Guzman,trevinohayley@example.net,24,NY,43354.35,2025-07-04
8505,Shawn,Smith,,36,CT,31081.58,2024-12-08
8506,Kenneth,Gonzalez,sharonhamilton@example.org,29,WA,46526.42,2024-08-14
8507,Jason,Roach,becktracy@example.com,65,NJ,41243.51,2024-08-30
8508,Bradley,Kirk,brian43@example.net,18,NY,5414.06,not-a-date
8509,Nicholas,Howell,timothy38@example.com,60,CT,19575.22,2022-11-15
8510,Leslie,Lewis,xthompson@example.net,78,CA,39354.16,2024-03-21
8511,Christopher,Sloan,elizabethwood@example.com,85,NJ,27044.67,2024-06-27
8512,Eric,Smith,ianwalker@example.org,24,MA,47582.93,2021-09-07
8513,Roberta,Franklin,invalid-email,83,WA,31946.12,2025-11-10
8514,Travis,Romero,hannah55@example.org,22,CT,12764.04,2023-05-12
8515,Connie,Davis,ycharles@example.org,26,NJ,14092.28,2023-02-19
8516,Paul,Barnes,,52,MA,3193.72,2025-06-11
8517,Aaron,Scott,millerwalter@example.org,69,TX,44681.24,2024-10-16
8518,Guy,Camacho,christine35@example.net,61,NY,34355.18,2024-07-30
8519,Jonathan,Ashley,sherry42@example.com,60,MA,26122.03,2022-05-20
8520,Matthew,Lewis,lfreeman@example.org,31,CT,25752.58,2021-08-31
8521,Kimberly,Ramos,robert63@example.org,45,FL,15514.71,2024-02-12
8522,Stephanie,Lee,amy91@example.net,58,CA,25284.29,2021-12-07
8523,Kathleen,Montoya,glassgary@example.org,43,NJ,31223.27,2021-09-28
8524,Kristy,Lara,,19,NY,46108.72,2023-07-30
8525,Raymond,Beard,elizabeth57@example.net,84,CA,19071.66,2023-12-29
8526,Kenneth,Davis,walter21@example.com,75,NY,24352.91,2026-07-01
8527,Gregory,Mccormick,kayla21@example.net,75,IL,13113.2,2024-09-28
8528,Brian,Harmon,toni78@example.net,29,WA,1860.09,2024-06-13
8529,Stephanie,Miller,bcastillo@example.org,77,NY,20239.92,2024-10-14
8530,Alicia,Phillips,chenpatrick@example.org,85,IL,32291.9,2025-01-30
8531,Hailey,Martinez,christopher55@example.org,44,FL,35086.34,2024-08-01
8532,John,Hubbard,patriciamorrison@example.net,73,NY,5335.15,2024-01-06
8533,Jeffrey,Morse,janetrandall@example.net,84,TX,21214.66,2024-05-13
8534,Kara,Crawford,,84,TX,5641.14,2026-03-07
8535,Sherry,Price,lindaphillips@example.com,78,TX,21927.04,2024-01-14
8536,Ashley,York,wrightchristopher@example.org,84,MA,33199.78,2026-05-18
8537,Nathan,Monroe,irwincolleen@example.org,38,TX,3283.64,2023-05-22
8538,Karla,Kelly,martinronald@example.net,23,CA,43241.88,2024-06-08
8539,Robert,Johnson,jesseyoung@example.com,60,IL,10368.97,2022-02-19
8540,John,Richards,geraldcortez@example.net,42,CT,17826.85,2025-01-16
8541,Justin,Cole,christophermorales@example.net,26,WA,17388.88,2022-02-22
8542,Lori,Wilkins,mariaramirez@example.org,59,FL,35279.46,2025-11-18
8543,Jacob,Dixon,christian23@example.com,65,MA,18237.3,2023-06-04
8544,Stephanie,Erickson,victoria51@example.com,48,MA,28925.12,2025-06-06
8545,Jesse,Davidson,jonesmatthew@example.com,83,PA,14114.43,2025-11-02
8546,Stanley,Wood,mullennathan@example.net,67,TX,32972.91,2021-12-31
8547,Peter,Compton,matthew17@example.org,30,FL,45271.08,2025-07-19
8548,Paul,Moore,,79,CA,27977.9,2025-12-22
8549,Kevin,Webb,nicholethompson@example.net,26,CA,26971.29,2022-04-05
8550,Sydney,Pope,mark19@example.com,52,TX,21387.85,2025-03-01
8551,Logan,Cruz,natasha18@example.net,80,WA,43450.35,2021-09-16
8552,Mathew,Foley,stonejessica@example.net,18,MA,323.0,2025-04-24
8553,Linda,Ortega,kayla07@example.net,83,CA,10225.43,2023-08-15
8554,Daniel,Austin,valenciachristina@example.net,77,PA,23949.49,2024-05-05
8555,Brittany,Murphy,perezdaniel@example.com,67,TX,29626.35,2021-09-28
8556,Meghan,Leblanc,estone@example.com,46,CT,15832.79,2023-11-14
8557,Jose,Richards,hendersontodd@example.com,65,XX,8230.33,2026-01-15
8558,Ryan,Williams,zjordan@example.net,34,IL,18530.83,2024-04-22
8559,David,Coleman,andrewsanford@example.com,56,TX,5324.77,2022-05-12
8560,Zachary,Mcdonald,lindsey15@example.com,-10,NJ,40189.59,2026-04-20
8561,Christopher,Richardson,rosskristen@example.net,77,MA,47068.84,2023-05-02
8562,Daniel,Tran,millererika@example.com,18,IL,45804.87,2026-07-22
8563,Amanda,Gonzalez,hansenluke@example.net,78,PA,44300.05,2022-11-23
8564,Paula,Lin,qbrooks@example.org,19,FL,38276.29,2025-02-10
8565,Oscar,Stewart,taylorclifford@example.org,46,IL,43251.46,2025-06-08
8566,Justin,Lopez,ncastro@example.net,39,FL,39667.91,2025-07-12
8567,Patrick,Montgomery,odavis@example.net,78,INVALID,45992.69,2024-10-20
8568,Lori,Marshall,rodriguezamy@example.com,32,NY,43940.99,not-a-date
8569,Connie,Jackson,nicole02@example.org,82,ZZ,7010.43,2024-03-24
8570,Sean,Villa,bradleymedina@example.com,34,FL,32623.66,2025-04-14
8571,Philip,Summers,aaron62@example.net,67,MA,54.84,2026-03-15
8572,Douglas,Elliott,edwardnorman@example.net,25,NJ,22129.27,2025-07-21
8573,Jennifer,Harris,ajackson@example.net,28,PA,3659.17,2024-06-16
8574,Melissa,Gonzalez,zanderson@example.org,36,INVALID,7040.61,2025-08-14
8575,Billy,Sanders,tara90@example.com,55,CT,24442.99,2026-04-28
8576,Tyler,Richmond,stephenwade@example.com,24,CA,36942.97,2025-07-05
8577,Nicholas,Kramer,vaughankatrina@example.net,79,FL,49272.78,2022-08-26
8578,Jennifer,Castro,anneblack@example.com,30,WA,41710.93,2026-04-01
8579,Brett,Hahn,lfreeman@example.com,72,NY,33892.79,2022-04-23
8580,Jennifer,Hubbard,pattersonstacey@example.org,78,NY,18809.91,2023-11-22
8581,Christina,Norman,johnsonkari@example.com,130,CA,38594.04,2022-05-13
8582,Garrett,Daniel,veronicalane@example.net,69,FL,20335.98,2026-03-24
8583,Laura,Smith,ealvarez@example.com,23,WA,30470.0,2024-12-20
8584,Patricia,Evans,traceycampbell@example.org,66,IL,42734.72,2021-11-08
8585,Stephanie,Oliver,lisadavis@example.org,42,CT,38948.93,2026-08-13
8586,Thomas,Castaneda,johnsonjack@example.net,20,NJ,30749.66,2023-05-03
8587,Kimberly,Gross,tylerleon@example.net,64,PA,8073.84,2022-09-16
8588,Heather,Palmer,raymondbruce@example.com,54,PA,49320.68,2022-07-28
8589,Robin,Garcia,nicolerandolph@example.net,66,CA,9813.83,2026-08-03
8590,Michael,Clarke,sandrawalsh@example.net,76,WA,10014.54,2026-01-27
8591,Amy,Mckinney,yvette19@example.com,41,PA,41889.43,2023-01-12
8592,Andrea,Haynes,robert74@example.net,27,CT,12193.86,2026-01-12
8593,George,Jackson,qwaller@example.org,19,FL,1062.56,2025-09-19
8594,Alan,Russell,sdavis@example.net,54,FL,33588.09,2025-02-18
8595,Todd,Taylor,lisa88@example.com,71,NJ,38113.15,2026-03-16
8596,Tammy,Russell,gainesjoseph@example.org,60,FL,39429.54,2022-01-18
8597,Ryan,Johnson,mooredana@example.net,32,NY,45393.64,2025-11-18
8598,Danny,Spencer,,60,ZZ,37261.08,2022-07-11
8599,Craig,Silva,ubishop@example.org,30,NJ,3462.14,2023-09-04
8600,Howard,Bennett,taylor02@example.org,37,TX,445.67,2023-07-13
8601,Chad,Collins,hardindavid@example.com,82,NJ,6727.52,2022-09-14
8602,Brenda,Burgess,adam56@example.net,62,IL,28591.03,2025-02-21
8603,Justin,Avery,tmcgee@example.com,44,CT,42234.77,2022-06-30
8604,Joshua,Kidd,isolomon@example.com,61,WA,22785.72,2025-01-03
8605,Carlos,Hensley,djohnson@example.com,44,MA,15932.23,2022-12-20
8606,Douglas,Clark,sarah57@example.org,82,IL,35686.5,2024-07-07
8607,Charles,Graham,sgonzalez@example.org,63,FL,44721.54,2025-11-24
8608,Charles,Thomas,garciaangel@example.net,41,NY,14184.4,2024-06-04
8609,Chris,Hall,talvarado@example.net,69,FL,28506.72,2022-04-16
8610,Brittany,Simpson,zacharywalker@example.net,50,TX,12123.3,2023-02-03
8611,Steven,Jefferson,jessicathomas@example.com,82,TX,49247.56,2021-11-30
8612,Elizabeth,Evans,davidanderson@example.net,67,CT,33938.93,2023-11-10
8613,Lisa,Davis,brandon04@example.net,48,PA,1147.29,2026-02-28
8614,Janice,Ward,josephadams@example.net,44,NY,47120.56,2023-01-14
8615,Marissa,Warner,roy66@example.org,81,PA,40864.34,2024-08-25
8616,Christopher,Mason,taylorsamantha@example.com,70,TX,18243.36,2022-09-01
8617,Michael,Fry,dana97@example.net,84,PA,15518.9,2022-12-31
8618,Taylor,Kline,rkelly@example.com,60,ZZ,42915.57,2024-12-06
8619,Tyler,Sanders,kbrock@example.net,39,FL,33490.53,2022-02-04
8620,Kevin,Dixon,wstark@example.net,55,NJ,1969.88,2026-05-30
8621,Regina,Lewis,kimberly21@example.com,22,PA,1039.56,2026-08-08
8622,Jonathan,Gomez,monicacampbell@example.com,68,NJ,4318.03,2025-02-01
8623,Dean,Torres,invalid-email,66,NJ,15981.48,2022-08-04
8624,Sheryl,Williams,cookwayne@example.net,21,IL,38284.51,2026-06-01
8625,James,Diaz,richard05@example.net,53,MA,41195.08,2024-12-17
8626,Amanda,Perez,ngomez@example.com,81,NY,20032.22,2024-07-07
8627,Antonio,Flores,kathydavis@example.net,43,NJ,43955.41,2021-11-17
8628,Michael,Schmitt,brian35@example.com,43,MA,16013.41,2026-02-23
8629,Nathan,Clark,crowland@example.org,71,MA,19069.47,2025-04-05
8630,Cathy,Evans,haleywilliams@example.net,43,NJ,4470.46,2024-06-08
8631,Brenda,Smith,vickigarcia@example.net,25,NJ,36119.09,2025-10-25
8632,Michael,Lozano,autumn59@example.org,24,IL,41037.77,2026-03-14
8633,Chad,Neal,hamiltonmatthew@example.org,48,NY,27652.22,2023-07-12
8634,Brandon,Gardner,brewerkatie@example.org,84,NY,36355.92,2022-04-13
8635,Bradley,Wright,james36@example.org,57,IL,48358.83,2026-01-06
8636,Joseph,Serrano,harrisoneric@example.org,40,IL,32184.86,2024-11-26
8637,Matthew,Collins,baxtercory@example.com,47,CA,34951.02,2026-02-13
8638,Ricky,Jimenez,nicolaswilson@example.org,53,NY,16755.15,2024-01-09
8639,Gilbert,Brooks,michael35@example.com,41,WA,34147.14,2024-10-07
8640,Carol,Mcintosh,christopherbeck@example.org,47,NJ,46173.12,2022-03-21
8641,Linda,Stokes,cordovapriscilla@example.org,46,FL,20857.95,2023-03-08
8642,Jonathan,Estrada,iterry@example.net,29,MA,38515.72,2022-03-10
8643,James,Benson,fdudley@example.com,68,PA,26689.48,2022-10-07
8644,Joshua,Dalton,hinesaaron@example.com,21,IL,39443.48,2023-09-23
8645,Daniel,Anderson,jennifer84@example.net,28,PA,49252.27,2024-06-03
8646,Jonathan,Hayes,,72,IL,3338.99,2021-10-08
8647,Kenneth,Rodriguez,melissalopez@example.org,56,FL,44706.47,2022-09-08
8648,Heather,Farley,bryan75@example.org,50,FL,42340.21,2024-02-21
8649,Emily,West,paul82@example.com,62,MA,3682.51,2026-06-05
8650,Jose,Rojas,zhansen@example.com,29,NJ,48973.91,2022-01-27
8651,James,Murillo,katrina79@example.org,45,XX,418.35,2026-03-31
8652,Adam,Burnett,parkcandace@example.com,73,FL,46493.43,2025-12-17
8653,Ariel,Sosa,paul36@example.com,75,WA,25191.91,2023-08-26
8654,James,Durham,katherineyang@example.net,35,NY,27884.98,2022-07-11
8655,April,Wright,fcook@example.org,33,CT,6996.54,2022-03-22
8656,Christopher,Miller,melaniehoward@example.net,72,WA,11639.03,2022-08-02
8657,Christine,Hudson,rachelduke@example.net,70,CA,32381.94,2025-10-07
8658,Kelsey,Bartlett,macknicole@example.com,31,TX,40614.72,2025-05-07
8659,Katherine,Reyes,brian87@example.com,72,FL,34503.96,2023-02-27
8660,Steven,Smith,amy33@example.com,30,IL,24761.98,2024-02-17
8661,Theresa,Moore,josephreese@example.org,68,PA,32910.1,2022-10-16
8662,Mark,Williams,jason93@example.net,45,TX,46341.85,2025-08-18
8663,Elizabeth,Velasquez,sjohnson@example.org,73,IL,26298.23,2025-12-29
8664,James,Warner,christinegreene@example.net,63,NJ,4389.08,2023-02-10
8665,Sandra,Mcgee,yramirez@example.com,68,PA,22994.51,2025-08-28
8666,Robert,Frazier,heathelizabeth@example.net,69,PA,29606.23,2024-10-23
8667,Sandra,Jenkins,,41,TX,21612.77,2024-08-14
8668,Carla,Collins,weissgregory@example.net,74,IL,41540.13,2023-09-11
8669,Marco,Blankenship,stevenmartinez@example.net,83,NJ,28493.8,2025-04-08
8670,Cassandra,Lynn,hansonbrenda@example.org,42,FL,32179.07,2025-10-10
8671,Jeremy,Evans,lruiz@example.org,28,INVALID,49475.52,2022-03-25
8672,Wayne,Campbell,bradley14@example.com,59,PA,9363.07,2025-07-12
8673,Aaron,Thompson,christophervargas@example.com,18,FL,14571.7,2022-03-08
8674,Debra,Gomez,feliciablack@example.net,48,CA,28280.03,2022-12-11
8675,Jessica,Cisneros,fowlerwilliam@example.org,31,PA,16172.94,2022-12-15
8676,Mark,Mcconnell,saracamacho@example.net,79,FL,23242.66,2024-06-17
8677,Darrell,Rodriguez,worr@example.net,73,CA,-4582.17,2026-03-11
8678,Lisa,Spears,vchristensen@example.org,81,TX,14819.29,2023-08-04
8679,David,Gordon,djohnson@example.org,42,IL,18467.88,2025-03-06
8680,James,Chavez,riosfrank@example.org,21,CA,1466.31,2023-07-08
8681,William,Rodriguez,adrianhickman@example.com,27,CT,6239.92,2024-03-15
8682,Kimberly,Mcpherson,ndowns@example.net,74,NY,44597.08,2023-04-15
8683,Cindy,Mathews,swalters@example.com,67,CA,24142.3,2023-07-03
8684,Joseph,Diaz,wthompson@example.com,42,WA,3498.55,2024-08-10
8685,Kristy,Carroll,kimberly52@example.org,35,WA,47863.31,2024-08-19
8686,Cheryl,Olson,whitecrystal@example.net,63,TX,17545.94,2023-01-18
8687,Ann,Flores,megan22@example.org,29,IL,26643.84,2023-03-29
8688,Jessica,Shaw,ymahoney@example.net,28,NY,42075.68,2022-03-09
8689,Caroline,Sandoval,pwest@example.net,57,IL,21426.53,2023-06-18
8690,Michelle,Young,anthonyross@example.org,25,CA,38693.39,2022-05-12
8691,Brett,Sims,vmiller@example.com,18,WA,9181.78,2026-06-19
8692,Michael,Gallegos,mlopez@example.com,52,WA,35200.3,2024-11-16
8693,David,Nash,chadbailey@example.com,41,IL,47394.71,2024-10-22
8694,Mary,Nelson,,80,CA,31972.6,2021-11-20
8695,Dawn,Lewis,,24,MA,32128.02,2024-12-21
8696,Brian,Cruz,rcarey@example.com,36,WA,9808.85,2023-04-20
8697,Wayne,Velez,cooktammy@example.org,33,NY,36554.32,2024-04-15
8698,Andrea,Rivera,ian88@example.net,37,CA,31681.0,2023-12-24
8699,Jessica,Griffin,anelson@example.org,26,IL,19571.25,2021-09-07
8700,Natalie,Davis,michelle82@example.net,22,FL,13761.85,2023-11-20
8701,Mary,Watson,lmiller@example.com,20,TX,33078.38,2024-12-27
8702,Heather,Wallace,alexis09@example.com,62,PA,49773.18,2021-11-17
8703,Joseph,Guerrero,brent71@example.net,38,MA,42549.1,2022-07-02
8704,Luke,Marsh,urodriguez@example.com,70,WA,10541.03,2024-10-05
8705,Ian,Hobbs,moodystacey@example.net,33,IL,783.86,2025-09-02
8706,Jessica,Brown,andrea13@example.org,39,NJ,682.0,2026-02-06
8707,Terri,Shannon,james16@example.net,81,MA,990.65,2024-09-25
8708,Cynthia,Combs,gomezdavid@example.org,35,CT,39274.82,2022-12-12
8709,Laura,Brown,,67,TX,6944.64,2025-07-22
8710,Rebecca,Trevino,xhodge@example.com,75,CA,11960.9,2023-07-19
8711,Taylor,Sandoval,cruzalejandro@example.org,54,NJ,34864.31,2026-04-13
8712,Jennifer,Brown,wroberts@example.org,59,FL,44206.48,2022-01-26
8713,Jermaine,Arnold,andrew14@example.net,29,CT,15253.78,2023-01-13
8714,Shawn,Smith,rhondariddle@example.org,65,TX,33914.47,2023-03-28
8715,Craig,Lee,michellehamilton@example.com,81,CT,2484.98,2026-02-22
8716,Michael,Moore,jonessarah@example.org,66,IL,45160.91,2023-02-06
8717,Andrea,Mahoney,robertdunn@example.org,44,CA,32297.06,2025-12-31
8718,Paul,Ryan,markfields@example.com,50,CA,10943.49,2022-10-31
8719,Jamie,Mccarty,ifrench@example.com,60,NY,14034.37,2023-09-03
8720,Jennifer,Ortiz,mark68@example.net,72,IL,48759.16,2025-11-15
8721,Scott,Yu,natalieharvey@example.com,71,CA,46373.92,2024-06-21
8722,Brittany,Rivera,whitecrystal@example.net,83,MA,33312.85,2025-05-15
8723,Monica,Cardenas,christina07@example.net,52,IL,9914.96,2025-02-08
8724,Kyle,Gibson,john02@example.org,55,IL,37070.47,2021-12-03
8725,Lisa,Wells,diana50@example.net,47,CA,32745.71,2026-08-17
8726,Sarah,Hawkins,francoyolanda@example.net,72,PA,42733.8,2022-11-18
8727,Ricky,Jensen,johnsoncharles@example.net,81,INVALID,21708.83,2025-03-11
8728,Amber,Neal,thomasbrown@example.org,68,CT,25879.26,2021-11-07
8729,Stephen,Romero,joshua44@example.com,48,PA,1464.93,2025-12-02
8730,Jerry,Esparza,michaelharrison@example.org,76,FL,18245.93,2026-07-02
8731,Renee,Brown,charles10@example.net,78,NJ,46215.58,2022-12-29
8732,Jessica,Shelton,richardvillanueva@example.net,55,MA,7953.41,2024-10-30
8733,David,Russell,christopher62@example.net,70,WA,28042.63,2026-01-09
8734,Alex,Smith,tmay@example.net,50,CT,12192.75,2025-07-27
8735,Kyle,Ellis,lmartin@example.net,73,WA,34525.44,2023-06-23
8736,Sheri,Jordan,christiancampos@example.net,22,CA,1188.96,2022-10-16
8737,Justin,Hansen,griffithtravis@example.org,57,CA,39985.49,2023-12-13
8738,Michelle,Mcmahon,garzatina@example.net,64,NJ,29794.04,2021-11-01
8739,Seth,Ruiz,christophersmith@example.org,52,TX,23174.05,2025-09-21
8740,Luis,Cochran,uterrell@example.net,19,NJ,22894.28,2022-09-23
8741,Mark,Stephens,nealmichael@example.org,53,PA,45888.3,2024-10-05
8742,Autumn,Williams,simpsonsandra@example.com,43,WA,2283.92,2025-12-27
8743,Thomas,Perez,hbarton@example.net,77,FL,11363.83,2026-07-01
8744,Dalton,Schmitt,,80,PA,42226.82,2023-10-30
8745,Melissa,Hines,nguyentiffany@example.net,58,CT,31746.81,2026-03-27
8746,Patricia,Nichols,cmcknight@example.com,62,NJ,12084.46,2022-05-09
8747,Jeffrey,Kim,tsullivan@example.com,21,NY,21085.51,2024-01-10
8748,John,Larsen,briana60@example.com,60,IL,49640.34,2025-07-22
8749,Gregory,Walters,stephanieflynn@example.org,32,CA,1922.58,2022-09-05
8750,Anthony,Bryant,darrellphelps@example.net,34,NJ,14994.87,2026-06-27
8751,Rachel,Graham,ypowers@example.net,61,NJ,32896.68,2024-10-14
8752,Haley,Woods,gary90@example.net,30,CT,10485.89,2025-09-03
8753,George,Weaver,kelly06@example.net,47,NY,6963.46,2024-04-08
8754,Martin,Hunter,traceyjones@example.org,77,WA,13241.16,2024-12-27
8755,Lisa,Perez,morsekenneth@example.org,47,MA,37529.84,2024-01-09
8756,Mark,Clark,robert50@example.com,60,MA,3933.47,2023-03-12
8757,Gary,Johnson,gail41@example.com,30,NY,7111.81,2026-04-17
8758,Christopher,Hardy,state@example.org,63,WA,1459.62,2024-01-25
8759,Brian,Walker,invalid-email,39,TX,17898.49,2022-12-17
8760,David,Anderson,simmonsmorgan@example.com,76,CT,7449.36,2021-09-27
8761,Monica,Sherman,steeleamanda@example.com,73,TX,45305.53,2023-09-23
8762,Sara,Goodwin,burtonbrett@example.net,62,NY,34595.04,2024-02-22
8763,Scott,Taylor,stephaniewoods@example.org,85,CA,24795.51,2021-09-20
8764,Kari,Shepard,jpitts@example.org,85,MA,27700.36,2023-07-12
8765,Carmen,Hampton,ogalvan@example.com,62,CA,14627.78,2024-09-23
8766,Pamela,Boyd,fbeltran@example.net,28,CT,31596.04,2023-04-04
8767,Barry,Moreno,katherine91@example.net,73,NJ,39909.32,2023-02-02
8768,Paul,Jones,lfrench@example.org,28,WA,11607.52,2026-06-06
8769,Douglas,Brown,,30,NY,23831.82,2024-03-13
8770,Thomas,Wade,swagner@example.net,56,CA,41439.87,2025-05-14
8771,Thomas,Macias,ingramjonathan@example.net,58,INVALID,34431.89,2026-01-06
8772,Shelley,Ford,jefferywade@example.net,22,TX,6785.62,2022-02-02
8773,Brenda,Russell,angela13@example.org,250,IL,42260.05,2025-11-06
8774,Kevin,Donaldson,nicolejohns@example.com,71,FL,9989.82,2024-11-03
8775,Peter,Wilson,john93@example.org,74,CT,19263.56,2023-05-08
8776,Kristin,Miller,kschwartz@example.com,35,NY,33390.04,2021-08-25
8777,Sandra,Gray,francoaustin@example.net,78,CA,48166.14,2026-03-11
8778,Jacqueline,Armstrong,mcguirechristopher@example.net,39,TX,12866.41,2022-08-24
8779,Eddie,Horton,bnguyen@example.com,30,PA,37662.87,2025-07-02
8780,Kerry,Smith,trananna@example.net,21,IL,12876.93,2023-06-13
8781,Brian,Perez,tturner@example.org,33,IL,48785.34,2023-07-22
8782,Charles,Morgan,gabriel61@example.net,74,TX,7989.19,2026-06-15
8783,Erica,Anderson,murphyjennifer@example.org,25,TX,28551.0,2022-05-30
8784,Laura,Tyler,krystallewis@example.com,28,WA,41612.9,2022-08-31
8785,Brandon,Hughes,debramontoya@example.net,48,NJ,39504.98,2024-07-30
8786,Carolyn,Brandt,stacey37@example.net,48,WA,29885.64,2026-06-24
8787,Michael,Dodson,dawn08@example.net,27,TX,37236.58,2025-12-02
8788,Mitchell,Johnson,tanyarogers@example.com,-10,CT,16779.34,2025-05-09
8789,James,Cruz,heather33@example.org,60,WA,41075.3,2026-04-22
8790,William,Blackwell,jessica52@example.net,36,PA,45718.98,2026-03-22
8791,Mackenzie,Morris,lisa28@example.com,71,FL,11378.2,2026-08-16
8792,Sandra,Green,karendoyle@example.org,30,PA,47613.41,2023-05-22
8793,Leslie,Schroeder,youngjessica@example.net,45,CT,39082.23,2022-09-13
8794,Michael,Garcia,danielmartinez@example.net,85,IL,26529.63,2025-02-17
8795,Travis,Mcmahon,sharrison@example.net,22,CT,25104.09,2021-11-25
8796,Henry,Bean,judithwood@example.net,29,ZZ,32510.64,2022-07-06
8797,Sandra,Jones,joneszachary@example.org,25,XX,18464.87,2026-05-10
8798,Andrea,Bates,romerobrenda@example.org,49,TX,14889.0,2026-01-22
8799,Jamie,Burke,lopezlinda@example.net,23,PA,27648.85,2022-01-16
8800,Deanna,Hart,bshort@example.org,48,NY,12315.83,2021-09-20
8801,Katherine,Berger,annarussell@example.net,34,FL,18090.59,2025-04-17
8802,Cynthia,Gardner,joel58@example.com,65,FL,18929.84,2022-07-12
8803,Amy,Ware,william80@example.com,41,WA,30481.69,2026-07-12
8804,Alicia,Ayala,lhopkins@example.com,32,CA,14640.23,2024-02-18
8805,Stephen,Hawkins,whitejustin@example.com,21,CT,31435.54,2022-12-31
8806,Sarah,Douglas,rnelson@example.org,42,NY,26066.86,2025-01-31
8807,Stacey,Silva,jjohnson@example.net,43,CT,12436.58,2021-10-31
8808,Todd,Watson,lauramcfarland@example.net,65,MA,45767.58,2022-12-13
8809,Brandi,Johnson,steven89@example.net,28,NJ,34283.8,2025-07-05
8810,Lisa,Summers,deborahlawson@example.org,38,WA,24190.45,2023-04-24
8811,Cindy,Kelly,,33,NY,16034.66,2026-05-15
8812,Joshua,Deleon,amber45@example.com,70,PA,34166.0,2023-04-03
8813,Robert,Knight,denisejackson@example.com,32,FL,30247.83,2022-08-01
8814,Jorge,Fleming,hunterchad@example.com,67,CA,40444.89,2023-06-06
8815,Marisa,Watkins,ttrujillo@example.com,75,MA,42861.65,2023-02-28
8816,Rodney,Brooks,sarah08@example.net,83,NY,42092.65,2024-08-31
8817,Sara,Bell,williamsbradley@example.org,36,WA,4169.06,2022-02-10
8818,Misty,Mcmillan,donnamckenzie@example.com,24,IL,24458.59,2026-02-07
8819,Robyn,Butler,hdorsey@example.com,37,PA,4897.51,2025-11-26
8820,Glenn,Beasley,,49,TX,28360.01,2023-10-22
8821,Laurie,Nelson,amanda61@example.net,27,CA,22132.68,2022-03-06
8822,Justin,Gonzales,scott82@example.com,76,TX,38900.7,2024-11-21
8823,Laura,George,reidrhonda@example.net,32,NJ,17949.24,2024-12-04
8824,Sherry,Crane,walkermichael@example.net,83,FL,24366.19,2025-02-17
8825,Kathryn,Marshall,rodney43@example.org,74,CT,17312.85,2023-02-13
8826,Adam,Mann,vbrown@example.com,28,CA,43169.44,2025-07-31
8827,Daniel,Villegas,jamieochoa@example.com,25,CT,13708.2,2025-12-14
8828,Yvette,Francis,rhardy@example.com,24,NJ,40443.23,2025-02-17
8829,Cindy,Henderson,colinpetty@example.com,40,NJ,6546.61,2022-10-21
8830,Jonathan,Hines,invalid-email,66,IL,12201.79,2022-03-30
8831,Julie,Richard,patrickorr@example.org,81,IL,30645.89,2026-03-26
8832,Brandon,Park,terry88@example.com,45,CT,31897.56,2023-09-23
8833,Tammy,Watson,dennis11@example.net,25,PA,29722.27,2023-09-24
8834,Nancy,Thompson,reginaldpaul@example.org,82,TX,22629.45,2022-01-11
8835,William,Davis,ccochran@example.net,68,NJ,11886.99,2022-11-29
8836,Andrea,Jones,stevenlucas@example.net,24,CT,425.44,2026-01-21
8837,Kim,Brady,alicia88@example.org,44,CT,20404.35,2023-12-20
8838,Holly,Nelson,ryan57@example.net,76,CA,14879.87,2022-02-25
8839,Lauren,Drake,wwalsh@example.org,26,IL,35549.17,2023-03-21
8840,Joshua,Sanford,dmitchell@example.org,36,MA,39440.38,2023-03-10
8841,Heather,Sparks,shanebentley@example.net,82,INVALID,2232.68,2023-11-28
8842,Sandra,Martinez,ramosdavid@example.org,49,IL,33251.54,2023-10-02
8843,William,Sutton,riverajoseph@example.org,75,PA,3583.55,2025-10-14
8844,Scott,Lawrence,shayes@example.org,58,NY,12184.22,2022-12-27
8845,Dakota,Collier,samantha88@example.com,53,TX,3005.32,2022-01-19
8846,Ralph,Lee,michealwalton@example.org,57,PA,7444.86,2023-08-17
8847,David,Wagner,vflores@example.com,30,MA,26770.86,2025-03-25
8848,Walter,Johnson,campbellcarlos@example.org,39,CA,39804.71,2026-07-08
8849,Kirsten,Carlson,hgarza@example.net,40,NJ,38547.41,2023-04-20
8850,Rick,Smith,qmoran@example.com,43,NY,44074.19,2025-01-25
8851,Ashley,Carson,trevormedina@example.org,67,IL,6077.92,2023-07-29
8852,Jennifer,Parrish,mperkins@example.org,70,MA,20766.8,2025-03-16
8853,Ashley,Fitzgerald,lisaporter@example.net,19,INVALID,26873.55,2024-07-07
8854,Vanessa,Potts,abigailhobbs@example.org,29,INVALID,49517.86,2026-02-27
8855,Jaime,Suarez,adam31@example.net,66,WA,631.52,2023-04-21
8856,Erin,Baldwin,zgreen@example.com,83,WA,35321.54,2023-01-23
8857,Johnny,Morris,jessicafranco@example.org,80,TX,24107.14,2026-04-24
8858,Rose,Murphy,kevin67@example.net,23,NJ,1156.74,2024-03-30
8859,Abigail,Guerrero,waltonpatricia@example.net,34,NY,12848.96,2023-04-16
8860,Timothy,White,andersonvirginia@example.net,30,NJ,48326.18,2022-05-18
8861,Kevin,Cowan,gglenn@example.com,19,FL,5707.0,2025-12-15
8862,Melissa,Mitchell,mccormickjohn@example.net,48,CT,28031.43,2023-12-09
8863,Samantha,Keller,amandadelacruz@example.org,21,IL,41897.49,2025-07-18
8864,Laura,Powell,,59,NY,9015.17,2025-01-25
8865,Matthew,Burton,invalid-email,76,NJ,26454.32,2021-09-09
8866,Derrick,Holloway,laura80@example.com,28,NY,44107.62,2023-07-21
8867,Gregory,White,tyler03@example.org,28,WA,13241.57,2024-11-01
8868,Wendy,Miller,stevenwalter@example.org,56,CA,12977.09,2021-12-05
8869,Amanda,Smith,jramirez@example.net,64,TX,30275.4,2025-09-26
8870,Ann,Rosales,michael79@example.org,36,WA,19771.39,2022-07-05
8871,Yolanda,Wolf,barkerjessica@example.org,61,TX,41135.13,2024-12-03
8872,Laurie,Evans,robinsoncourtney@example.org,-1,FL,21389.31,2021-08-19
8873,Nathan,Douglas,hbrown@example.net,28,MA,21959.54,2022-07-29
8874,Jonathan,Pacheco,ghill@example.com,32,XX,25023.8,2025-10-31
8875,Tanya,Martinez,hunterroberts@example.org,36,TX,12025.88,2024-12-26
8876,Misty,Mcgee,bryan02@example.org,63,TX,5327.59,2022-07-11
8877,Natalie,Moore,robinsonbecky@example.net,69,XX,46183.33,2022-04-24
8878,Jennifer,Edwards,campbelljacob@example.org,74,IL,10937.93,2023-03-21
8879,George,Garcia,kimberly91@example.com,21,CA,18172.82,2025-11-15
8880,Brian,Wolf,jeffrey21@example.org,44,FL,4922.28,2023-04-11
8881,Timothy,May,lisachase@example.net,85,FL,37371.99,2024-05-01
8882,Lauren,Randolph,cynthiapittman@example.net,23,PA,36471.93,2024-11-23
8883,Deborah,Watts,,45,CT,33360.84,2025-07-28
8884,Misty,Washington,andrewrodriguez@example.net,26,CT,14855.97,2025-05-15
8885,Mary,Garcia,joshua31@example.com,68,TX,8795.44,2025-02-01
8886,Yvonne,Miller,daniel04@example.net,72,MA,36376.06,2026-07-10
8887,Lisa,Boyd,russellelizabeth@example.com,18,CT,47571.4,2026-05-24
8888,Deborah,Johnson,jensenjacob@example.org,32,NY,40276.8,2025-02-28
8889,James,Wang,deborahbarnett@example.org,71,NY,34209.89,2024-09-06
8890,David,Andersen,brettlutz@example.com,40,NY,18729.66,2023-07-11
8891,Robert,Cross,beardronald@example.org,55,IL,11338.21,2026-02-06
8892,Douglas,Roth,linda01@example.org,68,IL,36856.1,2021-09-27
8893,Tiffany,Hayes,lauren32@example.com,250,TX,13096.59,2025-06-30
8894,Brandy,Shaffer,bcontreras@example.com,21,CT,19414.91,2024-05-31
8895,Michelle,Hicks,kcarey@example.org,66,IL,48847.87,2026-05-05
8896,Marcia,Dawson,lorithomas@example.net,67,WA,25525.69,2023-05-10
8897,Brandon,Smith,bchristensen@example.com,79,NJ,10822.53,2025-07-24
8898,April,Scott,,47,NJ,1415.34,2024-11-23
8899,Gabriel,Salinas,april90@example.com,46,FL,34145.57,2021-09-12
8900,Martin,Newman,jasminedunn@example.com,47,TX,36446.83,2026-02-18
8901,Theresa,Peterson,xturner@example.com,28,CA,28832.66,2025-01-07
8902,Megan,Thomas,,41,PA,38973.22,2023-03-14
8903,John,Nelson,jeremiah84@example.org,32,PA,24127.71,2021-09-26
8904,Dana,Butler,pwagner@example.org,25,TX,16491.53,2022-09-05
8905,Brent,Joseph,gordongrace@example.org,46,CT,3220.7,2024-11-05
8906,Ricardo,Morgan,,51,NJ,18856.02,2023-05-03
8907,Lindsey,Kim,christian74@example.net,36,INVALID,4709.39,2022-11-07
8908,Catherine,Reed,kingnancy@example.net,75,PA,6414.12,2026-08-13
8909,Dana,Turner,karismith@example.com,38,CT,23990.71,2023-01-12
8910,Michael,Shepard,whitealicia@example.org,84,MA,1021.11,2025-10-22
8911,Linda,Oneal,sarah94@example.com,32,FL,34826.17,2026-03-07
8912,Isaiah,Palmer,claireberry@example.net,69,NJ,42399.12,2024-02-20
8913,Stephen,Marks,samuelnixon@example.net,79,CA,33857.26,2025-10-05
8914,Robert,Robinson,christina55@example.org,85,WA,36454.92,2024-06-20
8915,Kylie,Torres,rschmidt@example.com,84,CT,41631.54,2025-03-08
8916,Carlos,Hamilton,williamhull@example.org,79,CT,29081.76,2026-08-15
8917,Veronica,Cortez,michaelmartin@example.org,75,WA,30013.37,2025-12-27
8918,William,Luna,patrick31@example.org,58,PA,46492.92,2023-10-21
8919,Patricia,Wood,peter63@example.org,35,NY,24516.63,2021-11-15
8920,Erin,Hoover,jamescarpenter@example.org,32,CT,27314.26,2022-01-10
8921,Randy,Phillips,oestrada@example.com,70,CA,49392.24,2025-10-26
8922,Katherine,Higgins,melinda46@example.net,63,ZZ,36888.47,2026-03-07
8923,Whitney,Peterson,hannahlee@example.net,31,NJ,21633.43,2025-10-20
8924,Patrick,Hernandez,qberg@example.net,81,MA,31592.13,2022-02-20
8925,Phillip,Aguirre,xknapp@example.com,58,TX,43078.53,2025-01-26
8926,Karen,Winters,,30,TX,10005.81,2022-11-07
8927,Michael,Hicks,westchristopher@example.com,30,PA,29818.88,2024-06-26
8928,Riley,Duncan,christinacosta@example.com,64,CA,22431.57,2026-02-02
8929,Dawn,Hickman,larryharris@example.net,40,TX,5167.79,2026-03-22
8930,Wesley,Stewart,robert83@example.com,57,WA,20526.04,2024-08-16
8931,Justin,West,chad33@example.net,80,IL,25355.83,2022-11-13
8932,Jodi,Brown,sosastacy@example.com,29,ZZ,41959.01,2024-01-09
8933,Kendra,Williams,justinbolton@example.org,45,IL,42647.28,2022-08-28
8934,Sarah,Franco,pattersonjodi@example.net,24,TX,26520.06,2024-12-13
8935,Samantha,Carr,burtonphilip@example.net,39,NJ,5691.43,2025-11-11
8936,Patrick,Spencer,hbennett@example.net,44,NJ,24979.55,2026-06-02
8937,Melissa,Winters,roy03@example.com,72,FL,17402.95,2026-01-06
8938,James,Jackson,david66@example.org,39,NY,19450.87,2022-05-08
8939,Corey,Howell,christopherwalker@example.com,42,TX,46046.16,2025-05-16
8940,Matthew,Graham,mhall@example.org,48,NY,23510.32,2023-07-10
8941,Erin,Randall,fleach@example.net,85,CA,13388.04,2024-02-09
8942,Frank,Cobb,robertmarquez@example.com,250,NJ,15523.61,2022-01-03
8943,Jonathan,Hale,zgomez@example.net,25,MA,23811.08,2026-08-01
8944,Terrence,Wilson,anthony22@example.com,38,WA,17862.86,2022-03-08
8945,Jennifer,Figueroa,lisascott@example.net,55,CA,25794.43,2025-02-28
8946,Lisa,Morgan,sthompson@example.com,60,IL,11245.37,2024-08-09
8947,Christopher,Jordan,robertoturner@example.net,71,MA,34004.12,2024-10-24
8948,Anthony,Larson,,33,PA,24091.45,2026-06-14
8949,John,Stone,henryalexander@example.net,53,MA,30187.83,2022-10-29
8950,Darrell,Long,amontes@example.com,37,PA,45538.8,2022-08-07
8951,John,Holden,patelmark@example.net,61,NY,21897.27,2024-04-23
8952,Amy,Cruz,scarroll@example.org,52,NY,41681.34,2023-03-03
8953,Christine,Clements,robert91@example.org,41,CA,27882.57,2021-11-05
8954,James,Acevedo,hbaxter@example.com,26,CT,41603.57,2022-09-11
8955,Heather,Gallagher,brian44@example.org,71,PA,45230.18,2026-04-17
8956,Charles,Sullivan,,31,PA,35333.42,2023-04-10
8957,Alicia,Lee,zdavis@example.org,69,NJ,6075.71,2023-02-01
8958,Zachary,Smith,edwardsdenise@example.com,68,MA,28572.42,2026-08-11
8959,Erin,Mills,tward@example.com,51,CA,12910.4,2025-07-17
8960,Melissa,Jackson,walterjones@example.org,44,IL,12584.46,2024-04-28
8961,Carmen,Thomas,matthewcampbell@example.com,47,NY,-2789.1,2025-01-23
8962,Matthew,Rangel,petersonjessica@example.org,45,NJ,30155.39,2024-11-22
8963,Suzanne,Vargas,david14@example.net,19,FL,29890.79,2023-05-25
8964,Erin,Bowman,mariarichardson@example.net,84,CA,38758.5,2023-08-23
8965,Jeremy,Lewis,daniel81@example.com,23,WA,21432.45,2022-08-10
8966,Samuel,Richards,natashamcpherson@example.org,57,CA,44096.46,2022-08-13
8967,Sara,Mcknight,randy36@example.net,77,PA,31481.89,2025-06-14
8968,Mathew,Williams,leonmark@example.org,22,IL,49263.57,2025-11-03
8969,John,Harris,lhernandez@example.org,40,NY,23045.11,2025-04-08
8970,Richard,Martinez,joselee@example.com,-10,CA,32542.52,2026-06-05
8971,Christopher,Hogan,prestonmarcus@example.com,130,TX,20023.0,2024-09-19
8972,Lori,Robinson,gsmith@example.org,26,NY,43867.24,2024-04-14
8973,Shannon,Anderson,qjohnson@example.com,45,WA,23523.43,2023-08-22
8974,Lauren,Murphy,pamelalowe@example.org,72,FL,1439.14,2023-12-26
8975,Danielle,Miles,xjohnson@example.net,35,NY,23941.09,2024-07-08
8976,Billy,Andrews,otorres@example.net,46,CT,48731.05,2026-03-08
8977,Tonya,Willis,joshuabenton@example.com,41,CT,6630.21,not-a-date
8978,Richard,Chambers,natasha63@example.org,39,PA,36748.76,2023-07-31
8979,Ricky,Rosario,christensenemily@example.org,52,NY,34417.27,2025-01-21
8980,Jason,White,perezraymond@example.org,85,MA,40537.92,2023-10-08
8981,Justin,Perez,danielsrobert@example.org,25,TX,33685.47,2022-08-15
8982,Anthony,Hardy,tara06@example.org,49,PA,36675.98,2024-03-03
8983,Chelsey,Cross,,73,CA,15427.06,2023-04-14
8984,Teresa,Garcia,hopkinsalicia@example.net,19,NY,44578.0,2025-04-22
8985,Brenda,Jones,wileykristine@example.net,30,CT,14509.46,2023-07-09
8986,Andrea,Rice,jameslang@example.net,39,CT,38038.96,2026-07-06
8987,Paul,Zuniga,vpatterson@example.com,52,PA,33470.1,2024-04-15
8988,Christina,Brown,singhjason@example.org,21,PA,34656.36,2022-10-31
8989,William,Chavez,broberts@example.com,49,CA,366.14,2022-10-17
8990,Elizabeth,Smith,nathanhayes@example.com,57,FL,20567.64,2022-12-17
8991,Jessica,Rogers,jon83@example.com,29,NY,33415.38,2024-10-19
8992,Amber,Mendoza,george09@example.com,83,TX,32868.5,2022-10-19
8993,Amy,Bailey,gina79@example.net,61,TX,49484.67,2025-04-09
8994,Julie,Lawrence,adamwilson@example.com,19,WA,40135.33,2025-09-29
8995,Renee,Johnson,trichardson@example.org,54,NY,15446.47,2026-08-19
8996,Jerome,Warner,katie76@example.org,62,MA,31049.86,2026-06-02
8997,Michelle,Padilla,timothylawrence@example.org,26,MA,23372.9,2024-08-23
8998,Robert,Cherry,jill89@example.com,58,CT,41540.9,2024-10-16
8999,Evelyn,Robinson,melendezmichael@example.com,35,CT,41938.54,2022-10-15
9000,Scott,Herman,boylehaley@example.com,29,WA,2790.13,2024-02-23
9001,Jonathan,Briggs,zpearson@example.net,40,TX,43003.9,2021-12-09
9002,Crystal,Lang,john29@example.org,27,NJ,32150.21,2023-06-27
9003,Jacob,Baker,,58,TX,15976.25,2022-12-05
9004,Ashley,Davis,connorjoseph@example.com,52,PA,37467.45,2024-03-28
9005,Timothy,Miranda,uaguirre@example.com,40,NJ,31708.67,2025-08-24
9006,Cameron,Mahoney,cruzjessica@example.org,40,MA,24014.25,2022-12-07
9007,Dorothy,Mccullough,xhines@example.net,66,TX,29154.3,2025-03-20
9008,Anthony,Morales,nicholejenkins@example.org,72,WA,8663.45,2025-11-07
9009,Rodney,Frederick,whitekatrina@example.net,39,WA,17348.71,2025-01-18
9010,Shelly,Daniels,orogers@example.com,47,IL,19186.17,2024-01-13
9011,Patrick,Myers,ronaldmaxwell@example.org,50,NY,41738.22,2026-03-28
9012,Michelle,Rodriguez,joshuahoffman@example.org,42,WA,33840.36,2023-06-03
9013,Joshua,Carr,rachel18@example.net,47,CT,6340.83,2023-05-16
9014,Carly,Jenkins,hannahcastillo@example.com,130,CT,110.03,2026-05-05
9015,Kristine,Hardin,dixonruth@example.com,72,PA,25619.36,2022-03-07
9016,Nathaniel,Barnes,jamesvaughn@example.net,42,CT,20505.58,2021-09-25
9017,Sean,Holder,sandrabuchanan@example.org,43,CT,33727.29,2022-04-11
9018,James,Browning,,47,MA,12867.71,2025-03-14
9019,Corey,Simmons,ashley97@example.org,78,CA,5126.38,2024-02-24
9020,Chad,Adams,halexander@example.com,85,TX,21809.0,2022-08-24
9021,Hailey,Gilbert,alexandrawheeler@example.com,50,NJ,25386.52,2022-05-06
9022,Jill,Marshall,hgilmore@example.org,64,CT,8786.39,2024-03-23
9023,Audrey,Knight,ginaramirez@example.net,49,IL,8829.75,2025-01-20
9024,Benjamin,Anderson,barnettolivia@example.org,35,IL,16488.47,2023-04-19
9025,Angela,Oconnor,ocampbell@example.org,20,FL,13449.43,2023-07-04
9026,Kevin,York,kimberly84@example.org,61,NJ,28880.89,2025-11-13
9027,Kevin,Juarez,sandra28@example.com,62,PA,48704.06,2023-07-30
9028,Taylor,Morgan,invalid-email,84,ZZ,49434.81,2023-09-05
9029,Ann,Jones,yvette39@example.org,52,FL,42176.4,2024-12-29
9030,Lisa,Mercer,juliaharris@example.org,19,MA,28465.91,2022-07-28
9031,Glen,Foster,mary81@example.net,72,CT,16337.96,2024-10-23
9032,Kyle,Hart,tatedustin@example.net,250,WA,4806.31,2023-02-11
9033,Laura,Hall,armstrongdavid@example.com,78,TX,16406.87,2024-01-06
9034,Elizabeth,Patterson,janet82@example.net,51,FL,6230.04,2026-05-11
9035,Christian,Jackson,eddie87@example.org,84,MA,226.51,2021-10-23
9036,Bailey,Bennett,ronald52@example.org,61,CT,6818.71,2024-10-09
9037,Kristi,Savage,richard44@example.org,83,FL,10613.33,2023-12-09
9038,Lauren,Roberson,jenniferhardin@example.com,53,CT,36978.59,2023-09-22
9039,Michael,Richardson,okeith@example.com,69,TX,25817.24,2025-07-18
9040,Brian,Lopez,gonzalescarlos@example.org,73,TX,22498.69,2024-06-18
9041,Robin,Sampson,teresa57@example.com,51,FL,820.06,2022-10-19
9042,William,Rice,tonyarowe@example.com,31,FL,35014.0,2024-05-30
9043,Gwendolyn,Stevens,alvarezkaylee@example.net,20,TX,29212.1,2025-01-28
9044,Stephanie,Bell,swilliamson@example.org,28,CT,31061.27,2025-03-22
9045,Thomas,Hoover,masontony@example.com,28,NY,1315.84,2026-03-19
9046,William,Davis,ricerebecca@example.org,45,IL,13035.5,2022-10-23
9047,Jamie,Holmes,invalid-email,75,NY,16836.12,2023-06-15
9048,Christian,Hodge,kathleensmith@example.org,79,CA,20941.57,2025-10-10
9049,Jonathan,Freeman,mccormickkari@example.org,59,NJ,32630.96,2023-10-21
9050,Mark,Hamilton,,27,IL,36398.57,2026-02-20
9051,Sandra,Oneal,egamble@example.com,72,NJ,34311.25,2023-09-30
9052,Jamie,Miller,kristystevens@example.com,67,FL,33109.32,2022-07-01
9053,Thomas,Hanna,seanbanks@example.org,51,WA,44340.92,2026-02-20
9054,Daniel,Dillon,thomas12@example.com,41,MA,14204.33,2025-01-22
9055,Julie,Ware,whitneyanderson@example.com,44,CA,30534.81,2024-07-28
9056,Patricia,Hughes,,73,WA,25856.15,2023-01-29
9057,Misty,King,bkim@example.org,20,CT,16210.26,2025-02-26
9058,Vincent,Key,millerandrew@example.org,20,CA,39076.99,2024-07-28
9059,Grace,Daniels,michaeljones@example.net,70,WA,39549.39,2023-05-18
9060,William,Nunez,tylertanner@example.com,47,FL,17157.78,2023-11-12
9061,Samantha,Hensley,kennethjennings@example.org,23,PA,41241.2,2024-09-02
9062,Tyrone,Rodriguez,jasonmartinez@example.com,51,PA,39770.24,2022-05-17
9063,Kathleen,Spencer,dawnwalker@example.org,73,NY,23581.44,2025-02-24
9064,Megan,Flores,franknicole@example.com,39,CA,40076.86,2021-11-17
9065,Sandra,Mitchell,anthony54@example.com,33,CT,47948.3,2023-04-01
9066,James,Phillips,mccallrobert@example.net,34,CA,2784.85,2021-11-01
9067,Thomas,Hogan,jennyevans@example.net,48,IL,16186.31,2026-05-18
9068,Joshua,Garcia,ehancock@example.net,130,TX,37228.41,2023-12-05
9069,Annette,Simpson,jodi60@example.org,66,CT,25708.11,2023-01-05
9070,Kimberly,Edwards,matthew94@example.org,27,TX,38029.56,2024-02-11
9071,Mitchell,Owens,zclark@example.net,49,IL,32341.25,2024-07-05
9072,Michael,Hayes,larry97@example.net,49,TX,42972.57,2026-05-21
9073,Frank,Moore,shari43@example.com,24,TX,9793.12,2024-08-14
9074,Sandra,Williams,frankvickie@example.net,83,CA,11036.74,2025-08-31
9075,Nathaniel,Boyer,taylortodd@example.org,28,NJ,38489.02,2024-03-04
9076,Barbara,Young,bjohnson@example.net,36,FL,27463.57,2022-12-06
9077,Chase,Branch,kadams@example.com,66,WA,16673.18,2025-10-19
9078,Angela,Anderson,rebeccajames@example.org,44,NJ,37954.6,2022-12-12
9079,Chad,Rivera,danielvelez@example.com,82,CA,7371.49,2024-12-20
9080,Kimberly,Lynch,murphylaura@example.net,80,FL,17513.91,2023-04-10
9081,Dale,Richards,ortizbruce@example.com,66,FL,2438.63,2023-09-25
9082,Kristen,Martin,macdonaldcharles@example.net,45,TX,16377.4,2023-06-11
9083,Brian,Townsend,invalid-email,36,NJ,47267.72,2024-10-10
9084,John,Hernandez,murraywendy@example.com,72,INVALID,12686.47,2021-08-30
9085,Christina,Warren,xray@example.net,54,MA,31443.4,2022-09-10
9086,Kristen,Ball,joan45@example.net,51,TX,25433.5,2021-12-14
9087,Kerry,Mcgee,aprilyoung@example.com,66,MA,11631.46,2026-06-20
9088,Billy,Gibson,hornandrea@example.com,27,PA,9808.81,2024-05-22
9089,Derrick,Arnold,fcross@example.org,65,FL,33981.38,2024-07-27
9090,Yolanda,Payne,cynthiajennings@example.org,29,FL,35703.22,2025-01-24
9091,Matthew,Middleton,apoole@example.net,24,FL,44139.77,2022-02-06
9092,Levi,Spencer,pauljames@example.org,33,FL,15072.66,2021-10-25
9093,Melanie,Harris,frankrussell@example.com,63,FL,23077.54,2022-07-10
9094,Robert,Patterson,christinamason@example.com,72,PA,33760.1,2025-07-14
9095,Brittany,Torres,cummingsanthony@example.net,35,TX,12250.15,2025-02-20
9096,Helen,Thompson,wharris@example.net,68,FL,26909.14,2025-01-25
9097,Gregory,Collins,marthacannon@example.org,23,IL,30712.66,2022-10-14
9098,Michael,Fuller,geoffreyjordan@example.net,80,FL,13248.31,2025-07-19
9099,Christopher,Bowers,pthompson@example.net,81,CA,30663.79,2022-07-22
9100,Taylor,Gonzalez,tiffanyschmidt@example.org,54,MA,47047.45,2022-09-29
9101,Mark,Robinson,devon00@example.org,82,CA,6916.87,2024-10-22
9102,Amber,Rodriguez,samanthasanchez@example.org,63,INVALID,22306.26,2024-01-13
9103,Alicia,Mays,michaelcharles@example.org,76,CT,43908.88,2022-06-19
9104,Derek,Garrett,,21,MA,23809.91,2021-12-06
9105,Anthony,Lang,marvin05@example.net,77,TX,27878.63,2021-11-20
9106,Brianna,Ray,franklinjennifer@example.org,54,NJ,13256.92,2023-03-29
9107,Anthony,Lara,millerheather@example.com,37,NJ,47914.88,2021-09-30
9108,Isabel,Rodriguez,jessicacooper@example.org,79,TX,23362.29,2022-03-14
9109,Garrett,Gordon,brian82@example.com,28,CT,29838.64,2023-12-21
9110,Bob,Knight,asanchez@example.com,62,MA,14902.38,2024-09-18
9111,Cody,Jacobs,trevorbarry@example.org,27,CA,37719.06,2024-08-19
9112,Anthony,Wood,david68@example.net,44,MA,2969.75,2025-08-07
9113,David,Simpson,kbrown@example.com,250,NJ,32167.49,2024-05-29
9114,Laura,Phillips,matthewcarlson@example.org,23,WA,42555.29,2023-12-21
9115,Nancy,Yu,kevindillon@example.net,22,TX,18630.03,2026-07-15
9116,Julia,Gomez,feliciapugh@example.net,-10,IL,7500.76,2025-03-28
9117,Thomas,Smith,englishandrea@example.com,55,CT,17170.26,2025-04-15
9118,James,Lucas,megan58@example.com,85,CA,32734.71,2024-02-29
9119,Charles,Gardner,shannon17@example.org,72,CA,12300.09,2023-11-05
9120,Shannon,Kennedy,dblankenship@example.org,41,MA,43245.96,2021-12-03
9121,Lisa,Price,mitchellkimberly@example.org,250,TX,21491.87,2022-11-18
9122,Thomas,Mccall,jim68@example.org,22,NJ,43085.05,2025-12-06
9123,Cameron,Dean,aherrera@example.net,22,CT,23320.75,2023-12-20
9124,Michelle,Phelps,bwu@example.net,28,NY,2996.5,2021-08-20
9125,Lorraine,Stewart,jennifer55@example.org,49,CT,29245.72,2025-05-13
9126,Kenneth,Warren,kevin43@example.net,64,TX,3889.83,2022-12-10
9127,Robert,Guzman,aross@example.org,82,WA,29578.47,2024-08-13
9128,Maurice,Richards,kleinjeremy@example.org,69,CA,49680.92,2022-07-29
9129,Robin,Marks,stacy55@example.org,29,IL,5090.12,2024-07-02
9130,Megan,Williamson,rmurray@example.com,58,IL,10751.82,2022-01-28
9131,Mike,Williamson,zwilson@example.com,75,CT,20089.65,2021-09-30
9132,Christopher,Garcia,lynnbenitez@example.net,27,CT,36508.31,2024-10-05
9133,Walter,Jones,ybarrett@example.com,78,FL,21252.51,2024-12-17
9134,Alice,Boone,invalid-email,29,IL,32141.81,2021-12-02
9135,Kimberly,Lynn,lorispencer@example.org,70,IL,24343.04,2025-09-17
9136,Brett,Davidson,oraymond@example.com,18,INVALID,36027.36,2021-10-05
9137,Wendy,Nelson,aestrada@example.com,70,TX,33560.73,2026-01-19
9138,Michelle,Butler,mayerrachael@example.com,67,IL,44271.91,2025-05-03
9139,Jessica,Hensley,ogonzalez@example.net,20,CA,35600.74,2022-12-13
9140,Scott,Smith,perkinsglenn@example.com,65,TX,17154.67,2025-09-28
9141,Robert,Shelton,simpsonyolanda@example.org,65,NJ,26337.7,2026-05-11
9142,Ashley,Alexander,antoniosingleton@example.com,26,CT,35916.45,2026-02-19
9143,Lisa,Lee,wilsonbrittany@example.com,47,MA,180.44,2022-04-03
9144,Megan,Mcgrath,shane48@example.com,41,WA,35218.58,2025-05-03
9145,Lonnie,Jackson,,81,TX,45413.41,2023-02-06
9146,Joseph,Freeman,robin50@example.org,20,CA,13911.97,2025-09-26
9147,Cory,Burch,smithjonathan@example.net,79,MA,31157.09,2022-09-27
9148,William,Graham,margaretmiller@example.org,72,PA,45731.29,2022-05-09
9149,Tina,Roach,lindsay62@example.org,26,CT,2739.76,2024-01-19
9150,Sandra,Strickland,tarmstrong@example.com,26,MA,43783.53,2023-03-13
9151,Steven,Blair,ydyer@example.com,67,TX,1611.58,2022-05-03
9152,Alfred,Johnson,vsanchez@example.net,80,CT,22553.36,2023-11-16
9153,Jennifer,Erickson,,49,MA,27588.16,2024-10-17
9154,Daniel,Smith,drakewilliam@example.org,29,CT,22689.15,2026-08-12
9155,Mark,Ellis,garzajames@example.com,82,CA,8382.98,2023-10-05
9156,Daniel,Mercer,william81@example.net,76,CT,43237.2,2025-07-18
9157,Olivia,Wilkins,bflowers@example.com,34,NJ,9398.88,2021-12-20
9158,Jacqueline,Jones,matthew07@example.com,51,CT,5155.58,2024-05-03
9159,Ashley,Lynch,kfrye@example.com,39,MA,39154.55,2022-12-18
9160,Brian,Payne,josephstanley@example.com,79,MA,41915.14,2022-09-01
9161,Bryan,Tanner,gwendolyn59@example.net,28,IL,45788.83,2026-06-07
9162,Brian,Bryant,freemanmaria@example.com,70,TX,-4071.99,2025-04-09
9163,John,Burns,cameronmaria@example.net,130,FL,15122.32,2021-12-22
9164,Roger,Meyer,brucemcdonald@example.net,44,NY,48468.73,2022-08-26
9165,Jessica,Long,jesus01@example.org,64,NY,25274.13,2022-04-17
9166,Phillip,Larson,aliciastevens@example.org,42,NJ,7067.71,not-a-date
9167,Ashley,Wallace,ashleykimberly@example.org,83,CA,9779.77,2023-03-08
9168,Amanda,Wells,owilliams@example.org,71,CA,26725.59,2021-09-28
9169,Colleen,Livingston,josegonzalez@example.org,28,CA,10501.87,2026-03-15
9170,Karen,Rodriguez,kelseyrogers@example.org,130,IL,18234.0,2025-12-18
9171,Daryl,Smith,robert65@example.com,39,NY,24447.97,2023-06-19
9172,John,Campbell,newmanjason@example.com,59,CA,43841.22,2022-12-19
9173,Shelly,Lee,michael71@example.org,25,WA,26125.72,2025-10-01
9174,Jacqueline,Evans,treynolds@example.org,27,PA,48556.28,2023-03-29
9175,Thomas,Camacho,davidwright@example.org,66,CA,18050.3,2025-02-09
9176,Christine,Wright,pfox@example.net,84,NY,18839.49,2025-12-27
9177,Olivia,Jackson,barbarahamilton@example.net,62,WA,8890.73,2022-07-07
9178,Kim,Simpson,carrillodawn@example.org,44,NY,29379.83,2026-05-14
9179,Anthony,May,jacobgutierrez@example.net,57,IL,38110.23,2023-01-26
9180,Charlene,Jacobs,,29,IL,44576.43,2024-01-15
9181,Kenneth,Lopez,martin19@example.com,23,NJ,49637.63,2026-05-24
9182,Michael,Cunningham,efernandez@example.org,26,CT,43307.43,2026-08-04
9183,Gloria,Williams,gillespiegrant@example.net,42,CT,6356.76,2022-02-04
9184,Vincent,Tucker,lholden@example.com,40,CT,45736.39,2022-12-28
9185,Jacob,Dougherty,brandilewis@example.org,31,WA,43815.08,2022-12-29
9186,Billy,Smith,brendabarrett@example.com,77,MA,48903.75,2026-06-23
9187,Sheila,Cummings,vickie71@example.org,24,WA,36775.28,2021-11-17
9188,Scott,Krause,reyesbrad@example.org,31,PA,3165.71,2023-07-15
9189,Ann,Nelson,,58,PA,23609.1,2023-10-27
9190,Heather,Ponce,davidhanson@example.net,42,CT,4533.9,2024-04-25
9191,Becky,Pierce,catherine05@example.net,29,CT,36186.45,2024-04-12
9192,Shelly,Silva,william46@example.com,29,MA,12472.93,2025-01-17
9193,Olivia,Wilson,randalljessica@example.com,60,CA,18122.16,2023-11-22
9194,Jacqueline,Henderson,iguzman@example.com,24,NY,16036.39,2024-01-31
9195,William,Johnson,asanchez@example.net,22,MA,2944.3,2023-10-30
9196,Chad,Watson,derrickbrown@example.org,57,CT,513.14,2023-03-02
9197,Matthew,Price,veronica90@example.org,74,IL,4397.54,2024-01-05
9198,Terri,Hoover,halealan@example.com,30,NJ,30831.95,2023-06-18
9199,Angel,Vargas,markkelley@example.com,70,CA,30695.57,2022-02-06
9200,Susan,Mcmahon,joneslaura@example.com,56,CA,15988.33,2022-10-30
9201,Susan,Meyer,dorothyallen@example.net,70,TX,11869.04,2022-06-22
9202,David,Moore,waynemartinez@example.org,57,CA,49397.67,2024-11-29
9203,Susan,Ramirez,browntyler@example.org,56,NY,39154.27,2025-05-27
9204,Paul,Herrera,jason37@example.com,41,WA,29550.61,2021-11-02
9205,Jessica,Jefferson,nicholas29@example.com,36,TX,46937.98,2022-12-31
9206,Dustin,Fuentes,michaelamoore@example.com,52,CA,7635.05,2023-01-24
9207,Timothy,Mason,,71,CT,34221.8,2022-10-24
9208,Cynthia,Williams,henryhernandez@example.com,31,NJ,20967.55,2023-04-14
9209,Craig,Santos,allison44@example.net,31,TX,49110.12,2026-03-03
9210,Lori,Robinson,simonzachary@example.org,66,WA,4664.17,2025-03-23
9211,Autumn,Barajas,keithkent@example.net,25,IL,31822.41,2022-05-05
9212,Daniel,Atkinson,wzavala@example.net,38,CT,6699.88,2024-02-04
9213,Eugene,Hunt,edwardhodges@example.org,33,TX,26777.36,2024-07-29
9214,Kayla,Williamson,rothlori@example.net,71,IL,46252.76,2022-07-06
9215,Jerry,Ramos,maria45@example.com,37,NY,31640.98,2022-12-24
9216,Jill,Collins,jessica29@example.net,81,CA,46393.53,2023-12-13
9217,Jeffrey,Thomas,frankhall@example.com,69,PA,32519.17,2024-04-18
9218,James,Nunez,veronica73@example.com,66,WA,28424.04,2024-05-04
9219,Christopher,Costa,tiffanyjones@example.com,66,PA,1523.85,2023-04-13
9220,Daniel,Heath,yking@example.net,42,CT,24828.47,2025-05-06
9221,Nicholas,Lozano,ejohnson@example.org,29,NJ,556.12,2025-09-27
9222,Timothy,Ward,invalid-email,47,PA,33102.44,2025-07-30
9223,Jeremy,Diaz,kelseyvaldez@example.com,63,FL,6475.31,2023-04-26
9224,David,Rogers,daniel03@example.net,34,IL,31364.86,2022-12-07
9225,Christian,Hall,lydiataylor@example.net,24,MA,7895.03,2024-10-22
9226,David,Johnson,iperez@example.org,21,NJ,48008.16,2025-11-18
9227,Crystal,Hampton,nixonrandy@example.com,77,CT,-3165.92,2024-10-12
9228,Monica,Hawkins,afisher@example.com,81,PA,12704.43,not-a-date
9229,Cindy,Gutierrez,amy86@example.org,42,IL,23154.03,2026-03-31
9230,Kaitlyn,Hicks,bedwards@example.net,33,PA,30503.01,2026-05-14
9231,Barbara,Weber,audrey11@example.org,29,CT,16733.86,2022-04-11
9232,Sharon,Torres,alicialee@example.org,23,CA,33844.57,2025-09-16
9233,John,Peck,,83,NJ,35324.85,2023-01-30
9234,Vincent,Foster,brianhowe@example.org,36,IL,19971.68,2025-04-05
9235,Katelyn,Abbott,invalid-email,66,NJ,14401.81,2024-08-20
9236,Stephanie,Mcintyre,invalid-email,21,PA,39564.75,2023-07-14
9237,Nicole,Duran,morganvirginia@example.com,41,CT,639.69,2023-02-06
9238,Jacqueline,Barnett,sandra59@example.org,63,CT,44320.44,2022-08-04
9239,Robert,Brooks,bhoffman@example.net,51,FL,47730.97,2021-09-22
9240,Alison,Smith,lsmith@example.org,69,WA,48301.95,2023-09-18
9241,Julia,Wilcox,michele39@example.org,23,WA,1164.69,2022-08-21
9242,Valerie,Harvey,davidblackwell@example.org,28,IL,48602.62,2026-06-20
9243,Jason,Holmes,craigmartin@example.net,82,CA,21782.58,2021-09-02
9244,Morgan,Fitzgerald,wesleywhitaker@example.org,51,MA,1763.86,2022-10-28
9245,Robert,Reynolds,invalid-email,67,CA,31350.25,2022-05-16
9246,Vanessa,Hansen,,63,TX,40262.96,2025-11-12
9247,Lisa,Davis,rasmussenkatherine@example.org,46,IL,27943.2,2026-03-17
9248,Teresa,York,tmorton@example.net,85,IL,46337.3,2024-01-16
9249,Anthony,Hurley,hollyperkins@example.net,74,TX,17379.74,2025-11-29
9250,Stephen,Chambers,plambert@example.org,48,NY,10300.18,2026-06-29
9251,Brent,Friedman,james94@example.org,24,TX,32357.72,2022-04-21
9252,Jason,Murphy,frankmiller@example.com,35,WA,1151.51,2025-07-05
9253,Guy,Gregory,olsonnicholas@example.org,29,NY,39968.22,2022-08-12
9254,Lori,Daugherty,xkent@example.org,42,IL,19109.53,2024-07-16
9255,Joshua,Parker,xavier17@example.net,53,FL,41535.39,2026-07-15
9256,Julie,Wiley,victoriasmith@example.org,53,FL,45127.54,2023-08-16
9257,Samuel,Hunt,bwalker@example.com,28,WA,30769.93,2022-08-19
9258,Francisco,Pittman,timothy84@example.net,45,IL,833.82,2022-11-02
9259,Jason,Wilson,garciajason@example.net,60,NY,37996.4,2024-09-14
9260,Amy,Smith,madison88@example.org,50,IL,29343.17,2022-07-01
9261,Emily,Randolph,ericadickerson@example.com,59,MA,28005.97,2024-04-12
9262,Derek,Hill,dianeperez@example.com,55,CT,3670.89,2026-03-05
9263,David,Butler,smithjonathan@example.com,33,CT,22980.07,2026-05-26
9264,Donald,Shannon,parker65@example.com,24,CA,11667.92,2023-11-22
9265,Alexander,Hubbard,chenedward@example.org,74,PA,28039.71,2024-01-23
9266,John,Thompson,weaverjimmy@example.net,63,NY,47865.64,2024-04-25
9267,William,Hart,invalid-email,70,FL,10752.64,2025-02-27
9268,Ryan,Jenkins,hreynolds@example.org,25,WA,16569.06,2025-06-17
9269,Edward,Rivas,jcarter@example.com,46,PA,32875.4,2022-03-09
9270,Courtney,Griffin,talvarado@example.net,68,FL,391.33,2023-10-08
9271,Dylan,Vasquez,jmorse@example.com,50,IL,37956.96,2025-07-24
9272,Brenda,Gray,kristen92@example.com,69,IL,37410.73,2023-06-21
9273,Erica,Fowler,whitestephanie@example.com,70,CA,18999.89,2025-11-03
9274,Spencer,Evans,victoria82@example.com,37,WA,44545.95,2025-03-15
9275,Linda,Mcdonald,kellyshepherd@example.net,65,IL,33177.49,2024-06-04
9276,George,Williams,tracyhughes@example.org,38,IL,45311.66,2023-06-11
9277,Rachel,Moore,youngdavid@example.com,18,NY,26347.12,2022-06-30
9278,Karen,Fry,oadkins@example.com,37,MA,18675.83,2022-06-04
9279,Diana,Fields,lisa72@example.com,23,TX,44913.89,2025-08-10
9280,Shawn,Pierce,romanbrandon@example.net,83,CA,21354.7,2025-05-14
9281,James,Adams,brandongibbs@example.com,56,TX,24247.92,2024-06-15
9282,Andrew,Johnson,andersonchristopher@example.com,70,FL,25119.09,2026-01-15
9283,Henry,Shaw,bryan99@example.com,69,CT,16197.39,2023-06-26
9284,Alec,Solis,toddgrant@example.org,46,FL,48678.3,2023-07-21
9285,Chad,Ferguson,joshua80@example.com,53,WA,16272.69,2023-07-30
9286,Patricia,James,ntaylor@example.net,78,CA,7327.96,2026-06-13
9287,Elizabeth,Cherry,zmorris@example.com,47,CA,31808.92,2022-01-21
9288,Wendy,Flores,robin37@example.org,28,FL,16118.86,2022-12-29
9289,Kristen,Brown,david23@example.net,62,CA,29985.01,2023-11-18
9290,Sherri,Potter,xsalinas@example.org,38,IL,35001.01,2021-08-30
9291,Alyssa,Nelson,brian93@example.com,80,CT,26872.45,2024-10-04
9292,Raymond,Barnett,lopezpaige@example.com,76,CT,4349.28,2026-05-13
9293,Stacey,Montes,russellstuart@example.org,26,CT,48536.62,2021-08-29
9294,Trevor,Gutierrez,danawilliams@example.com,67,PA,21427.12,2021-10-16
9295,John,Young,ibarnes@example.org,59,NY,41951.52,2022-11-04
9296,Ryan,Lynch,cgraham@example.net,33,WA,30940.93,2024-08-30
9297,Joseph,Cruz,vjohnson@example.com,72,CT,16732.26,2024-08-04
9298,Joel,Brown,ashley34@example.com,52,WA,20312.96,2024-09-12
9299,Cathy,Delgado,nmiller@example.org,58,NY,38375.16,2022-07-26
9300,Anita,Lynch,robertthompson@example.com,73,CT,44336.03,2023-04-25
9301,Mason,Beasley,harveyjose@example.com,69,FL,26469.42,2026-08-14
9302,Susan,Williams,,72,MA,46768.27,2022-10-18
9303,Alexander,Brewer,,19,NJ,28286.23,2024-06-17
9304,David,Hickman,johngonzalez@example.com,250,CA,36819.9,2025-08-08
9305,Gerald,Johnson,jacobyang@example.com,41,NJ,41753.51,2022-12-02
9306,Joseph,Brooks,sullivanbrenda@example.com,68,MA,41856.18,2023-09-17
9307,Cody,Murphy,,28,CA,28780.36,2023-04-09
9308,Sarah,Rodriguez,powens@example.org,37,PA,46098.24,2024-10-13
9309,Hannah,Matthews,gonzalesheather@example.net,36,PA,26216.28,2026-07-11
9310,Anthony,Smith,taylorscott@example.org,45,CT,38614.67,2023-08-06
9311,Eric,Jensen,stephaniebaker@example.net,39,FL,19078.52,2024-07-21
9312,Isabel,Jones,awilliams@example.com,24,WA,-4959.2,2023-05-19
9313,Philip,Murphy,rowedonna@example.org,50,TX,32745.34,2025-11-04
9314,Erin,Mcgee,,24,NY,40223.22,2023-09-27
9315,Laura,Wallace,hannah60@example.org,82,NJ,13729.71,2023-08-26
9316,Raymond,Thomas,vjenkins@example.com,44,MA,45499.47,2026-08-15
9317,Michael,Taylor,carl28@example.net,18,NY,41925.27,2024-10-12
9318,Gregory,Meadows,harold28@example.net,60,MA,21931.68,2023-02-04
9319,Justin,Willis,olivia36@example.net,48,CA,39728.03,2021-12-31
9320,Joshua,Rowe,davidsonjoseph@example.com,85,TX,20012.26,2022-10-16
9321,Matthew,Pierce,cardenasjulie@example.net,80,NY,46427.19,2022-04-20
9322,Kristin,Blevins,cherylgriffin@example.com,59,CT,13628.28,2022-04-03
9323,Dennis,Waller,spencemichael@example.net,20,CA,12252.42,2026-04-25
9324,Wesley,Jones,stephanieschultz@example.net,37,TX,2045.15,2026-04-07
9325,Nicholas,Wyatt,christopherwalker@example.net,73,FL,42789.6,2023-02-20
9326,Jonathan,Johnson,ballernest@example.com,69,PA,24788.63,2026-05-09
9327,Sarah,Rodriguez,amycooper@example.org,24,CA,37469.34,2022-06-18
9328,Christina,Martinez,collinsjacob@example.org,68,CT,31202.54,2022-01-10
9329,Michael,Mcgrath,lroth@example.net,26,NY,29965.04,2023-11-23
9330,Jessica,Summers,monica98@example.net,37,IL,41050.58,2024-03-08
9331,Diane,Perez,andreguerrero@example.com,62,TX,22222.37,2025-10-05
9332,Brandi,Wiggins,john28@example.com,37,IL,18221.54,2023-05-14
9333,Dawn,Noble,amandahorton@example.net,23,PA,49055.76,2022-12-25
9334,Chase,Kim,bakervictoria@example.com,63,CA,36132.74,2023-09-15
9335,Juan,Ramos,wileybrenda@example.org,45,IL,12295.01,2025-10-19
9336,Craig,Hoffman,xbrown@example.com,20,FL,22699.44,2024-10-25
9337,Carmen,Sims,dylanduncan@example.com,58,IL,6937.99,2021-11-29
9338,Darin,Thompson,millerrobert@example.org,38,TX,9119.65,2026-04-27
9339,Steven,Estes,,51,MA,47119.65,2024-10-05
9340,Danielle,Johnson,ghernandez@example.net,65,TX,-2028.88,2024-09-26
9341,Andrew,Barnes,dawn56@example.com,83,CT,14428.57,2026-01-20
9342,Jesus,Hester,williamsedward@example.net,68,NJ,22290.55,2026-01-30
9343,Christopher,Jones,laurenwallace@example.org,20,FL,41506.8,2025-01-03
9344,Melissa,Noble,natalie16@example.org,28,WA,34848.37,2025-10-24
9345,Amber,Garza,stephensonkimberly@example.org,30,WA,25243.62,2024-11-22
9346,Darrell,Wood,ashleyallen@example.org,76,FL,18732.21,2026-01-10
9347,Erica,Hill,,26,PA,28629.33,2025-08-14
9348,Andrea,Mcdonald,russellrobert@example.org,53,CT,4798.87,2022-03-19
9349,Nathan,Johnson,davisandrew@example.net,57,WA,39037.63,2022-06-01
9350,Sarah,Salinas,scottsloan@example.com,61,MA,33609.22,2023-08-22
9351,Michael,Lam,mvance@example.com,72,CT,30995.63,2026-07-23
9352,Mark,Martin,leechad@example.org,40,IL,37966.77,2024-05-13
9353,Lisa,Jones,rvillegas@example.net,49,IL,39031.18,2026-05-13
9354,Sharon,Valdez,deborahhernandez@example.com,61,WA,23793.44,2022-06-26
9355,Mary,Lindsey,sandersjames@example.net,74,FL,21718.65,2025-02-07
9356,David,Ingram,charles00@example.net,66,CA,29117.45,2024-08-16
9357,Cassandra,Thompson,tonyabriggs@example.net,22,FL,937.1,2026-04-08
9358,Ryan,Robinson,davisjames@example.com,59,CT,36264.21,2026-03-05
9359,Anthony,Marshall,brownbrittany@example.org,51,MA,31932.35,2021-12-02
9360,Gina,Robbins,,57,MA,49199.53,2026-03-12
9361,Nicholas,Boyd,marco54@example.com,73,IL,23537.53,2024-05-14
9362,Daniel,Butler,margaretsnow@example.net,81,NY,16814.28,2025-01-10
9363,Albert,Dillon,peterowens@example.net,70,WA,8736.07,2026-07-02
9364,Maurice,Randolph,holmesmark@example.net,36,NJ,41503.42,2024-04-28
9365,Theresa,Smith,isimpson@example.org,52,WA,42929.79,2022-09-14
9366,Ronald,Lopez,robertsmary@example.com,24,FL,20245.77,2023-08-13
9367,Rachel,Davenport,shane31@example.org,48,CT,43256.45,2026-01-31
9368,Sarah,Esparza,mfriedman@example.net,62,MA,17997.1,2023-11-07
9369,Melanie,White,sean14@example.net,77,FL,6249.47,2024-08-10
9370,Bryan,Kidd,david16@example.com,24,NJ,5489.49,2022-08-24
9371,Chelsea,Simpson,joshua40@example.org,60,CT,23117.18,2024-12-19
9372,Jennifer,Cook,afuentes@example.net,47,CT,30728.08,2025-12-10
9373,Justin,Lane,seanmoore@example.com,51,MA,33160.62,2023-04-15
9374,Kimberly,Wiggins,marycummings@example.org,51,IL,24187.83,2023-01-02
9375,Lisa,Taylor,cherryjessica@example.net,40,CA,47129.21,2021-12-30
9376,Fernando,Novak,,77,IL,16838.32,2026-08-07
9377,Tonya,Rodriguez,invalid-email,50,NY,11162.54,2023-02-15
9378,Kyle,Anderson,brownashley@example.org,52,FL,15451.03,2022-03-29
9379,Margaret,Petersen,claire19@example.org,68,IL,16439.95,2026-04-08
9380,James,Phillips,loretta10@example.net,65,FL,10699.83,2025-03-18
9381,Olivia,Monroe,zjohnson@example.org,58,PA,11889.36,2026-01-25
9382,Cindy,Jones,mlane@example.org,36,IL,18335.93,2025-08-09
9383,Jennifer,Schneider,jford@example.net,65,CA,27634.38,2026-05-31
9384,Joshua,Herman,alawson@example.net,62,FL,37341.87,2026-02-01
9385,Dylan,Donovan,lbridges@example.org,56,FL,18106.27,2024-11-14
9386,Jaclyn,Hahn,bmunoz@example.net,82,NY,32681.06,2025-08-26
9387,Richard,Palmer,stephanie64@example.org,69,NJ,7769.2,2024-04-18
9388,Stefanie,Turner,mcantu@example.net,85,CT,31403.49,2026-07-15
9389,William,Daniel,coltonmiller@example.org,33,MA,20527.23,2023-06-18
9390,Jessica,White,uharrison@example.com,48,MA,37083.18,2025-08-07
9391,Sabrina,Collins,,56,FL,94.05,2022-03-08
9392,Julie,Randolph,harrisvincent@example.org,20,FL,5088.1,2026-01-09
9393,Tiffany,Hardy,ericksontina@example.org,69,WA,49854.57,2025-11-27
9394,Tasha,Hughes,cproctor@example.com,74,NY,12724.27,not-a-date
9395,Lisa,Rice,changdaniel@example.com,81,WA,24456.99,2024-10-02
9396,Cassidy,Garcia,bmcfarland@example.net,49,CT,6224.28,2025-08-17
9397,Angela,Flores,tracyhorton@example.org,62,CA,28595.28,2023-06-05
9398,Rebecca,Snyder,owensjessica@example.org,23,IL,35643.4,2026-06-23
9399,Ronald,York,jacobtorres@example.com,81,CT,18643.17,2025-11-02
9400,Kim,Franco,paulday@example.org,69,NJ,6133.06,2024-11-04
9401,Jennifer,Mays,fhart@example.org,21,MA,30424.16,2025-07-31
9402,Jason,Wells,zhughes@example.net,67,NY,964.75,2025-02-25
9403,Stephen,Rodriguez,blawrence@example.net,76,CA,30788.73,2023-10-28
9404,Carlos,Thompson,wburns@example.com,21,NJ,37898.92,2021-12-14
9405,Laura,Thompson,beverly00@example.com,74,NJ,47005.86,2022-09-16
9406,Evan,Downs,lutzdevin@example.org,76,WA,39528.88,2024-12-21
9407,Sandra,Miller,david97@example.net,52,WA,1672.18,2026-06-04
9408,Catherine,Powell,stephenrodriguez@example.com,73,WA,8904.9,2024-01-03
9409,Marie,Stuart,angelagreen@example.com,85,CA,15690.8,2024-01-27
9410,Robert,Davis,,30,TX,45193.27,2023-04-03
9411,Amber,Buckley,andersonricky@example.org,37,NY,37463.06,2025-04-25
9412,William,Alvarez,terryrodriguez@example.com,64,WA,40521.11,2024-09-22
9413,Melissa,Huff,swebb@example.net,48,IL,38532.52,2023-06-20
9414,Deborah,Horne,katherinekent@example.com,72,FL,20090.21,2024-05-28
9415,Corey,Daniel,caitlin33@example.net,49,CA,49910.72,2026-07-21
9416,Gail,Jones,qclay@example.net,72,FL,49992.86,2022-09-13
9417,Walter,Escobar,erik51@example.org,65,CA,35161.55,2026-03-07
9418,Dennis,Shaffer,vangbriana@example.org,70,NJ,24452.49,2025-04-02
9419,Allison,Hernandez,qstewart@example.com,76,PA,6641.97,2022-08-03
9420,Ashley,Castro,tiffanypatterson@example.net,45,CT,38954.52,2024-10-09
9421,Jeremy,Solis,twebster@example.org,45,MA,40042.27,2023-10-23
9422,Robert,Cole,anthonybaker@example.org,31,MA,30604.59,2025-09-25
9423,Matthew,Taylor,john07@example.org,27,CT,9478.08,2025-02-17
9424,Rachel,Sullivan,qmorales@example.com,77,CT,8248.42,2024-04-10
9425,Michelle,Parker,ujohnson@example.com,57,WA,11335.55,2022-11-20
9426,Tara,Perez,moralesphillip@example.org,69,MA,15682.41,2025-04-03
9427,Chloe,Valencia,christinacook@example.org,70,FL,38431.28,2026-07-17
9428,Michael,Jenkins,,26,CT,26008.0,2021-09-13
9429,Angela,Brown,lsims@example.net,20,MA,35179.68,2023-06-15
9430,Aaron,Harris,rmonroe@example.org,19,NJ,45708.65,2023-10-13
9431,Tiffany,Wells,rogersjoanna@example.net,47,CA,38708.97,2023-02-06
9432,Eric,Lopez,ksmith@example.com,73,CA,28035.99,2024-06-07
9433,Rachael,Raymond,justinbrown@example.net,37,TX,41218.1,2024-03-19
9434,Stephanie,Cervantes,jennifer87@example.net,83,PA,48715.47,2021-11-26
9435,Douglas,Walton,elittle@example.org,61,PA,47429.18,2025-05-19
9436,Nicholas,Williams,gutierrezshelly@example.org,71,MA,44846.34,2023-07-01
9437,Paul,Bishop,justinjohnson@example.net,78,WA,47298.79,2024-02-10
9438,Joshua,Garcia,vanessa07@example.com,26,PA,44317.8,2024-02-03
9439,Robert,Torres,xgarrett@example.net,84,TX,21458.21,2022-07-18
9440,Kevin,Salinas,rcollins@example.net,31,NY,40512.39,2026-02-01
9441,Meredith,Miranda,vdiaz@example.com,34,MA,39838.19,2022-01-10
9442,Yvette,Joseph,owilliams@example.org,39,NY,13192.7,2025-03-05
9443,Edward,Maldonado,regina67@example.net,39,CA,43336.86,2024-09-22
9444,Robert,Taylor,melissamccullough@example.net,66,NY,46163.65,2025-05-13
9445,Pamela,French,sweeneyalexandra@example.net,80,IL,28380.44,2021-11-04
9446,Cheryl,Potts,suzanne86@example.org,36,CA,40500.6,2023-02-15
9447,Chloe,Sandoval,invalid-email,57,TX,48837.29,2025-09-21
9448,Patrick,Marshall,timothy12@example.org,58,FL,48188.05,2025-03-15
9449,Thomas,Tucker,joseph71@example.net,52,TX,45735.68,2023-07-27
9450,Kenneth,Brown,kingamber@example.net,45,PA,18739.23,2026-03-19
9451,Donald,Oconnor,logangraves@example.net,130,CT,14320.51,2024-01-15
9452,Juan,Owens,sandralarson@example.net,27,NY,26038.6,2022-07-18
9453,Janet,Hernandez,jermaine53@example.net,250,NY,10691.46,2022-04-22
9454,Tina,Wilson,sperry@example.org,75,MA,25560.47,2026-05-31
9455,Brandon,Hoffman,philip09@example.org,20,CA,7219.22,2025-03-04
9456,Zachary,Rivera,,44,IL,41276.47,2022-04-16
9457,Christopher,Johnson,vrich@example.com,30,WA,10819.39,2025-12-30
9458,Jonathan,Hernandez,flambert@example.net,130,IL,15045.41,2022-12-30
9459,Patricia,Collins,,30,IL,38929.72,2023-08-31
9460,Jessica,Hunter,drakemichelle@example.org,53,FL,46954.98,2025-03-04
9461,Johnny,Hanson,eric05@example.net,51,TX,33538.03,2026-01-06
9462,Tara,Figueroa,marie64@example.org,39,NJ,47305.93,2025-12-19
9463,Todd,Briggs,garciagary@example.org,51,IL,12191.51,2023-02-23
9464,Angelica,Sullivan,robertgordon@example.org,49,CA,13348.15,2024-09-03
9465,Michael,Mccall,karina99@example.com,25,NY,5564.61,2023-04-12
9466,Lindsey,Lopez,zreed@example.com,74,PA,27085.13,2021-10-27
9467,Brian,Jenkins,,67,NJ,9779.75,2024-11-03
9468,Jennifer,Nolan,mccarthyronald@example.net,83,FL,43922.49,2025-10-21
9469,Tammy,Thompson,annettenguyen@example.net,68,CT,23435.64,2024-10-26
9470,Christopher,Reyes,laura00@example.org,-10,NJ,36615.73,2024-02-10
9471,Courtney,Rosales,,19,TX,33070.01,2024-09-23
9472,Sarah,Schaefer,sjohnson@example.net,79,TX,5420.37,2024-02-11
9473,Megan,Murphy,coxkristi@example.com,48,FL,18860.82,2023-07-24
9474,Virginia,Lopez,tyler46@example.net,65,NJ,24159.14,2024-09-18
9475,Jill,Davenport,xdixon@example.net,79,NY,31825.43,2025-10-12
9476,Molly,Alvarado,rileydavid@example.net,41,NY,24949.38,2024-05-21
9477,Megan,Willis,howardandrew@example.org,23,CT,27280.01,2025-09-27
9478,Peter,Glenn,iduran@example.net,84,TX,28045.71,2025-02-07
9479,Jessica,Brown,diazjohn@example.net,56,NY,25050.19,2023-12-22
9480,Arthur,Perez,joshuawebb@example.com,46,NJ,11309.41,2023-09-23
9481,Claudia,Fisher,bdennis@example.com,38,TX,42247.53,2022-01-30
9482,William,Terrell,smithdiana@example.net,60,TX,12835.13,2024-09-13
9483,Ryan,Jackson,kayla85@example.com,72,FL,14925.53,2022-03-17
9484,Megan,West,jonathanmcneil@example.net,28,TX,1850.25,2022-02-04
9485,Lindsay,Jones,,47,WA,34086.54,2025-09-19
9486,Tami,Williams,denisemaynard@example.net,67,CT,39804.23,2025-08-11
9487,Mary,Davila,conniemitchell@example.com,22,WA,35965.91,2021-12-04
9488,Jared,Yoder,jason92@example.net,80,NJ,11473.4,2023-08-17
9489,Jamie,Donovan,johnathancraig@example.org,34,CA,40717.54,2025-09-02
9490,Derrick,Barnes,santosmichael@example.org,32,WA,22531.43,2023-10-16
9491,Megan,Lewis,marilynjohnson@example.com,24,NY,27615.57,2021-12-08
9492,Jennifer,Hudson,cory82@example.com,65,IL,28693.41,2025-11-27
9493,Angela,Bryant,richard39@example.org,42,TX,49673.5,2021-10-25
9494,Bonnie,Walters,joshuaschroeder@example.org,36,WA,19562.99,2024-01-02
9495,David,Bell,royhenry@example.org,19,FL,13863.6,2025-03-03
9496,Laura,Bautista,garciadavid@example.net,33,CA,46113.67,2025-08-05
9497,Betty,Sims,preese@example.com,-10,WA,12448.41,2021-09-01
9498,Briana,Williams,michelleharvey@example.com,68,PA,39047.94,2022-02-17
9499,Clayton,Salinas,,61,PA,20076.46,2022-08-09
9500,Brooke,Garcia,albertflynn@example.com,18,PA,8711.61,2023-07-12
9501,Shannon,Edwards,ffry@example.org,72,WA,36748.53,2024-09-01
9502,Jon,Moore,robert85@example.org,21,IL,35391.95,2023-10-22
9503,Stephanie,Rodriguez,parsonsyolanda@example.com,76,CA,39633.36,not-a-date
9504,Joann,Weaver,collinsmary@example.org,83,NJ,7078.23,2022-11-09
9505,Thomas,Nelson,,47,MA,38635.13,2023-06-14
9506,Ashley,Savage,njones@example.org,65,IL,11539.52,2026-07-05
9507,Albert,Turner,lambertkelly@example.net,82,CT,9606.21,2023-07-23
9508,Charlene,Caldwell,,28,NJ,20412.68,2024-10-26
9509,Olivia,Morris,toddkathryn@example.net,75,MA,44269.48,2022-04-04
9510,Courtney,Hamilton,hodgeheather@example.net,59,NY,24000.9,2025-12-22
9511,Linda,Johnson,jessicaweaver@example.com,61,CT,18869.09,2021-11-03
9512,Theodore,Jones,heather84@example.net,45,CA,6105.89,2025-08-10
9513,Rachel,Owens,jonathon00@example.org,38,NY,15212.91,2023-03-22
9514,Gloria,Wright,invalid-email,29,PA,45544.11,2022-06-13
9515,Margaret,Evans,jeffreyramos@example.com,49,MA,4339.03,2024-10-20
9516,Kimberly,Schultz,morgan38@example.net,60,CA,25661.36,2026-02-14
9517,Kevin,Coleman,susan95@example.org,79,WA,28909.43,2025-03-08
9518,Jacob,Allison,jessicaalvarez@example.com,46,CA,40401.31,2025-07-06
9519,Eric,Jenkins,sbrown@example.net,76,NY,24639.1,2022-11-28
9520,Kathleen,Martinez,renee62@example.com,81,NY,42851.01,2021-10-31
9521,Matthew,Gordon,patricia58@example.net,21,MA,1632.92,2023-04-28
9522,Ashley,Garcia,robinsonjoseph@example.com,70,IL,22595.06,2025-01-19
9523,Johnathan,Mcgee,kristen85@example.org,25,WA,15173.24,2025-02-25
9524,Katherine,Ochoa,molinalaura@example.org,34,XX,45503.81,2022-09-30
9525,Brian,Patel,dustinhuff@example.org,66,NJ,16497.98,2026-02-17
9526,Daniel,Conley,wgarcia@example.net,68,CT,-4318.66,2026-02-03
9527,Robert,Kelly,wolfautumn@example.org,47,ZZ,29529.83,2025-10-31
9528,Cory,Johnson,,44,MA,22410.9,2023-04-06
9529,Lindsay,Delgado,smithbrian@example.com,51,NY,37802.71,2023-01-18
9530,Melissa,Baxter,invalid-email,76,TX,22875.25,2022-11-29
9531,Kelly,Hill,moniquestokes@example.org,73,NJ,469.5,2021-12-01
9532,Sarah,Ortiz,april15@example.org,53,MA,15508.2,2024-09-28
9533,Stephanie,Gray,nancyallen@example.org,76,MA,42137.93,2026-04-24
9534,Theresa,Cruz,rberry@example.net,78,MA,2230.36,2025-01-12
9535,Ryan,Ward,alexisturner@example.net,46,PA,13209.83,2024-04-02
9536,Brett,Winters,michealburke@example.com,71,FL,16666.55,2022-07-22
9537,Dawn,Fleming,klam@example.com,81,CT,49727.24,2024-08-30
9538,Michael,Clark,billaustin@example.com,61,NY,38974.08,2023-09-21
9539,Shannon,Stafford,matthewjohnson@example.org,56,IL,14045.31,2021-12-23
9540,Kendra,Smith,brandon58@example.net,23,WA,15173.53,2022-06-08
9541,Dustin,Martinez,william99@example.org,74,MA,42184.86,2026-01-16
9542,Troy,Rich,,29,CA,19350.84,2022-08-28
9543,Brian,Bell,slozano@example.com,61,CT,8109.9,2023-10-30
9544,Rebekah,Lowe,mpreston@example.com,24,FL,29717.57,2024-06-17
9545,Richard,Alvarez,angelawilliams@example.com,64,WA,35905.95,2023-11-07
9546,David,Pace,gabrielle50@example.org,-10,FL,20677.83,2022-07-25
9547,Victoria,Webb,susangonzalez@example.net,33,NY,5375.13,2022-12-28
9548,Peggy,Stevenson,middletonjeffrey@example.org,79,WA,23632.82,2023-10-22
9549,Nicholas,Weber,randyparker@example.com,57,FL,18102.87,2024-04-29
9550,Thomas,Burns,matthew94@example.org,62,TX,17071.02,2024-02-20
9551,Jeremy,Robertson,weaverlynn@example.net,37,IL,28263.72,2026-03-16
9552,Kaitlin,Willis,gabrielgonzales@example.com,76,PA,8320.97,2023-01-21
9553,Jenny,Cannon,alvarezmichael@example.com,44,CT,25345.5,2026-06-09
9554,Lisa,Conley,carolinejones@example.org,52,NJ,37910.59,2025-06-14
9555,Sherri,Morris,anthony03@example.org,19,WA,25373.53,2024-05-09
9556,Haley,Owens,tammyalvarez@example.com,66,IL,42913.57,2021-11-19
9557,Greg,Mccarty,mbrown@example.org,71,NJ,42142.55,2022-04-19
9558,Lacey,Massey,nancy83@example.net,66,WA,36445.69,2023-08-27
9559,Bernard,Mccarthy,williamcooper@example.net,41,TX,3383.97,2025-12-16
9560,Steven,Nelson,gjohnson@example.net,84,PA,46574.4,2024-09-23
9561,Abigail,Allen,jillparks@example.org,78,NJ,31239.79,2026-04-18
9562,Scott,Pruitt,hamiltonmelissa@example.net,74,FL,44518.53,2024-08-01
9563,Jennifer,Marshall,fergusonwilliam@example.org,74,WA,18729.26,2025-01-02
9564,Peter,Weber,charles31@example.net,23,MA,28475.15,2022-03-29
9565,Kayla,Martin,mwest@example.org,70,PA,18812.43,2023-11-13
9566,Peter,Aguirre,isingh@example.com,81,FL,29462.98,2023-02-11
9567,Mary,Brown,invalid-email,74,NY,33504.0,2022-06-28
9568,Stephen,Guzman,ruizmark@example.com,28,NJ,47317.62,2026-05-29
9569,Patricia,Tran,jeffreygreene@example.com,-10,INVALID,6160.14,2025-03-21
9570,Timothy,Carter,mitchelldanielle@example.net,71,PA,9371.57,2026-04-22
9571,Linda,Butler,johnorr@example.net,22,TX,26981.96,2025-11-03
9572,Emily,Rodriguez,dwhite@example.org,39,CT,10085.81,2022-10-21
9573,Donald,Wilkins,darlene09@example.net,47,MA,34220.54,2022-11-26
9574,Jessica,Mcgrath,gonzaleztracy@example.com,48,NJ,39389.68,2023-06-20
9575,Sharon,Johnson,gonzalezchristina@example.org,45,WA,29469.33,2024-10-31
9576,Stephanie,Kerr,castanedajames@example.net,47,CT,13996.15,2022-04-16
9577,Donna,Perry,bentleyjamie@example.com,20,TX,40719.77,2024-02-27
9578,Karen,Sims,pittmanrobert@example.com,21,TX,28299.94,2022-05-15
9579,Catherine,Maxwell,ogarcia@example.com,51,MA,34002.55,2024-11-11
9580,Tracy,Humphrey,richardgabriel@example.org,18,TX,30598.6,2025-07-17
9581,David,Fisher,mckenziebrett@example.net,34,MA,17051.18,2024-09-10
9582,Jackson,Webster,richard11@example.com,68,CA,38926.4,2026-02-27
9583,Michele,Acosta,jason08@example.org,57,NY,6827.01,2025-09-03
9584,Brian,Stevens,fjones@example.net,61,MA,24119.71,2026-05-07
9585,Gary,Vazquez,johnrobinson@example.com,24,NJ,39273.49,2022-11-30
9586,Doris,Chang,elizabethmiller@example.com,51,CT,26553.13,2025-01-13
9587,Zachary,Frost,laurendaniel@example.org,61,CT,26585.4,2024-01-04
9588,Michael,Reynolds,invalid-email,61,MA,5331.69,2022-05-21
9589,Hannah,Macias,urobinson@example.org,84,NJ,12796.25,2025-01-09
9590,Caleb,Lopez,bennettdavid@example.com,64,CA,48154.28,2026-01-04
9591,Tina,Adkins,umullen@example.com,36,IL,40108.06,2026-05-20
9592,Jacob,Johnson,katherine24@example.com,59,MA,48721.33,2023-06-06
9593,Nicholas,Archer,lisa53@example.com,70,CT,48531.15,2021-08-23
9594,Edwin,Mcgee,hfranklin@example.org,64,CA,40035.72,2025-08-26
9595,Isaac,Walker,jenniferproctor@example.com,79,IL,42981.99,2025-10-30
9596,Carla,Carroll,james42@example.com,72,IL,26501.7,2025-02-05
9597,Carl,Brown,lisastewart@example.net,75,IL,19844.37,2025-11-25
9598,Erika,Martinez,sandra52@example.com,41,NJ,11434.24,2024-06-05
9599,Christine,Callahan,amartinez@example.org,34,PA,6117.16,2023-08-27
9600,Nancy,Mills,parkersherri@example.org,27,FL,1709.13,2022-02-24
9601,Yolanda,Eaton,guerreropaul@example.org,29,WA,48441.94,2024-08-01
9602,Holly,Smith,williamskristin@example.net,59,IL,20064.19,2024-06-28
9603,Rhonda,Ruiz,mdalton@example.com,71,MA,47571.03,2023-10-29
9604,Anthony,Mitchell,daniellindsey@example.net,34,IL,40555.5,2024-08-08
9605,Jason,Combs,michaelalexander@example.net,85,FL,7973.98,2021-10-11
9606,Matthew,Evans,cmiller@example.org,84,FL,10149.13,2023-03-26
9607,Robert,Boyd,,27,CT,40071.94,2025-03-14
9608,Kimberly,Matthews,danielferguson@example.net,57,WA,18114.65,2022-02-18
9609,Samantha,Larson,nsmith@example.org,70,PA,28813.86,2025-02-23
9610,Deanna,Moore,johnwilliams@example.org,32,FL,45785.67,2023-10-14
9611,Andrew,Campbell,johnathanrodriguez@example.com,68,CT,15020.85,2022-05-11
9612,Shannon,Clark,williamsdonna@example.net,72,NJ,11722.74,2026-07-06
9613,John,Harris,,41,IL,27835.39,2024-12-06
9614,Matthew,Fry,osaunders@example.net,18,FL,224.45,2021-12-07
9615,Dakota,Hughes,hstrickland@example.org,59,NY,35079.19,2026-05-11
9616,Kim,Hicks,benjamin34@example.org,40,IL,24383.41,2022-01-17
9617,Andrew,Velazquez,courtney34@example.com,61,NY,7503.15,2024-09-22
9618,Stephanie,Mayer,vzimmerman@example.net,20,PA,34055.28,2024-05-19
9619,Brooke,Brown,jennifer42@example.net,18,NY,36157.93,2022-04-19
9620,Doris,Snyder,nicholas72@example.org,80,CA,14877.87,2026-01-24
9621,Nichole,Cortez,robertdunn@example.net,52,NY,19917.44,2025-03-27
9622,Caitlin,Spencer,uhill@example.net,85,FL,30975.7,2025-05-24
9623,John,Gardner,garciataylor@example.com,26,NJ,43422.19,2023-11-22
9624,Christian,Baxter,,52,TX,20752.62,2023-06-26
9625,Crystal,Coffey,hernandeztristan@example.org,77,CA,32511.7,2025-08-28
9626,James,Cruz,brettchurch@example.net,20,NY,17775.59,2025-08-26
9627,Olivia,Crawford,,69,WA,22365.82,2025-10-05
9628,Bonnie,Hines,xruiz@example.org,53,PA,41261.83,2023-11-25
9629,Ryan,Hall,patriciakelly@example.com,47,TX,2770.11,2025-01-05
9630,Emily,Diaz,cbautista@example.com,61,CT,36747.23,2026-01-31
9631,Willie,Rodriguez,johnsonmichael@example.com,42,MA,669.84,2025-01-24
9632,Michael,Sanchez,invalid-email,65,IL,47617.36,2026-01-23
9633,James,Ellis,ehodge@example.net,36,MA,34439.72,2026-02-25
9634,Catherine,Lewis,christine24@example.org,45,TX,26745.44,2022-08-10
9635,Kevin,Spencer,johnhernandez@example.net,19,TX,2448.72,2021-09-10
9636,Julia,Brown,hharris@example.org,29,CT,16778.65,2025-01-29
9637,Stephanie,Gardner,amysilva@example.net,250,MA,6729.11,2025-11-06
9638,Jessica,Hammond,joshuacook@example.com,80,NY,13394.55,2025-02-09
9639,Christian,Davenport,brian38@example.com,61,IL,35184.74,2025-05-27
9640,Misty,Tran,qlogan@example.net,76,NJ,4782.69,2025-04-23
9641,Nancy,Bradley,paynesteven@example.org,23,NY,28274.81,2022-10-18
9642,James,Garcia,brett62@example.org,81,WA,49060.83,2025-11-03
9643,Kevin,Johnson,tammy93@example.net,79,PA,1385.44,2025-04-17
9644,Amy,Sanchez,jasonfrazier@example.com,34,CA,3680.7,2022-08-27
9645,Dominique,Nguyen,nguyenrebecca@example.org,34,NJ,5957.9,2024-09-11
9646,Marie,Willis,ashley81@example.com,37,IL,36191.13,2026-05-28
9647,Amanda,Morris,carl56@example.com,63,PA,11913.75,2023-01-01
9648,Kevin,Singleton,stevenwilliams@example.com,37,WA,22498.16,2022-10-30
9649,Kelly,Johnson,ibrown@example.net,18,CT,28767.46,2026-03-14
9650,Bradley,Nelson,munozchristine@example.net,43,FL,29274.53,2022-12-25
9651,Robert,Gonzalez,mburns@example.net,82,PA,29669.49,2026-01-18
9652,William,Spears,hmueller@example.org,31,CA,26776.31,2025-10-31
9653,James,Chavez,hendricksbrittany@example.net,65,CA,40527.7,2026-02-11
9654,Jo,Larson,vsmith@example.com,27,TX,42115.89,2024-07-12
9655,Megan,West,smithbrett@example.org,74,NY,14121.12,2024-01-27
9656,Chad,Perez,lmartin@example.com,39,XX,45201.89,2023-06-21
9657,Abigail,Jones,wrightdavid@example.org,77,CA,41524.5,2022-03-20
9658,Makayla,Hunter,,76,CT,34799.56,2024-05-28
9659,Ryan,Johnson,ysmith@example.com,32,CT,45737.01,2022-01-11
9660,Karen,Morris,qmoore@example.org,56,IL,40535.13,2026-04-03
9661,Angela,Harmon,michael36@example.net,48,WA,20602.27,2026-06-17
9662,Tiffany,Jones,bonillamichael@example.net,67,INVALID,17291.35,2025-12-29
9663,Albert,Walker,kskinner@example.org,28,IL,46283.81,2026-02-13
9664,Danielle,Aguirre,bobfernandez@example.org,48,NY,8890.86,2023-12-27
9665,Cindy,Winters,josephsullivan@example.org,78,FL,11781.72,2025-12-23
9666,Brittany,Johnson,kbrandt@example.com,73,FL,24000.82,2023-11-27
9667,Kevin,Beck,megan39@example.com,51,CT,9563.47,2022-04-16
9668,Jessica,Watkins,alexanderandrea@example.org,57,MA,31483.23,2024-11-24
9669,Rachel,Castillo,jacob27@example.org,61,CT,31131.8,2024-01-16
9670,Michele,Martin,reneegonzalez@example.net,77,IL,24770.37,2026-05-22
9671,Daniel,Key,jamesbryan@example.net,66,CA,23827.65,2025-10-21
9672,Matthew,Garcia,bhunter@example.com,61,TX,37634.17,2022-05-26
9673,Dawn,Flores,leecase@example.net,57,MA,44716.36,2022-09-09
9674,Lance,Jones,donovannancy@example.net,23,PA,30669.17,2025-07-12
9675,Matthew,Montgomery,qdavis@example.com,24,MA,13510.53,2021-09-30
9676,Mark,Silva,tmunoz@example.org,20,CT,6268.05,2022-01-17
9677,Matthew,Martin,rodriguezerika@example.com,78,WA,43207.2,2023-10-22
9678,Matthew,Williams,kathryn30@example.org,24,NJ,36049.75,2024-11-26
9679,Michelle,Johnson,pgibbs@example.org,54,NJ,30070.37,2022-07-29
9680,Brent,Taylor,mayerik@example.com,71,CA,24146.46,2023-12-16
9681,Mallory,Green,walter50@example.org,79,TX,6372.24,2022-08-21
9682,Timothy,Phillips,castrojoel@example.net,39,TX,19097.15,2021-11-24
9683,Andrew,Stewart,emorris@example.net,35,PA,18298.37,2022-10-06
9684,Patrick,Evans,gtorres@example.org,37,NJ,11041.19,2022-04-06
9685,Darren,Khan,anthonyburns@example.net,47,NJ,29771.64,2023-05-04
9686,April,Mccoy,swilson@example.com,28,CT,46147.63,2026-01-30
9687,Kathryn,Taylor,stephenray@example.net,25,NY,33938.5,2022-08-04
9688,Angela,Thompson,april74@example.org,36,FL,12086.34,2023-08-23
9689,Colleen,Wilson,bruce77@example.com,32,FL,9217.33,2023-01-08
9690,Meghan,Johnson,ferrellnicole@example.net,41,TX,15536.96,2025-11-08
9691,Zachary,Howard,ronaldcollins@example.org,26,CT,24567.12,2024-12-24
9692,Chelsea,Butler,wilsonanthony@example.org,60,TX,28578.89,2024-06-18
9693,Suzanne,Moreno,milessteven@example.org,19,NJ,31706.72,2024-12-26
9694,Scott,Morgan,kenneth40@example.net,84,CT,6293.69,2024-05-02
9695,Vincent,Stephenson,leahmartin@example.net,46,MA,48944.57,2022-08-28
9696,Kurt,Davis,meyerkenneth@example.org,85,CT,22418.76,2024-07-24
9697,Rickey,Marquez,robert08@example.com,57,PA,7895.73,2022-10-16
9698,Andrea,Walker,coryduran@example.org,49,CA,30822.84,2025-07-30
9699,Kenneth,Gonzalez,gfisher@example.org,71,FL,39375.83,2024-10-10
9700,David,Sanchez,cooperjuan@example.com,28,CA,12459.82,2026-03-17
9701,Jane,Clarke,susan75@example.com,20,PA,8308.2,2022-10-27
9702,Megan,Perez,grahammaxwell@example.com,38,CT,23248.67,2021-12-28
9703,Laura,Briggs,rbowman@example.com,48,TX,16222.36,2022-11-15
9704,Ashley,Carroll,lopezkaren@example.org,23,MA,7162.48,2026-04-24
9705,David,Thomas,astafford@example.net,20,WA,1896.78,2022-10-12
9706,Cynthia,Santos,aliciabeltran@example.net,25,TX,15030.7,2025-04-04
9707,Laura,Gregory,,76,TX,3377.68,not-a-date
9708,Rodney,Hodges,fischeralexandria@example.org,57,CT,7282.45,2026-01-10
9709,Lisa,Cruz,pwells@example.com,82,FL,12470.98,2023-04-27
9710,Patricia,Allen,olee@example.com,59,CA,12990.38,2023-12-26
9711,Sandra,Simon,darrenpayne@example.net,24,CT,8801.81,2026-07-31
9712,Melissa,Ruiz,zacharyortega@example.org,49,NY,20027.62,2025-09-13
9713,Joseph,Horton,cguzman@example.net,81,WA,7180.41,2023-02-08
9714,Marissa,Rojas,changdeborah@example.com,25,TX,22143.73,2024-08-24
9715,Christopher,Hays,berryamber@example.com,64,CT,47304.46,2023-02-17
9716,Mark,Anderson,,46,WA,9822.65,2024-02-10
9717,Alec,Johnson,rangelglen@example.org,47,WA,20012.28,2022-09-23
9718,Paul,Moore,fmitchell@example.org,20,CT,15973.24,2023-08-05
9719,Cassandra,Henry,sanchezandrea@example.org,45,WA,43256.32,2025-01-08
9720,Chad,Walker,lrios@example.org,62,PA,25669.21,2025-08-29
9721,Ryan,Murphy,hendersonapril@example.com,46,CA,22833.68,2022-05-15
9722,Debra,Jones,jonesrobin@example.net,49,IL,4930.4,2023-05-18
9723,Michael,Smith,smolina@example.net,46,MA,984.69,2024-01-24
9724,Andrew,Walker,domingueztyler@example.com,79,MA,13861.71,2025-09-18
9725,Timothy,Burke,flynnkayla@example.net,49,MA,2523.68,2022-07-18
9726,Douglas,Wood,pamelawright@example.org,47,TX,15511.31,2022-08-17
9727,Heather,Malone,zhernandez@example.net,40,PA,14656.01,2021-11-18
9728,Meghan,Jackson,mcardenas@example.org,78,CT,1081.94,2022-03-30
9729,Amanda,Diaz,glen18@example.com,65,MA,35728.97,not-a-date
9730,Jeffrey,Howard,,76,PA,2748.24,2024-04-26
9731,Julian,Anderson,jessicarichards@example.net,47,CA,2241.12,2025-10-18
9732,Michelle,Lindsey,paulsaunders@example.org,27,TX,2409.89,2023-09-05
9733,Nancy,Parker,ann04@example.org,49,PA,16332.68,2026-03-03
9734,Melanie,Davies,diana89@example.com,21,FL,35435.09,2021-09-07
9735,Caitlin,Walsh,kglover@example.net,64,CA,16213.31,2023-07-31
9736,Victor,May,invalid-email,81,NJ,40198.59,2025-07-31
9737,James,Morgan,bcollier@example.com,52,NJ,13669.14,2022-02-25
9738,William,Russell,mario02@example.com,37,CT,47315.17,2023-02-24
9739,Dennis,Harris,,68,CT,3560.32,2022-05-23
9740,Ruth,Foster,zberry@example.com,38,CA,40650.61,2023-05-18
9741,Christopher,Clark,katiesteele@example.com,29,PA,16037.1,2026-04-28
9742,Scott,Yang,jessemccarthy@example.net,83,NJ,47069.02,2023-07-23
9743,Emily,Griffin,awilson@example.com,84,NY,29319.13,2026-06-05
9744,Traci,Snyder,uolson@example.net,49,CA,45170.93,2026-06-25
9745,Johnny,King,robyn06@example.net,62,MA,36461.3,2024-08-16
9746,Michael,Miller,millerdonna@example.com,57,WA,48049.9,2023-05-08
9747,Laura,Woodward,spencerpeters@example.net,26,WA,35647.53,2022-07-31
9748,Douglas,Maldonado,ingramjoseph@example.com,78,NY,16659.08,2023-12-24
9749,Charlotte,Santana,brandyfrench@example.org,81,CA,17897.12,2022-05-21
9750,Stacy,Castro,emmacruz@example.net,33,TX,21612.13,2025-12-22
9751,Joseph,Davis,,47,PA,47939.62,2025-10-31
9752,Shannon,Mcpherson,christopher12@example.org,34,CT,20478.98,2025-11-05
9753,Carl,Cannon,cruzstacy@example.org,20,TX,6016.23,2026-01-03
9754,Amy,Thompson,shawnhammond@example.com,70,PA,42268.79,2026-04-09
9755,Steven,Martinez,matthew49@example.net,27,IL,32856.66,2025-06-09
9756,Kayla,Hunter,alec81@example.org,73,MA,15797.14,2025-10-10
9757,Michael,Thomas,josephestrada@example.com,19,NJ,22910.07,2023-10-01
9758,Robert,Mills,austinpaul@example.com,27,CA,2076.78,2023-01-30
9759,James,Black,hperez@example.org,37,NJ,15719.62,2025-08-28
9760,Mackenzie,Wilcox,mross@example.org,67,IL,40433.78,2021-10-31
9761,Scott,Lee,john96@example.com,71,WA,22269.63,2022-01-10
9762,Rebecca,Davis,,27,CT,9492.37,2025-09-18
9763,Ashley,Arnold,stephentaylor@example.net,45,TX,1198.93,2024-09-05
9764,Gabrielle,Rivera,charles09@example.net,82,NJ,37258.15,2023-11-26
9765,Mariah,Peterson,tjimenez@example.org,22,NY,2206.57,2021-09-07
9766,Thomas,Vega,gwilliams@example.org,54,TX,36636.71,2025-07-27
9767,April,Joyce,rjohnson@example.org,24,MA,29994.79,2026-04-09
9768,Nichole,Myers,fjones@example.org,80,IL,26222.25,2024-04-13
9769,Brian,Watson,karen27@example.net,30,IL,29694.84,2021-09-28
9770,Lindsay,Murphy,,-10,CT,39962.43,2026-05-25
9771,Lauren,Miller,itaylor@example.com,68,NY,19293.69,2025-09-08
9772,Lisa,Green,ncampbell@example.org,49,IL,26150.14,2025-03-31
9773,Tyler,Jackson,elainebrown@example.net,70,IL,23656.61,2022-08-15
9774,Marcus,Perry,james93@example.org,63,NY,26372.11,2023-04-08
9775,David,Adams,christopher86@example.org,63,TX,46548.18,2022-02-16
9776,Debra,Livingston,nholmes@example.net,23,CA,31385.53,2024-11-09
9777,Robert,Harrison,dtanner@example.net,66,CA,49663.05,2022-08-23
9778,Hailey,Chandler,patrick80@example.net,38,TX,23931.65,2026-05-07
9779,Marcus,Watts,jkim@example.org,85,NJ,601.58,2026-04-27
9780,Melissa,Robinson,alicia86@example.net,37,FL,7829.65,2022-12-23
9781,Michelle,Baxter,martinezmark@example.org,18,IL,5612.99,2024-11-18
9782,William,Mcbride,dorisbrock@example.com,55,FL,7716.89,2022-04-01
9783,Adam,Thomas,invalid-email,42,FL,10538.92,2025-10-29
9784,Marcus,Alvarez,dominguezjeffrey@example.org,71,CT,887.13,2023-07-07
9785,Gilbert,Villegas,stephaniebeck@example.net,84,MA,36357.59,not-a-date
9786,Randy,Serrano,dmckinney@example.org,21,IL,11097.26,2023-08-16
9787,Michael,Smith,goldenthomas@example.net,69,WA,22172.23,2024-09-17
9788,Monica,Bonilla,montgomeryjasmine@example.net,84,WA,29199.41,2026-05-12
9789,Chelsea,Nguyen,ywarner@example.com,65,NY,32077.16,2024-11-14
9790,Chelsea,Hardy,dillonlee@example.com,62,CT,30378.24,2025-02-05
9791,John,Horton,jennifer01@example.net,44,TX,23072.53,2026-08-04
9792,Thomas,Wilson,carrilloandrew@example.net,28,CT,19376.41,2022-05-04
9793,Steven,Thompson,eallen@example.com,51,WA,1765.93,2023-02-09
9794,Erica,Davis,whitneycarroll@example.net,73,TX,26342.76,2023-11-19
9795,Jeffrey,Ramirez,obrienmatthew@example.com,71,FL,18628.71,2022-11-08
9796,Kelly,Richards,kimberlyreyes@example.com,61,FL,44660.77,2022-04-30
9797,Edwin,Luna,ylevine@example.org,28,TX,15216.1,2024-08-02
9798,Miranda,West,ebonyhenderson@example.org,73,NJ,17554.71,2024-02-21
9799,Courtney,Miller,allisonmurillo@example.org,64,TX,10361.41,2022-07-23
9800,Jeffrey,Kennedy,zsmith@example.net,56,MA,46306.42,2022-08-11
9801,Justin,Ellis,hannahwright@example.org,29,IL,2440.73,2022-06-07
9802,Brianna,Harris,kelleyjonathan@example.net,74,MA,29428.56,2023-01-11
9803,Desiree,Aguilar,fbell@example.net,36,NJ,35987.96,2025-07-18
9804,Natalie,Moore,ann72@example.com,35,CA,26462.8,2021-09-26
9805,Lacey,Zamora,odawson@example.org,62,TX,16563.82,2022-04-18
9806,Evelyn,Robinson,rileynicole@example.org,45,MA,38526.52,2022-10-31
9807,Sarah,Collins,cassandrapark@example.com,79,FL,39730.09,2025-01-04
9808,Jeremy,Lane,ann32@example.net,20,MA,4971.08,2023-10-01
9809,Benjamin,Austin,thompsonallison@example.net,81,IL,24051.57,2023-03-05
9810,Kristie,Salazar,mevans@example.org,130,TX,5386.56,2022-11-13
9811,Melissa,Williams,hughessarah@example.net,54,IL,24024.33,2024-08-05
9812,Denise,Suarez,ricky06@example.net,37,NJ,42605.7,2025-08-18
9813,Patrick,Foster,daniellozano@example.com,36,CT,33239.32,2023-12-29
9814,Whitney,Washington,kevinjohnson@example.com,35,CA,47765.25,2024-04-30
9815,Samantha,Gonzales,timothywalter@example.net,55,CA,16062.49,2022-08-16
9816,Robert,Dunn,czimmerman@example.org,25,CA,14789.37,2025-10-04
9817,Kevin,Barajas,medinawanda@example.net,-10,IL,49676.39,2025-06-02
9818,Christina,Andrade,sanderssamantha@example.net,22,WA,29307.46,2022-04-22
9819,Natalie,Patton,xray@example.net,44,WA,42331.79,2025-05-06
9820,John,Espinoza,erindorsey@example.com,69,FL,11845.08,2023-09-08
9821,Wayne,Rivers,robertacain@example.org,83,FL,6755.23,2023-08-12
9822,Logan,Price,christinepugh@example.net,66,NY,19586.39,2025-02-23
9823,Sarah,Brooks,lindseyray@example.org,19,MA,39916.7,2025-09-12
9824,Patricia,Sims,,54,MA,26307.6,2026-05-03
9825,Colton,Elliott,aaron98@example.net,25,NJ,1495.43,2023-12-24
9826,Randall,Wiggins,shannonbutler@example.com,28,CT,11170.08,2023-05-22
9827,David,Smith,sandramurillo@example.com,38,WA,15360.67,2025-10-24
9828,Christian,Kirby,jimmysimpson@example.org,46,NJ,24585.93,2022-11-21
9829,Steven,Campbell,amber19@example.net,53,NY,21884.15,2025-03-04
9830,Christina,Macias,roy51@example.net,70,CA,49518.48,2024-04-18
9831,Rodney,Colon,vlewis@example.org,70,TX,7630.2,2025-07-26
9832,Anthony,Harris,emily97@example.net,81,MA,17961.31,2025-10-10
9833,Cheryl,Garcia,wmartinez@example.org,84,WA,39922.36,2025-02-02
9834,Michael,Stone,nancyshaw@example.net,38,PA,16841.19,2025-01-22
9835,Ethan,Lewis,james02@example.com,75,CA,31591.82,2022-05-18
9836,Alexander,Martinez,robertsellen@example.net,25,NJ,8296.68,2025-02-08
9837,Brandon,Mendoza,nicoleyoung@example.com,49,NJ,6481.96,2024-02-09
9838,Aaron,Willis,gibarra@example.net,54,NJ,18614.02,2023-04-12
9839,Benjamin,Graham,hjones@example.net,77,FL,42655.78,2022-05-22
9840,David,Frost,hamiltonivan@example.com,31,PA,17971.29,2026-04-27
9841,Cheryl,Alvarez,invalid-email,65,IL,28193.1,2026-03-26
9842,Alyssa,Patrick,kevin46@example.org,23,CT,5114.45,2022-02-01
9843,Ashley,Chang,kevin57@example.org,84,PA,38610.14,2025-01-13
9844,Madeline,Alexander,phillipsstacey@example.net,82,NJ,16840.71,2025-02-19
9845,Debra,Jones,paulmartinez@example.com,70,TX,21567.82,2025-11-27
9846,Grace,May,charlesclayton@example.org,32,PA,10875.49,2022-02-08
9847,Gina,Rodriguez,zpratt@example.org,34,FL,26360.22,2023-02-21
9848,Brandy,Melendez,aconley@example.org,55,CT,24295.71,2026-04-03
9849,David,Brown,whunt@example.org,22,WA,27843.69,2023-09-27
9850,Sherry,Forbes,davidsonroger@example.org,42,TX,4144.88,2026-08-16
9851,Brett,Arnold,stephanie51@example.net,35,FL,19545.4,2025-08-23
9852,Wayne,Jackson,iharrington@example.net,59,IL,40515.68,2022-12-09
9853,Ernest,Nichols,rodriguezroberto@example.com,54,CT,15146.55,2025-09-02
9854,Justin,Brennan,rmartin@example.net,19,PA,8003.53,2025-05-14
9855,Laura,Stewart,tyler85@example.net,51,IL,7458.76,2022-03-05
9856,Tami,Robinson,lbell@example.org,68,MA,36209.35,2022-10-01
9857,Michael,Arnold,amydavis@example.com,49,FL,11735.27,2022-03-11
9858,Brittany,Reyes,,27,CT,18349.56,2026-01-24
9859,Christie,Walton,kylelindsey@example.com,46,NY,41879.91,2024-03-24
9860,Thomas,Rivera,okelly@example.org,32,IL,1578.31,2022-07-31
9861,Mario,Ramirez,rodneyrios@example.org,37,TX,33952.0,2022-02-24
9862,Gina,Velasquez,shernandez@example.net,33,CT,39399.31,2024-08-01
9863,Savannah,Marshall,kristintaylor@example.com,49,WA,20438.21,2023-03-31
9864,Tom,Greene,gedwards@example.net,67,NY,1225.36,2023-01-22
9865,Brittany,Wright,jennifersanders@example.org,76,ZZ,43667.88,2024-09-19
9866,Lisa,Reynolds,mcgrathlarry@example.com,33,NY,40729.14,2024-02-05
9867,Michael,Cohen,esimpson@example.net,34,CA,42349.95,2022-12-04
9868,Crystal,Murphy,wendy96@example.org,66,WA,7150.73,2022-12-13
9869,Nancy,Orozco,tchavez@example.org,56,FL,20460.35,2026-03-23
9870,Juan,Calderon,samanthaking@example.org,45,CT,3169.53,2023-04-05
9871,Patricia,Stuart,tiffanywalker@example.org,23,MA,13091.68,2022-04-22
9872,Steven,Matthews,qlee@example.org,53,NY,9900.21,2023-04-05
9873,Spencer,Wilson,rramirez@example.org,26,IL,5182.23,2022-04-12
9874,Ryan,Wilcox,harrisonlisa@example.net,31,CT,485.37,2024-06-16
9875,Danielle,Bishop,dawn27@example.net,61,NY,34870.38,2026-05-21
9876,Laura,Holmes,gomezkristi@example.com,47,PA,15743.14,2021-11-19
9877,Jasmine,Perry,zhayden@example.net,32,INVALID,43693.71,2021-08-27
9878,Donald,Hart,angelreed@example.com,18,CT,15590.96,2024-11-13
9879,Jesse,Myers,brandon97@example.com,22,IL,18057.92,2022-05-13
9880,Amy,Martin,howeerik@example.net,18,WA,37242.01,2024-05-19
9881,Sara,Carey,bsanchez@example.net,24,TX,22661.77,2024-06-22
9882,Karen,Bryant,nathanielcooley@example.org,55,IL,22938.56,2023-10-31
9883,Kayla,King,woodwardpatricia@example.com,45,NY,1089.05,2025-12-14
9884,Edward,Smith,frankstone@example.org,31,CT,40466.21,2026-08-18
9885,Todd,Wilson,scampos@example.net,63,TX,13588.31,2026-01-06
9886,Lindsey,Jackson,pherrera@example.com,78,PA,47318.3,2022-07-30
9887,Amy,Hansen,josephmurray@example.net,37,FL,16406.11,2025-07-16
9888,Joshua,Steele,marissa58@example.org,78,WA,13439.66,2025-10-09
9889,Sarah,Little,danieldyer@example.com,24,FL,36282.2,2021-11-13
9890,Cheryl,Schultz,smorgan@example.com,21,MA,10739.73,2021-10-23
9891,Deanna,Weber,hectorreid@example.com,75,CT,12913.56,2023-07-07
9892,Amy,Craig,douglaskirby@example.net,85,FL,185.5,2021-12-16
9893,Regina,Miller,dunndouglas@example.net,47,MA,30422.93,2022-03-25
9894,Joseph,Lewis,ashley77@example.com,47,TX,37389.7,2026-07-26
9895,Crystal,Sparks,jasonramos@example.net,250,NY,9291.11,2022-10-15
9896,Willie,Horn,joshua08@example.com,69,CT,3540.42,2024-01-27
9897,Michelle,Davis,invalid-email,67,INVALID,11207.37,2025-12-20
9898,Jessica,Salazar,zfrank@example.net,72,FL,17529.64,2023-01-14
9899,Leslie,Meyer,pamelakelly@example.com,26,IL,2273.66,2022-11-11
9900,Zachary,Lam,rebeccamartin@example.com,80,TX,12071.79,2021-09-04
9901,Raymond,Gregory,,22,NY,1338.11,2021-10-18
9902,Lisa,Levine,rebecca77@example.org,69,CA,14766.13,2024-10-24
9903,Jason,Ryan,cortezjonathon@example.com,30,PA,16105.96,2025-07-21
9904,Paul,Sanchez,millerselena@example.com,68,NJ,19424.87,2023-07-06
9905,David,Scott,grossdanielle@example.net,54,NJ,3071.64,2026-08-15
9906,Cynthia,Rhodes,daltonlawrence@example.net,74,CT,47529.16,not-a-date
9907,Danielle,Ray,lisa26@example.net,69,FL,29972.36,2024-12-31
9908,Erin,Wilson,holly80@example.org,66,WA,40815.43,2021-08-30
9909,Debra,Davis,craigmiles@example.net,52,IL,12616.28,2024-05-12
9910,Ashley,Jenkins,lancecarr@example.org,26,FL,605.85,2026-05-25
9911,Andrea,Hess,julia59@example.com,49,TX,40406.18,2025-07-21
9912,Alexander,Oliver,ortizthomas@example.com,21,NJ,46067.66,2026-01-14
9913,April,Garcia,,76,FL,196.44,2022-07-18
9914,John,Reed,rojasjeremy@example.org,27,FL,24314.33,2023-08-19
9915,Robert,Garcia,jose09@example.net,46,FL,15659.93,2026-06-27
9916,Michael,Moore,lwarner@example.net,57,WA,9863.53,2025-11-13
9917,Samuel,Mcfarland,jeremyrhodes@example.net,43,NJ,22207.56,2025-07-29
9918,Timothy,Ryan,robert73@example.org,31,NY,46578.87,2023-11-23
9919,John,Hopkins,obarber@example.net,27,FL,5330.85,2025-02-26
9920,Sean,Valdez,bentleycory@example.net,72,NJ,49635.02,2025-03-26
9921,Jennifer,Marshall,invalid-email,53,WA,1181.3,2025-09-29
9922,Michael,Cooper,fjohnson@example.org,29,CT,14330.7,2023-01-01
9923,Sarah,Singleton,emily65@example.net,29,CA,16709.38,2022-05-28
9924,Anthony,Lowe,rthompson@example.com,72,FL,13965.8,2025-06-10
9925,David,Brown,invalid-email,47,ZZ,33279.17,2025-11-03
9926,Stephen,Brown,jennifer58@example.org,84,CT,33179.6,2023-07-13
9927,Brittany,Garner,lunaleslie@example.com,70,CA,18701.28,2025-02-02
9928,Becky,Rogers,eugenejones@example.net,38,MA,28377.35,2021-09-04
9929,Robert,Wallace,invalid-email,130,FL,38807.75,2026-07-13
9930,Alexander,Sims,qharris@example.com,21,MA,36344.64,2024-02-22
9931,Stephanie,Martinez,psuarez@example.org,64,MA,45343.58,2023-10-26
9932,Amy,Willis,,25,CT,30859.44,2023-10-23
9933,Stephen,Marshall,hclayton@example.net,41,TX,31325.39,2025-04-04
9934,Kristine,Scott,cummingsmelissa@example.com,62,MA,35967.05,2022-07-22
9935,Kristin,Young,moorelisa@example.com,32,WA,23881.13,2021-12-02
9936,Melissa,Roberts,grantsteven@example.com,76,MA,5188.28,2022-01-26
9937,Julia,Ibarra,charles14@example.com,76,MA,48076.45,2021-11-21
9938,Nicole,Nunez,hernandezdonna@example.org,56,TX,34723.53,2023-10-12
9939,James,Thomas,villanuevadoris@example.net,37,CT,25328.34,2023-11-15
9940,Linda,Smith,lewiskenneth@example.org,-1,MA,39638.99,2025-05-15
9941,Bobby,Cunningham,iodonnell@example.net,62,IL,18805.79,2026-04-02
9942,Paul,Cooper,cbrooks@example.com,60,MA,41779.68,2026-08-02
9943,Victoria,Allen,timothyoliver@example.net,37,FL,32942.65,2022-01-22
9944,Jesse,Stephens,acraig@example.com,67,IL,22661.75,2026-01-30
9945,Alexander,Glass,jasonbennett@example.org,29,CT,35064.77,2026-02-27
9946,Kelly,Bird,whull@example.org,48,CT,28825.35,2022-01-17
9947,Cynthia,Rhodes,nataliewilliams@example.org,33,FL,45870.55,2025-05-04
9948,Geoffrey,Bowen,youngbenjamin@example.org,67,FL,46861.28,2023-11-17
9949,Maxwell,Cole,ugraham@example.org,73,NJ,18264.56,2024-06-24
9950,Kevin,Herrera,,30,FL,43635.68,2025-03-06
9951,Ruth,Burns,brittany79@example.org,58,FL,30376.25,2025-11-18
9952,Steven,Henson,millerbrittany@example.com,33,NY,19429.06,2024-11-24
9953,Steven,Salazar,oconley@example.com,61,NJ,19660.07,2022-08-29
9954,Thomas,Good,burkeluis@example.com,42,CA,37505.77,not-a-date
9955,Andrea,Blankenship,hedwards@example.org,68,CT,20032.21,2023-12-21
9956,James,Becker,nfoster@example.com,75,NJ,5081.22,2022-06-12
9957,Elijah,Donaldson,rcarpenter@example.com,55,CA,18030.96,2022-11-01
9958,Jacqueline,Stephens,matthew27@example.org,18,MA,29964.99,2023-01-09
9959,Danielle,Kim,latoyahuff@example.net,48,CT,33070.6,2023-11-14
9960,Deborah,Barker,donnadavis@example.net,78,NY,36214.93,2022-05-16
9961,Peggy,Jackson,ybishop@example.org,68,TX,47688.23,2023-06-20
9962,Ashley,Hutchinson,qferguson@example.com,37,CA,16107.71,2021-09-03
9963,Robert,Martinez,moralesmatthew@example.com,25,CA,1192.68,2023-05-27
9964,Christopher,Hester,youngmichael@example.net,40,TX,-3588.72,2022-02-23
9965,Melissa,Byrd,perrydestiny@example.com,18,NJ,33340.46,2023-10-01
9966,Gabriella,Gill,lbarrett@example.net,32,NJ,4158.21,2022-02-26
9967,Tamara,Smith,jessica38@example.org,59,TX,3689.98,2026-03-21
9968,Rebecca,Coleman,jennifermorrison@example.org,27,WA,22983.66,2024-02-07
9969,Devin,Potts,robertmiles@example.org,51,CT,48397.14,2021-09-12
9970,Erin,Swanson,cbates@example.org,83,NY,6965.75,2025-10-10
9971,Calvin,Garcia,agonzalez@example.net,29,MA,60.37,2024-12-07
9972,Christina,Rodriguez,christopher80@example.org,83,PA,32757.43,2022-12-24
9973,Timothy,Garcia,markpreston@example.org,42,IL,42684.72,2021-09-25
9974,Jared,Romero,washingtonbrian@example.org,66,WA,31224.67,2021-09-06
9975,Donna,Bell,shelley50@example.net,69,FL,6392.84,2026-01-24
9976,Kara,Hayes,solomonbrian@example.com,45,NY,3068.07,2026-04-14
9977,Bridget,Cannon,jeffreykelly@example.net,51,IL,6243.45,2022-12-15
9978,Leah,Lucas,chelsea32@example.net,77,MA,31406.48,2025-07-19
9979,Sandra,Byrd,laurathomas@example.net,70,CA,48471.36,2024-12-02
9980,Robin,Sanchez,robinsoncristina@example.org,71,NY,30295.42,2022-04-22
9981,Tina,English,,34,NY,38605.0,2025-02-14
9982,Stacie,Baker,omccullough@example.org,85,IL,6810.63,2024-08-28
9983,Jennifer,Garcia,francosean@example.net,35,NJ,20533.04,2025-03-28
9984,Alexander,Chandler,ybarnes@example.com,28,IL,36361.75,2024-04-09
9985,Matthew,Benitez,kellycurtis@example.net,-10,CT,6078.21,2022-11-04
9986,Erika,Stevens,jeffery01@example.net,67,NY,31903.75,2021-12-31
9987,Kathleen,Vega,jameslucero@example.org,46,NJ,7777.03,2022-08-27
9988,Jason,Thornton,andrew05@example.org,70,CT,38228.85,2022-09-26
9989,Susan,Noble,villanuevakristin@example.org,73,WA,11936.79,2023-08-10
9990,Lauren,Acosta,shawkins@example.com,82,MA,15843.21,2025-01-13
9991,Shannon,Friedman,,26,TX,42380.83,2026-01-26
9992,John,Sanchez,,73,CT,747.53,2022-06-23
9993,Mary,Lopez,richardjensen@example.org,49,PA,11266.41,2026-05-07
9994,Shannon,Fields,ljohnson@example.net,26,WA,36708.63,2023-02-22
9995,Alexis,Matthews,erivera@example.org,40,CA,6995.6,2025-07-12
9996,Ashley,Jacobs,tonya99@example.com,37,TX,40252.16,2023-05-24
9997,Taylor,Combs,crystal45@example.net,31,PA,19026.72,2026-06-30
9998,Sherry,Hopkins,cbrown@example.org,48,FL,29158.67,2022-06-09
9999,Brittany,Glover,kenneth21@example.org,59,PA,-247.01,2024-05-10
10000,Jill,Robinson,townsendnatalie@example.org,58,PA,45349.87,2025-06-16
4887,Tony,Hughes,sarahjacobs@example.org,80,INVALID,26636.96,2025-12-04
3531,Stephanie,Brown,colleenwilliams@example.net,43,TX,29261.24,2022-10-13
502,Abigail,Warren,,21,TX,2662.84,2026-08-12
6656,Richard,Huffman,tparker@example.com,26,NJ,14216.11,2024-07-17
5532,Eric,Bailey,crodriguez@example.com,47,IL,12151.47,2024-08-07
8758,Christopher,Hardy,state@example.org,63,WA,1459.62,2024-01-25
8044,Christopher,Davis,john18@example.org,73,TX,1198.3,2023-08-08
4804,Joshua,Torres,katiesilva@example.com,76,XX,41717.46,2022-01-14
4675,Bryan,Fuentes,jane92@example.net,78,NY,885.49,2026-02-15
8876,Misty,Mcgee,bryan02@example.org,63,TX,5327.59,2022-07-11
8621,Regina,Lewis,kimberly21@example.com,22,PA,1039.56,2026-08-08
9045,Thomas,Hoover,masontony@example.com,28,NY,1315.84,2026-03-19
3158,Matthew,Williams,laurenallen@example.net,53,PA,12799.36,2022-03-24
2804,George,Bartlett,madison75@example.net,35,CA,33514.78,2025-03-08
3988,Tammy,Kennedy,christopher56@example.net,39,FL,42.16,2021-11-10
7670,Christie,Davis,jacobmata@example.org,130,NJ,34591.41,2022-01-22
5490,Samuel,Cruz,carrolldiane@example.com,74,TX,31348.88,2024-02-24
9827,David,Smith,sandramurillo@example.com,38,WA,15360.67,2025-10-24
86,Deborah,Smith,gshort@example.com,49,WA,29725.96,2026-06-09
9467,Brian,Jenkins,,67,NJ,9779.75,2024-11-03
8076,Daniel,Hendricks,lauracochran@example.org,23,NY,44982.22,2022-09-08
3056,Jessica,Adams,krauseaaron@example.com,35,FL,24890.26,2022-10-07
2329,Christine,Dixon,invalid-email,72,FL,34136.92,2022-11-02
8596,Tammy,Russell,gainesjoseph@example.org,60,FL,39429.54,2022-01-18
5326,Jennifer,Johnston,paulabrooks@example.net,29,CA,36194.96,2026-03-26
2317,Nicole,Wilcox,miranda13@example.org,70,CA,33583.6,2023-04-02
6125,Shelly,Cowan,,29,IL,28700.12,2024-11-11
9018,James,Browning,,47,MA,12867.71,2025-03-14
5533,Shaun,Jackson,kristinraymond@example.net,32,IL,8860.83,2023-05-28
4495,Jason,Larson,hdavis@example.net,57,MA,47013.64,not-a-date
5834,Patricia,Price,molly64@example.org,59,TX,9150.77,2026-06-22
5184,Ashley,Murphy,jeanette90@example.org,30,WA,200.47,2024-06-12
1845,Jennifer,Jones,tylerduncan@example.net,40,NY,18710.78,2021-09-16
3467,Trevor,Pierce,mitchellmichael@example.com,51,NY,46346.39,2025-03-31
1874,James,Morgan,donnagiles@example.com,28,FL,28389.47,2022-07-14
9439,Robert,Torres,xgarrett@example.net,84,TX,21458.21,2022-07-18
6895,Kristin,Parker,erikawest@example.com,32,NY,18991.54,2023-09-10
393,William,Adkins,debbie37@example.com,73,NY,39654.8,2022-03-12
3519,Christopher,Lopez,ashley79@example.org,19,FL,46361.65,2025-09-21
5093,Donna,Burke,peterhamilton@example.com,59,TX,32920.24,2023-03-11
8510,Leslie,Lewis,xthompson@example.net,78,CA,39354.16,2024-03-21
2705,Gerald,Thomas,vdougherty@example.com,46,CT,35941.83,2022-11-18
3854,Kristine,Payne,meganpatrick@example.com,44,FL,29670.48,2023-08-09
7019,Rebecca,Hunter,gutierrezkevin@example.net,32,WA,1626.45,2022-04-21
8121,Kyle,Reed,shaun46@example.net,39,NY,47264.43,2023-02-09
8891,Robert,Cross,beardronald@example.org,55,IL,11338.21,2026-02-06
9189,Ann,Nelson,,58,PA,23609.1,2023-10-27
3379,Melanie,Smith,kevinmarshall@example.org,75,PA,8990.32,2022-06-10
8976,Billy,Andrews,otorres@example.net,46,CT,48731.05,2026-03-08
8013,Mary,Burns,vegaapril@example.org,53,CT,2235.62,2023-04-16
3203,Hannah,Dean,andreawalker@example.org,67,FL,36067.17,2021-08-25
6495,James,Baxter,,85,IL,8566.87,2024-09-26
9218,James,Nunez,veronica73@example.com,66,WA,28424.04,2024-05-04
3155,Victoria,Williams,blakeshelton@example.org,51,PA,20417.14,2024-08-18
2382,James,Lambert,catherinemoore@example.com,65,PA,48402.89,2026-03-30
3941,Christopher,Frost,heatherthompson@example.net,82,TX,8648.41,2024-07-04
8715,Craig,Lee,michellehamilton@example.com,81,CT,2484.98,2026-02-22
279,Sheena,Rosales,znelson@example.org,24,MA,25921.97,2023-04-15
534,Kimberly,Love,shermanbrandon@example.net,78,CT,1831.04,2025-10-27
4229,Robert,Zamora,vazquezsydney@example.com,73,CT,23285.76,2022-07-17
3857,Kelsey,Patel,,47,NJ,38370.42,2024-03-09
6738,Jennifer,Medina,xrivera@example.org,55,IL,30091.47,2025-07-05
4184,Adam,Terry,robert77@example.com,38,CA,47835.35,2025-07-05
7193,Patricia,Lewis,pberry@example.net,78,NJ,19446.68,2022-02-10
5966,Lisa,Garza,,68,FL,35548.35,2023-11-23
8502,Angela,Wilson,robinsontracy@example.org,35,NJ,28114.56,2026-04-11
5099,Christopher,Davis,david22@example.com,41,TX,1922.45,2023-03-09
6772,Kelly,Scott,sarah09@example.com,72,PA,9211.84,2023-08-05
6900,Charles,Crosby,walkersamuel@example.net,71,TX,20492.96,2024-09-20
4481,Michelle,Martin,dcooper@example.net,67,MA,17588.28,2025-06-30
8475,Kelly,Williams,fischermark@example.org,77,IL,49198.3,2024-09-10
7058,Alexis,Goodwin,james68@example.com,36,WA,48142.64,2024-03-16
7858,Susan,Maddox,johngrimes@example.net,44,PA,41177.3,2022-12-18
4355,Tammy,Kidd,bruceray@example.com,31,CT,42116.25,2025-08-20
1610,Melissa,Townsend,jessica39@example.net,44,FL,19456.15,2026-01-05
6438,George,Roberts,kathleen20@example.com,35,NJ,12681.05,2023-03-26
3783,Jennifer,Scott,jessica82@example.net,81,CT,4343.19,2024-06-24
8047,Chris,Brown,jennifer98@example.net,67,PA,36357.77,2023-03-23
1448,Stephanie,Fowler,natalie87@example.net,78,WA,29990.69,2022-07-04
2135,Barbara,Blair,travisyoung@example.com,38,IL,15077.99,2022-09-08
633,Nicolas,Garcia,chloe42@example.net,49,NJ,28628.51,2022-12-12
6559,Mary,Hurley,invalid-email,51,FL,8531.37,2022-02-24
3736,Dawn,Jones,jacquelineholt@example.org,82,NY,45731.78,2025-04-13
1731,Jack,Mcdonald,mcox@example.net,20,NJ,12369.61,2026-06-28
7494,Teresa,Pearson,meaganevans@example.net,72,NJ,16873.05,2025-09-21
5455,Elizabeth,Saunders,charlenewalker@example.org,71,NJ,32096.8,2023-06-01
5656,Jared,Rodriguez,xmurphy@example.net,37,NJ,6486.83,2021-11-08
2764,Johnny,Meyer,aaronwiley@example.net,68,TX,10210.23,2024-05-29
9423,Matthew,Taylor,john07@example.org,27,CT,9478.08,2025-02-17
7247,Frank,Todd,jorge30@example.com,41,IL,25809.72,2025-12-09
7878,Sherri,Villanueva,leslierocha@example.net,43,CT,28776.73,2025-07-28
6548,Mallory,Smith,breanna89@example.org,31,MA,10220.56,2024-08-28
612,Madeline,Ruiz,qdavis@example.org,42,CA,27661.15,2023-06-27
1997,Robert,Castro,jamesevans@example.net,68,WA,185.19,2025-02-20
4263,Sara,Baker,oporter@example.org,56,MA,49985.33,2022-07-27
5872,Greg,White,mcknightfernando@example.net,49,PA,24375.34,2023-09-25
8412,Raymond,Mosley,smithsheena@example.net,55,FL,36695.84,2025-04-28
4947,Michael,Hogan,margaretochoa@example.net,49,NY,22612.29,2022-12-26
80,Michael,Santos,websterstefanie@example.org,25,CA,2858.26,2025-10-30
8403,Douglas,Miller,timothywhite@example.com,66,CT,35000.69,2025-04-02
